ALTER SESSION SET nls_date_format='dd-Mon-yyyy';


    CREATE TABLE Factories(
        factory_id NUMBER GENERATED BY DEFAULT AS IDENTITY,
        name VARCHAR2(50),
        country VARCHAR2(50) NOT NULL,
        postal_code VARCHAR2(50) NOT NULL,
        city VARCHAR2(50) NOT NULL,
        PRIMARY KEY(factory_id)
    );
    
    CREATE TABLE Safety_measurements(
        s_measure_id NUMBER GENERATED BY DEFAULT AS IDENTITY,
        collision_test INT,
        safety_class INT,
        body_durability FLOAT,
        brakes_efficience FLOAT,
        acceptance_date DATE,
        PRIMARY KEY(s_measure_id)
    );
    
    CREATE TABLE SKU(
        sku_id NUMBER GENERATED BY DEFAULT AS IDENTITY,
        name VARCHAR2(50),
        introduction_date DATE,
        withdrawal_date DATE,
        PRIMARY KEY(sku_id)
    );
    
    CREATE TABLE Stock(
        serialNumber_id NUMBER GENERATED BY DEFAULT AS IDENTITY,
        serialNumber VARCHAR2(50),
        production_date DATE,
        factory_id INT,
        sku_id INT,
        s_measure_id INT,
        PRIMARY KEY(serialNumber_id),
        FOREIGN KEY (factory_id) REFERENCES Factories(factory_id),
        FOREIGN KEY (s_measure_id) REFERENCES Safety_measurements(s_measure_id),
        FOREIGN KEY (sku_id) REFERENCES SKU(sku_id)
    );
    
    CREATE TABLE Suppliers(
        supp_id NUMBER GENERATED BY DEFAULT AS IDENTITY,
        supp_name VARCHAR2(50),
        contact_num VARCHAR2(50),
        PRIMARY KEY(supp_id)
    );
    
    CREATE TABLE Parts(
        part_id NUMBER GENERATED BY DEFAULT AS IDENTITY,
        name VARCHAR2(50),
        cost FLOAT,
        supp_id INT,
        PRIMARY KEY(part_id),
        FOREIGN KEY(supp_id) REFERENCES Suppliers(supp_id)
    );
    
    CREATE TABLE Environmental_costs(
        id NUMBER GENERATED BY DEFAULT AS IDENTITY,
        year INT,
        month VARCHAR2(50),
        power_cost FLOAT,
        water_cost FLOAT,
        cripple_ut FLOAT,
        factory_id INT,
        PRIMARY KEY(id),
        FOREIGN KEY(factory_id) REFERENCES Factories(factory_id)
    );
    
    CREATE TABLE Taxes(
        id NUMBER GENERATED BY DEFAULT AS IDENTITY,
        year INT,
        month VARCHAR2(50),
        taxes_paid FLOAT,
        factory_id INT,
        PRIMARY KEY(id),
        FOREIGN KEY(factory_id) REFERENCES Factories(factory_id)
    );
    
    CREATE TABLE Total_costs(
        id NUMBER GENERATED BY DEFAULT AS IDENTITY,
        year INT,
        month VARCHAR2(50),
        total_cost FLOAT,
        factory_id INT,
        PRIMARY KEY(id),
        FOREIGN KEY(factory_id) REFERENCES Factories(factory_id)
    );
    
    CREATE TABLE Sales(
        id NUMBER GENERATED BY DEFAULT AS IDENTITY,
        year INT,
        month VARCHAR2(50),
        income FLOAT,
        factory_id INT,
        PRIMARY KEY(id),
        FOREIGN KEY(factory_id) REFERENCES Factories(factory_id)
    );
    
    CREATE TABLE Shifts(
        shift_id NUMBER GENERATED BY DEFAULT AS IDENTITY,
        produced_sku INT,
        PRIMARY KEY(shift_id)
    );
    
    CREATE TABLE Production_plan(
        id NUMBER GENERATED BY DEFAULT AS IDENTITY,
        datee DATE,
        shift_number INT,
        assigned_shift_id INT,
        factory_id INT,
        PRIMARY KEY(id),
        FOREIGN KEY(factory_id) REFERENCES Factories(factory_id),
        FOREIGN KEY(assigned_shift_id) REFERENCES Shifts(shift_id)
    );
    
    CREATE TABLE Employees(
        employee_id NUMBER GENERATED BY DEFAULT AS IDENTITY,
        name VARCHAR2(50),
        surname VARCHAR2(50),
        position VARCHAR2(50),
        assigned_shift_id INT,
        factory_id INT,
        PRIMARY KEY(employee_id),
        FOREIGN KEY(factory_id) REFERENCES Factories(factory_id),
        FOREIGN KEY(assigned_shift_id) REFERENCES Shifts(shift_id)
    );
    
    CREATE TABLE Salary(
        id NUMBER GENERATED BY DEFAULT AS IDENTITY,
        year INT,
        month VARCHAR2(50),
        salary FLOAT,
        employee_id INT,
        factory_id INT,
        PRIMARY KEY(id),
        FOREIGN KEY(factory_id) REFERENCES Factories(factory_id),
        FOREIGN KEY(employee_id) REFERENCES Employees(employee_id)
    );
    
    CREATE TABLE Sku_parts(
        id NUMBER GENERATED BY DEFAULT AS IDENTITY,
        part_id INT,
        sku_id INT,
        PRIMARY KEY(id),
        FOREIGN KEY(part_id) REFERENCES Parts(part_id),
        FOREIGN KEY(sku_id) REFERENCES SKU(sku_id)
    );
    


/*
CREATE FUNCTION randomDateInRange(alpha IN DATE, omega IN DATE) 
RETURN DATE 
IS
BEGIN
    RETURN alpha + DBMS_RANDOM.VALUE(0, omega - alpha);
END;

SELECT randomDateInRange(DATE '2022-04-01', DATE '2022-04-30') FROM dual;
*/


    
    insert into Factories (factory_id, name, country, postal_code, City) values (1, 'Woodland Islandfern', 'Poland', '21-411', 'Wojcieszków');
    insert into Factories (factory_id, name, country, postal_code, City) values (2, 'Blunt Spikerush', 'Poland', '82-230', 'Nowy Staw');
    insert into Factories (factory_id, name, country, postal_code, City) values (3, 'Jamaican Broom', 'Poland', '24-160', 'Wąwolnica');
    insert into Factories (factory_id, name, country, postal_code, City) values (4, 'Broadleaved Pepperweed', 'Poland', '21-580', 'Wisznice');
    insert into Factories (factory_id, name, country, postal_code, City) values (5, 'Capulí', 'Poland', '46-250', 'Wołczyn');
    insert into Factories (factory_id, name, country, postal_code, City) values (6, 'Chinese Chastetree', 'Poland', '26-803', 'Promna');
    insert into Factories (factory_id, name, country, postal_code, City) values (7, 'British Alkaligrass', 'Poland', '83-020', 'Cedry Wielkie');
    insert into Factories (factory_id, name, country, postal_code, City) values (8, 'Forbes'' Pipturus', 'Poland', '26-631', 'Jastrzębia');
    insert into Factories (factory_id, name, country, postal_code, City) values (9, 'Deerberry', 'Poland', '48-120', 'Baborów');
    insert into Factories (factory_id, name, country, postal_code, City) values (10, 'Bigleaf Maple', 'Poland', '97-545', 'Gomunice');
    insert into Factories (factory_id, name, country, postal_code, City) values (11, 'Bristlefruit Hedgeparsley', 'Poland', '26-422', 'Borkowice');
    insert into Factories (factory_id, name, country, postal_code, City) values (12, 'Desertpeony', 'Poland', '32-083', 'Balice');
    insert into Factories (factory_id, name, country, postal_code, City) values (13, 'Wart Lichen', 'Poland', '11-102', 'Iłowo -Osada');
    insert into Factories (factory_id, name, country, postal_code, City) values (14, 'Piper''s Golden Buckwheat', 'Poland', '14-401', 'Pasłęk');
    insert into Factories (factory_id, name, country, postal_code, City) values (15, 'Great Basin Indian Potato', 'Poland', '32-340', 'Wolbrom');
    insert into Factories (factory_id, name, country, postal_code, City) values (16, 'Yunnan Luculia', 'Poland', '43-243', 'Radostowice');
    insert into Factories (factory_id, name, country, postal_code, City) values (17, 'Dakota Barley', 'Poland', '76-231', 'Damnica');
    insert into Factories (factory_id, name, country, postal_code, City) values (18, 'Tuna', 'Poland', '83-333', 'Chmielno');
    insert into Factories (factory_id, name, country, postal_code, City) values (19, 'Dwarf Rose', 'Poland', '56-500', 'Syców');
    insert into Factories (factory_id, name, country, postal_code, City) values (20, 'Hybrid Oak', 'Poland', '27-420', 'Bodzechów');
    insert into Factories (factory_id, name, country, postal_code, City) values (21, 'Carrotleaf Horkelia', 'Poland', '38-123', 'Wysoka Strzyżowska');
    insert into Factories (factory_id, name, country, postal_code, City) values (22, 'Macoun''s Cinquefoil', 'Poland', '47-430', 'Rudy');
    insert into Factories (factory_id, name, country, postal_code, City) values (23, 'Dittrichia', 'Poland', '05-604', 'Jasieniec');
    insert into Factories (factory_id, name, country, postal_code, City) values (24, 'Curly Dock', 'Spain', '33204', 'Gijon');
    insert into Factories (factory_id, name, country, postal_code, City) values (25, 'Langsat', 'Poland', '74-500', 'Chojna');
    insert into Factories (factory_id, name, country, postal_code, City) values (26, 'Platycodon', 'Poland', '95-050', 'Konstantynów Łódzki');
    insert into Factories (factory_id, name, country, postal_code, City) values (27, 'Prince''s Pine', 'Spain', '27294', 'Lugo');
    insert into Factories (factory_id, name, country, postal_code, City) values (28, 'Schistostega Moss', 'Poland', '37-303', 'Kuryłówka');
    insert into Factories (factory_id, name, country, postal_code, City) values (29, 'Great Burnet', 'Poland', '21-107', 'Wola Sernicka');
    insert into Factories (factory_id, name, country, postal_code, City) values (30, 'Laurel Sassafras', 'Poland', '63-910', 'Konary');
    insert into Factories (factory_id, name, country, postal_code, City) values (31, 'Spiderlily', 'Poland', '33-180', 'Gromnik');
    insert into Factories (factory_id, name, country, postal_code, City) values (32, 'Geyer''s Twinpod', 'Poland', '68-219', 'Tuplice');
    insert into Factories (factory_id, name, country, postal_code, City) values (33, 'Fries'' Pondweed', 'Poland', '41-922', 'Orzech');
    insert into Factories (factory_id, name, country, postal_code, City) values (34, 'Oahu Peperomia', 'Poland', '24-123', 'Janowiec');
    insert into Factories (factory_id, name, country, postal_code, City) values (35, 'American Dunegrass', 'Poland', '83-120', 'Subkowy');
    insert into Factories (factory_id, name, country, postal_code, City) values (36, 'Clustered Sawwort', 'Poland', '67-120', 'Kożuchów');
    insert into Factories (factory_id, name, country, postal_code, City) values (37, 'Beard Lichen', 'Poland', '33-330', 'Grybów');
    insert into Factories (factory_id, name, country, postal_code, City) values (38, 'Bay Forget-me-not', 'Poland', '42-283', 'Boronów');
    insert into Factories (factory_id, name, country, postal_code, City) values (39, 'Elegant Calicoflower', 'Poland', '76-038', 'Dobrzyca');
    insert into Factories (factory_id, name, country, postal_code, City) values (40, 'Texas Sleepydaisy', 'Poland', '41-221', 'Sosnowiec');
    insert into Factories (factory_id, name, country, postal_code, City) values (41, 'Globulinella Moss', 'Poland', '37-300', 'Leżajsk');
    insert into Factories (factory_id, name, country, postal_code, City) values (42, 'Xylographa Lichen', 'Poland', '89-400', 'Sępólno Krajeńskie');
    insert into Factories (factory_id, name, country, postal_code, City) values (43, 'White Adder''s-mouth Orchid', 'Spain', '44071', 'Teruel');
    insert into Factories (factory_id, name, country, postal_code, City) values (44, 'Clustervine', 'Poland', '33-395', 'Chełmiec');
    insert into Factories (factory_id, name, country, postal_code, City) values (45, 'Big Sandbur', 'Poland', '06-102', 'Pułtusk');
    insert into Factories (factory_id, name, country, postal_code, City) values (46, 'Texas Live Oak', 'Poland', '34-350', 'Węgierska Górka');
    insert into Factories (factory_id, name, country, postal_code, City) values (47, 'Bering Sea Sedge', 'Poland', '32-080', 'Zabierzów');
    insert into Factories (factory_id, name, country, postal_code, City) values (48, 'Tropical Fimbry', 'Poland', '47-113', 'Kolonowskie');
    insert into Factories (factory_id, name, country, postal_code, City) values (49, '‘ilima', 'Poland', '77-310', 'Debrzno');
    insert into Factories (factory_id, name, country, postal_code, City) values (50, 'Tall Bluebells', 'Poland', '63-640', 'Bralin');
    insert into Factories (factory_id, name, country, postal_code, City) values (51, 'California Horkelia', 'Poland', '34-116', 'Bachowice');
    insert into Factories (factory_id, name, country, postal_code, City) values (52, 'Hispid Mock Vervain', 'Poland', '34-480', 'Jabłonka');
    insert into Factories (factory_id, name, country, postal_code, City) values (53, 'West Indian Dutchman''s Pipe', 'Poland', '34-382', 'Żabnica');
    insert into Factories (factory_id, name, country, postal_code, City) values (54, 'Varigated Cockspur Grass', 'Poland', '41-717', 'Ruda Śląska');
    insert into Factories (factory_id, name, country, postal_code, City) values (55, 'Labrador Buttercup', 'Poland', '21-132', 'Kamionka');
    insert into Factories (factory_id, name, country, postal_code, City) values (56, 'Kamalo Pritchardia', 'Poland', '11-210', 'Sępopol');
    insert into Factories (factory_id, name, country, postal_code, City) values (57, 'Cusick''s Bluegrass', 'Poland', '84-208', 'Bojano');
    insert into Factories (factory_id, name, country, postal_code, City) values (58, 'Upright Blue Beardtongue', 'Poland', '34-234', 'Osielec');
    insert into Factories (factory_id, name, country, postal_code, City) values (59, 'Waterfall False Buttercup', 'Poland', '99-320', 'Żychlin');
    insert into Factories (factory_id, name, country, postal_code, City) values (60, 'White Hogwood', 'Germany', '51149', 'Köln');
    insert into Factories (factory_id, name, country, postal_code, City) values (61, 'Shrub Lespedeza', 'Poland', '58-402', 'Kamienna Góra');
    insert into Factories (factory_id, name, country, postal_code, City) values (62, 'Longpod Stitchwort', 'Germany', '90411', 'Nürnberg');
    insert into Factories (factory_id, name, country, postal_code, City) values (63, 'Blazing Star', 'Germany', '66119', 'Saarbrücken');
    insert into Factories (factory_id, name, country, postal_code, City) values (64, 'Georgia False Indigo', 'Poland', '08-420', 'Miastków Kościelny');
    insert into Factories (factory_id, name, country, postal_code, City) values (65, 'Soulard Crab', 'Germany', '45141', 'Essen');
    insert into Factories (factory_id, name, country, postal_code, City) values (66, 'Arizona Yellowhood', 'Poland', '23-212', 'Wilkołaz');
    insert into Factories (factory_id, name, country, postal_code, City) values (67, 'Winged Panicgrass', 'Poland', '44-238', 'Czerwionka-Leszczyny');
    insert into Factories (factory_id, name, country, postal_code, City) values (68, 'Tufted Evening Primrose', 'Poland', '08-480', 'Maciejowice');
    insert into Factories (factory_id, name, country, postal_code, City) values (69, 'Splendid Woodland-gilia', 'Poland', '43-245', 'Studzionka');
    insert into Factories (factory_id, name, country, postal_code, City) values (70, 'Mexican Bedstraw', 'Poland', '42-284', 'Wręczyca Wielka');
    insert into Factories (factory_id, name, country, postal_code, City) values (71, 'Spreading Airplant', 'Poland', '63-600', 'Kępno');
    insert into Factories (factory_id, name, country, postal_code, City) values (72, 'Barren Ground Willow', 'Poland', '46-250', 'Wołczyn');
    insert into Factories (factory_id, name, country, postal_code, City) values (73, 'Peccania Lichen', 'Poland', '66-342', 'Goraj');
    insert into Factories (factory_id, name, country, postal_code, City) values (74, 'Yellowspine Thistle', 'Poland', '95-083', 'Lutomiersk');
    insert into Factories (factory_id, name, country, postal_code, City) values (75, 'Lesser Snakeroot', 'Poland', '32-087', 'Giebułtów');
    insert into Factories (factory_id, name, country, postal_code, City) values (76, 'Paperbark Maple', 'Poland', '26-065', 'Piekoszów');
    insert into Factories (factory_id, name, country, postal_code, City) values (77, 'Gray Rockdaisy', 'Poland', '99-434', 'Domaniewice');
    insert into Factories (factory_id, name, country, postal_code, City) values (78, 'Asian Oakfern', 'Poland', '34-483', 'Lipnica Wielka');
    insert into Factories (factory_id, name, country, postal_code, City) values (79, 'Fineleaf Hymenopappus', 'Poland', '02-913', 'Potok Złoty');
    insert into Factories (factory_id, name, country, postal_code, City) values (80, 'Miss Vail''s Hawthorn', 'Poland', '43-474', 'Koniaków');
    insert into Factories (factory_id, name, country, postal_code, City) values (81, 'Parry''s Bellflower', 'Poland', '80-893', 'Prażmów');
    insert into Factories (factory_id, name, country, postal_code, City) values (82, 'Winter Savory', 'Poland', '32-015', 'Targowisko');
    insert into Factories (factory_id, name, country, postal_code, City) values (83, 'Saline Wildrye', 'Poland', '72-210', 'Dobra');
    insert into Factories (factory_id, name, country, postal_code, City) values (84, 'Garrett''s Beardtongue', 'Poland', '45-559', 'Szelków');
    insert into Factories (factory_id, name, country, postal_code, City) values (85, 'Sacramento Waxydogbane', 'Poland', '87-340', 'Osiek');
    insert into Factories (factory_id, name, country, postal_code, City) values (86, 'Bola De Nieve', 'Poland', '98-346', 'Skomlin');
    insert into Factories (factory_id, name, country, postal_code, City) values (87, 'Fan Spikemoss', 'Poland', '62-056', 'Komorniki');
    insert into Factories (factory_id, name, country, postal_code, City) values (88, 'Soapweed Yucca', 'Germany', '79114', 'Freiburg im Breisgau');
    insert into Factories (factory_id, name, country, postal_code, City) values (89, 'Greenland Dicranum Moss', 'Poland', '43-200', 'Pszczyna');
    insert into Factories (factory_id, name, country, postal_code, City) values (90, 'Malva De Caballo', 'Poland', '72-500', 'Międzyzdroje');
    insert into Factories (factory_id, name, country, postal_code, City) values (91, 'Jumby Pepper', 'Poland', '05-540', 'Kabaty');
    insert into Factories (factory_id, name, country, postal_code, City) values (92, 'Pohlia Moss', 'Poland', '16-120', 'Krynki');
    insert into Factories (factory_id, name, country, postal_code, City) values (93, 'Orange Lichen', 'Poland', '89-240', 'Kcynia');
    insert into Factories (factory_id, name, country, postal_code, City) values (94, 'Purple Sage', 'Spain', '33404', 'Aviles');
    insert into Factories (factory_id, name, country, postal_code, City) values (95, 'Ripgut Brome', 'Poland', '09-210', 'Drobin');
    insert into Factories (factory_id, name, country, postal_code, City) values (96, 'Steens Indian Paintbrush', 'Germany', '44143', 'Dortmund');
    insert into Factories (factory_id, name, country, postal_code, City) values (97, 'Copper Mine Milkvetch', 'Poland', '34-211', 'Palcza');
    insert into Factories (factory_id, name, country, postal_code, City) values (98, 'Diffuse Spineflower', 'Poland', '43-354', 'Nidek');
    insert into Factories (factory_id, name, country, postal_code, City) values (99, 'American Nailwort', 'Poland', '14-521', 'Lelkowo');
    insert into Factories (factory_id, name, country, postal_code, City) values (100, 'Red Fescue', 'Poland', '38-471', 'Wojaszówka');
    
    
    INSERT INTO Sales (ID, Year, Month, Income, Factory_ID)
    WITH NumberSeries (ID) AS (
        SELECT 1 FROM DUAL
        UNION ALL
        SELECT ID + 1 FROM NumberSeries WHERE ID < 200
    )
    SELECT 
        ID,
        TRUNC(DBMS_RANDOM.VALUE(2018, 2024)) AS Year,  -- Random year between 2018 and 2023
        CASE TRUNC(DBMS_RANDOM.VALUE(1, 13))
            WHEN 1 THEN 'January'
            WHEN 2 THEN 'February'
            WHEN 3 THEN 'March'
            WHEN 4 THEN 'April'
            WHEN 5 THEN 'May'
            WHEN 6 THEN 'June'
            WHEN 7 THEN 'July'
            WHEN 8 THEN 'August'
            WHEN 9 THEN 'September'
            WHEN 10 THEN 'October'
            WHEN 11 THEN 'November'
            WHEN 12 THEN 'December'
        END AS Month,
        ROUND(DBMS_RANDOM.VALUE(1000, 10000), 2) AS Income,  -- Random income between 1000 and 10000
        TRUNC(DBMS_RANDOM.VALUE(1, 101)) AS Factory_ID  -- Random Factory_ID between 1 and 10
    FROM NumberSeries;
    
    --**********************************************************
    
    insert into SKU (sku_id, name, introduction_date, withdrawal_date) values (1, 'Spirit', '04-Mar-2021', null);
    insert into SKU (sku_id, name, introduction_date, withdrawal_date) values (2, 'Tacoma', '02-Jun-2019', null);
    insert into SKU (sku_id, name, introduction_date, withdrawal_date) values (3, 'Sentra', '12-Jul-2022', null);
    insert into SKU (sku_id, name, introduction_date, withdrawal_date) values (4, 'Freelander', '09-Aug-2024', null);
    insert into SKU (sku_id, name, introduction_date, withdrawal_date) values (5, 'PT Cruiser', '21-Sep-2023', null);
    insert into SKU (sku_id, name, introduction_date, withdrawal_date) values (6, 'Volt', '09-May-2021', null);
    insert into SKU (sku_id, name, introduction_date, withdrawal_date) values (7, 'F430 Spider', '30-Jul-2024', null);
    insert into SKU (sku_id, name, introduction_date, withdrawal_date) values (8, 'ES', '27-Oct-2020', null);
    insert into SKU (sku_id, name, introduction_date, withdrawal_date) values (9, 'Nubira', '05-Sep-2021', null);
    insert into SKU (sku_id, name, introduction_date, withdrawal_date) values (10, 'Familia', '24-Jan-2023', null);
    insert into SKU (sku_id, name, introduction_date, withdrawal_date) values (11, 'GS', '14-Nov-2019', '22-Oct-2021');
    insert into SKU (sku_id, name, introduction_date, withdrawal_date) values (12, 'S40', '10-Apr-2023', null);
    insert into SKU (sku_id, name, introduction_date, withdrawal_date) values (13, 'GS', '03-Jun-2023', null);
    insert into SKU (sku_id, name, introduction_date, withdrawal_date) values (14, 'Outlander', '21-Feb-2021', '05-Jun-2021');
    insert into SKU (sku_id, name, introduction_date, withdrawal_date) values (15, 'Eurovan', '29-May-2019', null);
    insert into SKU (sku_id, name, introduction_date, withdrawal_date) values (16, 'RX-8', '15-Aug-2021', '14-Jul-2022');
    insert into SKU (sku_id, name, introduction_date, withdrawal_date) values (17, '525', '03-Jun-2020', null);
    insert into SKU (sku_id, name, introduction_date, withdrawal_date) values (18, 'Wrangler', '09-Mar-2019', '23-Mar-2022');
    insert into SKU (sku_id, name, introduction_date, withdrawal_date) values (19, 'Passat', '09-Nov-2024', null);
    insert into SKU (sku_id, name, introduction_date, withdrawal_date) values (20, 'SL-Class', '28-Jul-2021', null);
    insert into SKU (sku_id, name, introduction_date, withdrawal_date) values (21, 'Vandura 3500', '23-May-2022', null);
    insert into SKU (sku_id, name, introduction_date, withdrawal_date) values (22, '911', '06-Oct-2024', null);
    insert into SKU (sku_id, name, introduction_date, withdrawal_date) values (23, 'Hombre', '23-Aug-2022', null);
    insert into SKU (sku_id, name, introduction_date, withdrawal_date) values (24, 'Yukon', '29-Apr-2023', null);
    insert into SKU (sku_id, name, introduction_date, withdrawal_date) values (25, 'Murciélago', '30-Sep-2023', null);
    insert into SKU (sku_id, name, introduction_date, withdrawal_date) values (26, 'Coupe', '21-Feb-2021', null);
    insert into SKU (sku_id, name, introduction_date, withdrawal_date) values (27, 'Protege', '20-May-2019', null);
    insert into SKU (sku_id, name, introduction_date, withdrawal_date) values (28, 'Corvette', '20-Dec-2018', null);
    insert into SKU (sku_id, name, introduction_date, withdrawal_date) values (29, 'Raider', '22-Jun-2024', null);
    insert into SKU (sku_id, name, introduction_date, withdrawal_date) values (30, 'Integra', '02-Jun-2023', null);
    insert into SKU (sku_id, name, introduction_date, withdrawal_date) values (31, 'Aurora', '07-Jun-2021', '27-Oct-2021');
    insert into SKU (sku_id, name, introduction_date, withdrawal_date) values (32, 'MR2', '03-Feb-2022', null);
    insert into SKU (sku_id, name, introduction_date, withdrawal_date) values (33, 'Alcyone SVX', '27-Mar-2019', null);
    insert into SKU (sku_id, name, introduction_date, withdrawal_date) values (34, 'Montero', '07-Jan-2021', null);
    insert into SKU (sku_id, name, introduction_date, withdrawal_date) values (35, 'Endeavor', '02-May-2020', null);
    insert into SKU (sku_id, name, introduction_date, withdrawal_date) values (36, 'Regal', '10-Jul-2020', null);
    insert into SKU (sku_id, name, introduction_date, withdrawal_date) values (37, 'XG350', '16-Dec-2023', null);
    insert into SKU (sku_id, name, introduction_date, withdrawal_date) values (38, 'Grand Caravan', '01-Feb-2022', '08-Jun-2022');
    insert into SKU (sku_id, name, introduction_date, withdrawal_date) values (39, 'Sunfire', '17-May-2022', null);
    insert into SKU (sku_id, name, introduction_date, withdrawal_date) values (40, 'Montero', '10-Nov-2023', '03-Aug-2022');
    insert into SKU (sku_id, name, introduction_date, withdrawal_date) values (41, 'CL-Class', '04-Oct-2020', null);
    insert into SKU (sku_id, name, introduction_date, withdrawal_date) values (42, 'Celica', '02-May-2019', null);
    insert into SKU (sku_id, name, introduction_date, withdrawal_date) values (43, 'Regal', '27-Apr-2019', null);
    insert into SKU (sku_id, name, introduction_date, withdrawal_date) values (44, 'Sportage', '26-Jun-2021', null);
    insert into SKU (sku_id, name, introduction_date, withdrawal_date) values (45, 'MPV', '23-Sep-2020', null);
    insert into SKU (sku_id, name, introduction_date, withdrawal_date) values (46, 'Classic', '03-Dec-2020', null);
    insert into SKU (sku_id, name, introduction_date, withdrawal_date) values (47, 'M6', '13-Jan-2019', null);
    insert into SKU (sku_id, name, introduction_date, withdrawal_date) values (48, 'G8', '15-Dec-2018', null);
    insert into SKU (sku_id, name, introduction_date, withdrawal_date) values (49, 'Express 1500', '02-Aug-2024', null);
    insert into SKU (sku_id, name, introduction_date, withdrawal_date) values (50, 'Flex', '19-Aug-2022', null);
    insert into SKU (sku_id, name, introduction_date, withdrawal_date) values (51, 'Wrangler', '08-Sep-2021', null);
    insert into SKU (sku_id, name, introduction_date, withdrawal_date) values (52, 'Seville', '30-Jul-2022', null);
    insert into SKU (sku_id, name, introduction_date, withdrawal_date) values (53, '5 Series', '03-May-2024', null);
    insert into SKU (sku_id, name, introduction_date, withdrawal_date) values (54, 'SL-Class', '29-May-2023', null);
    insert into SKU (sku_id, name, introduction_date, withdrawal_date) values (55, 'Cooper', '02-Apr-2019', '28-Nov-2020');
    insert into SKU (sku_id, name, introduction_date, withdrawal_date) values (56, 'I', '19-Sep-2024', null);
    insert into SKU (sku_id, name, introduction_date, withdrawal_date) values (57, 'Yukon', '28-Jun-2019', null);
    insert into SKU (sku_id, name, introduction_date, withdrawal_date) values (58, 'Mazdaspeed 3', '08-Jul-2022', '27-Mar-2023');
    insert into SKU (sku_id, name, introduction_date, withdrawal_date) values (59, 'RAV4', '14-Aug-2021', null);
    insert into SKU (sku_id, name, introduction_date, withdrawal_date) values (60, 'Camaro', '14-Aug-2024', null);
    insert into SKU (sku_id, name, introduction_date, withdrawal_date) values (61, 'Brooklands', '31-May-2023', null);
    insert into SKU (sku_id, name, introduction_date, withdrawal_date) values (62, 'Express 1500', '26-Mar-2021', null);
    insert into SKU (sku_id, name, introduction_date, withdrawal_date) values (63, 'Esprit', '20-Oct-2024', '29-Jul-2021');
    insert into SKU (sku_id, name, introduction_date, withdrawal_date) values (64, 'Maxima', '01-Feb-2024', null);
    insert into SKU (sku_id, name, introduction_date, withdrawal_date) values (65, 'Vibe', '19-Sep-2024', null);
    insert into SKU (sku_id, name, introduction_date, withdrawal_date) values (66, 'Accord', '25-Jul-2024', '22-Mar-2023');
    insert into SKU (sku_id, name, introduction_date, withdrawal_date) values (67, 'Sedona', '07-Nov-2021', '15-Jan-2022');
    insert into SKU (sku_id, name, introduction_date, withdrawal_date) values (68, 'Ram 3500', '08-May-2019', null);
    insert into SKU (sku_id, name, introduction_date, withdrawal_date) values (69, 'S80', '05-Mar-2021', null);
    insert into SKU (sku_id, name, introduction_date, withdrawal_date) values (70, 'i-370', '23-May-2020', null);
    insert into SKU (sku_id, name, introduction_date, withdrawal_date) values (71, 'Passat', '04-Dec-2018', null);
    insert into SKU (sku_id, name, introduction_date, withdrawal_date) values (72, 'Discovery', '28-Dec-2020', '09-Dec-2021');
    insert into SKU (sku_id, name, introduction_date, withdrawal_date) values (73, 'Continental Mark VII', '17-Aug-2023', null);
    insert into SKU (sku_id, name, introduction_date, withdrawal_date) values (74, 'Impala', '14-Sep-2021', null);
    insert into SKU (sku_id, name, introduction_date, withdrawal_date) values (75, 'Protege', '05-Sep-2021', '29-Aug-2021');
    insert into SKU (sku_id, name, introduction_date, withdrawal_date) values (76, 'Millenia', '23-Mar-2021', '15-Oct-2022');
    insert into SKU (sku_id, name, introduction_date, withdrawal_date) values (77, 'Boxster', '13-May-2024', null);
    insert into SKU (sku_id, name, introduction_date, withdrawal_date) values (78, 'Taurus', '17-Aug-2019', null);
    insert into SKU (sku_id, name, introduction_date, withdrawal_date) values (79, 'Grand Marquis', '18-Jul-2023', null);
    insert into SKU (sku_id, name, introduction_date, withdrawal_date) values (80, 'LeSabre', '31-Jan-2022', null);
    insert into SKU (sku_id, name, introduction_date, withdrawal_date) values (81, 'Express 3500', '24-Dec-2022', null);
    insert into SKU (sku_id, name, introduction_date, withdrawal_date) values (82, 'Outlander', '29-Jan-2023', null);
    insert into SKU (sku_id, name, introduction_date, withdrawal_date) values (83, 'LeSabre', '13-May-2023', null);
    insert into SKU (sku_id, name, introduction_date, withdrawal_date) values (84, 'Century', '15-Aug-2024', null);
    insert into SKU (sku_id, name, introduction_date, withdrawal_date) values (85, 'STS', '07-Dec-2019', '15-Nov-2022');
    insert into SKU (sku_id, name, introduction_date, withdrawal_date) values (86, 'Excursion', '08-Dec-2019', null);
    insert into SKU (sku_id, name, introduction_date, withdrawal_date) values (87, 'SLS-Class', '28-Mar-2019', null);
    insert into SKU (sku_id, name, introduction_date, withdrawal_date) values (88, 'Econoline E350', '17-Nov-2018', null);
    insert into SKU (sku_id, name, introduction_date, withdrawal_date) values (89, '4Runner', '02-Sep-2021', null);
    insert into SKU (sku_id, name, introduction_date, withdrawal_date) values (90, 'Escape', '26-Aug-2022', null);
    insert into SKU (sku_id, name, introduction_date, withdrawal_date) values (91, 'Cube', '09-Sep-2021', null);
    insert into SKU (sku_id, name, introduction_date, withdrawal_date) values (92, 'V50', '27-Apr-2020', null);
    insert into SKU (sku_id, name, introduction_date, withdrawal_date) values (93, 'Astra', '07-Jan-2021', null);
    insert into SKU (sku_id, name, introduction_date, withdrawal_date) values (94, '300M', '06-Sep-2022', '25-Feb-2022');
    insert into SKU (sku_id, name, introduction_date, withdrawal_date) values (95, 'Corolla', '15-Jun-2020', null);
    
    insert into Suppliers (supp_id, supp_name, contact_num) values (1, 'Eabox', '+66 771 581 1698');
    insert into Suppliers (supp_id, supp_name, contact_num) values (2, 'Midel', '+358 565 562 9129');
    insert into Suppliers (supp_id, supp_name, contact_num) values (3, 'Yacero', '+58 412 919 8546');
    insert into Suppliers (supp_id, supp_name, contact_num) values (4, 'Kamba', '+49 142 433 5691');
    insert into Suppliers (supp_id, supp_name, contact_num) values (5, 'Camido', '+86 788 920 5661');
    insert into Suppliers (supp_id, supp_name, contact_num) values (6, 'Livefish', '+48 465 369 5858');
    insert into Suppliers (supp_id, supp_name, contact_num) values (7, 'Livefish', '+53 453 801 0077');
    insert into Suppliers (supp_id, supp_name, contact_num) values (8, 'Edgepulse', '+372 276 248 4971');
    insert into Suppliers (supp_id, supp_name, contact_num) values (9, 'Brainbox', '+1 619 489 6183');
    insert into Suppliers (supp_id, supp_name, contact_num) values (10, 'Fiveclub', '+1 318 423 2869');
    insert into Suppliers (supp_id, supp_name, contact_num) values (11, 'Npath', '+48 878 531 7689');
    insert into Suppliers (supp_id, supp_name, contact_num) values (12, 'Rhycero', '+46 746 548 6533');
    insert into Suppliers (supp_id, supp_name, contact_num) values (13, 'Realcube', '+86 795 342 5528');
    insert into Suppliers (supp_id, supp_name, contact_num) values (14, 'Katz', '+81 683 148 7428');
    insert into Suppliers (supp_id, supp_name, contact_num) values (15, 'Eare', '+52 703 228 5640');
    insert into Suppliers (supp_id, supp_name, contact_num) values (16, 'Brainlounge', '+7 860 235 7970');
    insert into Suppliers (supp_id, supp_name, contact_num) values (17, 'Janyx', '+351 863 118 1702');
    insert into Suppliers (supp_id, supp_name, contact_num) values (18, 'Eazzy', '+971 348 932 8546');
    insert into Suppliers (supp_id, supp_name, contact_num) values (19, 'Bubblebox', '+254 338 366 9601');
    insert into Suppliers (supp_id, supp_name, contact_num) values (20, 'Photobug', '+254 774 995 5653');
    insert into Suppliers (supp_id, supp_name, contact_num) values (21, 'Vidoo', '+54 144 586 1029');
    insert into Suppliers (supp_id, supp_name, contact_num) values (22, 'Kwideo', '+54 843 262 8371');
    insert into Suppliers (supp_id, supp_name, contact_num) values (23, 'Mita', '+46 168 573 4396');
    insert into Suppliers (supp_id, supp_name, contact_num) values (24, 'Demivee', '+55 698 351 1135');
    insert into Suppliers (supp_id, supp_name, contact_num) values (25, 'Plajo', '+86 815 893 0870');
    insert into Suppliers (supp_id, supp_name, contact_num) values (26, 'Reallinks', '+351 357 519 8883');
    insert into Suppliers (supp_id, supp_name, contact_num) values (27, 'Yodo', '+221 660 981 4966');
    insert into Suppliers (supp_id, supp_name, contact_num) values (28, 'Chatterpoint', '+7 707 172 5516');
    insert into Suppliers (supp_id, supp_name, contact_num) values (29, 'Meeveo', '+48 270 607 8656');
    insert into Suppliers (supp_id, supp_name, contact_num) values (30, 'Dazzlesphere', '+63 636 651 5623');
    insert into Suppliers (supp_id, supp_name, contact_num) values (31, 'Zoonder', '+967 660 186 4100');
    insert into Suppliers (supp_id, supp_name, contact_num) values (32, 'Zoombeat', '+86 939 993 8915');
    insert into Suppliers (supp_id, supp_name, contact_num) values (33, 'Blogpad', '+86 634 220 9631');
    insert into Suppliers (supp_id, supp_name, contact_num) values (34, 'Ainyx', '+380 250 579 2561');
    insert into Suppliers (supp_id, supp_name, contact_num) values (35, 'Demimbu', '+86 450 529 2195');
    insert into Suppliers (supp_id, supp_name, contact_num) values (36, 'Chatterbridge', '+46 244 919 2293');
    insert into Suppliers (supp_id, supp_name, contact_num) values (37, 'Zoovu', '+86 490 465 3621');
    insert into Suppliers (supp_id, supp_name, contact_num) values (38, 'Yamia', '+46 222 927 6643');
    insert into Suppliers (supp_id, supp_name, contact_num) values (39, 'Aibox', '+963 206 171 9672');
    insert into Suppliers (supp_id, supp_name, contact_num) values (40, 'Dynabox', '+994 140 988 3708');
    insert into Suppliers (supp_id, supp_name, contact_num) values (41, 'Tagpad', '+51 688 335 0913');
    insert into Suppliers (supp_id, supp_name, contact_num) values (42, 'Geba', '+420 123 897 2180');
    insert into Suppliers (supp_id, supp_name, contact_num) values (43, 'Zooxo', '+64 374 283 0165');
    insert into Suppliers (supp_id, supp_name, contact_num) values (44, 'Dynazzy', '+86 690 625 7871');
    insert into Suppliers (supp_id, supp_name, contact_num) values (45, 'Skivee', '+86 847 151 0318');
    insert into Suppliers (supp_id, supp_name, contact_num) values (46, 'Mycat', '+63 180 464 5859');
    insert into Suppliers (supp_id, supp_name, contact_num) values (47, 'Dabvine', '+46 251 220 7378');
    insert into Suppliers (supp_id, supp_name, contact_num) values (48, 'Ntags', '+33 407 916 7023');
    insert into Suppliers (supp_id, supp_name, contact_num) values (49, 'Voonix', '+62 655 979 9832');
    insert into Suppliers (supp_id, supp_name, contact_num) values (50, 'Geba', '+238 688 719 0244');
    insert into Suppliers (supp_id, supp_name, contact_num) values (51, 'Dabtype', '+55 530 626 5488');
    insert into Suppliers (supp_id, supp_name, contact_num) values (52, 'Linkbridge', '+57 848 512 2252');
    insert into Suppliers (supp_id, supp_name, contact_num) values (53, 'Trudoo', '+381 704 107 9550');
    insert into Suppliers (supp_id, supp_name, contact_num) values (54, 'Dazzlesphere', '+30 769 841 2174');
    insert into Suppliers (supp_id, supp_name, contact_num) values (55, 'Topiczoom', '+86 677 163 9378');
    insert into Suppliers (supp_id, supp_name, contact_num) values (56, 'Realpoint', '+92 469 285 9125');
    insert into Suppliers (supp_id, supp_name, contact_num) values (57, 'Youbridge', '+54 441 947 0266');
    insert into Suppliers (supp_id, supp_name, contact_num) values (58, 'Shufflebeat', '+86 701 126 3012');
    insert into Suppliers (supp_id, supp_name, contact_num) values (59, 'Trupe', '+60 768 964 2639');
    insert into Suppliers (supp_id, supp_name, contact_num) values (60, 'Twimbo', '+48 705 578 6678');
    insert into Suppliers (supp_id, supp_name, contact_num) values (61, 'Digitube', '+20 706 487 8418');
    insert into Suppliers (supp_id, supp_name, contact_num) values (62, 'Riffwire', '+94 368 188 2372');
    insert into Suppliers (supp_id, supp_name, contact_num) values (63, 'Dabjam', '+86 230 755 3265');
    insert into Suppliers (supp_id, supp_name, contact_num) values (64, 'Fivechat', '+86 530 226 4949');
    insert into Suppliers (supp_id, supp_name, contact_num) values (65, 'Zoonder', '+55 314 837 2704');
    insert into Suppliers (supp_id, supp_name, contact_num) values (66, 'Minyx', '+51 276 818 4487');
    insert into Suppliers (supp_id, supp_name, contact_num) values (67, 'Trupe', '+505 526 767 5724');
    insert into Suppliers (supp_id, supp_name, contact_num) values (68, 'Devshare', '+30 988 889 8051');
    insert into Suppliers (supp_id, supp_name, contact_num) values (69, 'Innotype', '+48 458 377 3337');
    insert into Suppliers (supp_id, supp_name, contact_num) values (70, 'Quire', '+86 549 523 5977');
    insert into Suppliers (supp_id, supp_name, contact_num) values (71, 'Wordtune', '+351 503 186 7971');
    insert into Suppliers (supp_id, supp_name, contact_num) values (72, 'Babblestorm', '+963 733 217 9851');
    insert into Suppliers (supp_id, supp_name, contact_num) values (73, 'Zoombox', '+31 696 215 5348');
    insert into Suppliers (supp_id, supp_name, contact_num) values (74, 'Blognation', '+81 265 173 7675');
    insert into Suppliers (supp_id, supp_name, contact_num) values (75, 'Tazz', '+55 792 964 7808');
    insert into Suppliers (supp_id, supp_name, contact_num) values (76, 'Katz', '+963 398 265 5513');
    insert into Suppliers (supp_id, supp_name, contact_num) values (77, 'Plambee', '+380 170 719 3940');
    insert into Suppliers (supp_id, supp_name, contact_num) values (78, 'Lazz', '+267 975 706 6270');
    insert into Suppliers (supp_id, supp_name, contact_num) values (79, 'Feedfire', '+62 741 896 3428');
    insert into Suppliers (supp_id, supp_name, contact_num) values (80, 'Mydo', '+84 893 951 7380');
    insert into Suppliers (supp_id, supp_name, contact_num) values (81, 'Zoomlounge', '+86 468 392 0655');
    insert into Suppliers (supp_id, supp_name, contact_num) values (82, 'Eadel', '+375 162 176 1281');
    insert into Suppliers (supp_id, supp_name, contact_num) values (83, 'Minyx', '+86 104 720 1452');
    insert into Suppliers (supp_id, supp_name, contact_num) values (84, 'Twimm', '+352 232 797 7655');
    insert into Suppliers (supp_id, supp_name, contact_num) values (85, 'Chatterbridge', '+380 467 175 8341');
    insert into Suppliers (supp_id, supp_name, contact_num) values (86, 'Skibox', '+1 202 332 0976');
    insert into Suppliers (supp_id, supp_name, contact_num) values (87, 'Eazzy', '+62 127 511 4230');
    insert into Suppliers (supp_id, supp_name, contact_num) values (88, 'Voonte', '+63 214 779 2360');
    insert into Suppliers (supp_id, supp_name, contact_num) values (89, 'Plambee', '+86 242 136 6407');
    insert into Suppliers (supp_id, supp_name, contact_num) values (90, 'Linkbridge', '+1 605 981 2854');
    insert into Suppliers (supp_id, supp_name, contact_num) values (91, 'Voolia', '+86 148 323 5725');
    insert into Suppliers (supp_id, supp_name, contact_num) values (92, 'Meevee', '+216 534 928 9623');
    insert into Suppliers (supp_id, supp_name, contact_num) values (93, 'Yodo', '+86 658 748 2939');
    insert into Suppliers (supp_id, supp_name, contact_num) values (94, 'Yadel', '+7 827 973 2182');
    insert into Suppliers (supp_id, supp_name, contact_num) values (95, 'Avavee', '+55 483 419 1351');
    insert into Suppliers (supp_id, supp_name, contact_num) values (96, 'Oloo', '+299 948 154 7736');
    insert into Suppliers (supp_id, supp_name, contact_num) values (97, 'Lazz', '+86 635 610 6251');
    insert into Suppliers (supp_id, supp_name, contact_num) values (98, 'Trilith', '+33 639 911 0306');
    insert into Suppliers (supp_id, supp_name, contact_num) values (99, 'Trudeo', '+48 238 977 5406');
    insert into Suppliers (supp_id, supp_name, contact_num) values (100, 'Skyble', '+62 827 994 9257');
    insert into Suppliers (supp_id, supp_name, contact_num) values (101, 'Yambee', '+48 665 163 4637');
    insert into Suppliers (supp_id, supp_name, contact_num) values (102, 'Trilia', '+86 661 831 4962');
    insert into Suppliers (supp_id, supp_name, contact_num) values (103, 'Realmix', '+82 575 766 2190');
    insert into Suppliers (supp_id, supp_name, contact_num) values (104, 'Oyope', '+505 187 383 3003');
    insert into Suppliers (supp_id, supp_name, contact_num) values (105, 'Dabjam', '+234 462 377 5072');
    insert into Suppliers (supp_id, supp_name, contact_num) values (106, 'Oyoyo', '+55 133 280 3311');
    insert into Suppliers (supp_id, supp_name, contact_num) values (107, 'Quamba', '+351 831 966 3506');
    insert into Suppliers (supp_id, supp_name, contact_num) values (108, 'Yambee', '+55 508 917 4039');
    insert into Suppliers (supp_id, supp_name, contact_num) values (109, 'Vidoo', '+62 865 935 4063');
    insert into Suppliers (supp_id, supp_name, contact_num) values (110, 'Quimm', '+51 415 504 9164');
    insert into Suppliers (supp_id, supp_name, contact_num) values (111, 'Rooxo', '+420 990 925 1007');
    insert into Suppliers (supp_id, supp_name, contact_num) values (112, 'Cogidoo', '+965 305 710 3352');
    insert into Suppliers (supp_id, supp_name, contact_num) values (113, 'Riffwire', '+62 482 651 9297');
    insert into Suppliers (supp_id, supp_name, contact_num) values (114, 'Bluezoom', '+31 395 332 2185');
    insert into Suppliers (supp_id, supp_name, contact_num) values (115, 'Voonyx', '+86 622 941 6964');
    insert into Suppliers (supp_id, supp_name, contact_num) values (116, 'LiveZ', '+34 608 815 4808');
    insert into Suppliers (supp_id, supp_name, contact_num) values (117, 'Brainbox', '+7 339 909 4078');
    insert into Suppliers (supp_id, supp_name, contact_num) values (118, 'Trilia', '+505 748 293 7688');
    insert into Suppliers (supp_id, supp_name, contact_num) values (119, 'Podcat', '+86 680 843 4422');
    insert into Suppliers (supp_id, supp_name, contact_num) values (120, 'Oba', '+998 943 359 4614');
    insert into Suppliers (supp_id, supp_name, contact_num) values (121, 'Fivespan', '+86 421 256 9102');
    insert into Suppliers (supp_id, supp_name, contact_num) values (122, 'BlogXS', '+48 604 641 6245');
    insert into Suppliers (supp_id, supp_name, contact_num) values (123, 'Tagopia', '+84 949 626 4694');
    insert into Suppliers (supp_id, supp_name, contact_num) values (124, 'Blogtags', '+54 389 956 5841');
    insert into Suppliers (supp_id, supp_name, contact_num) values (125, 'Livepath', '+234 915 439 3402');
    insert into Suppliers (supp_id, supp_name, contact_num) values (126, 'Voonix', '+52 983 296 3912');
    insert into Suppliers (supp_id, supp_name, contact_num) values (127, 'Plajo', '+86 569 489 1465');
    insert into Suppliers (supp_id, supp_name, contact_num) values (128, 'Izio', '+7 883 867 5578');
    insert into Suppliers (supp_id, supp_name, contact_num) values (129, 'Riffpath', '+7 541 701 7399');
    insert into Suppliers (supp_id, supp_name, contact_num) values (130, 'Yata', '+46 318 576 6815');
    insert into Suppliers (supp_id, supp_name, contact_num) values (131, 'Skippad', '+62 382 205 6104');
    insert into Suppliers (supp_id, supp_name, contact_num) values (132, 'Jabbersphere', '+62 841 217 2878');
    insert into Suppliers (supp_id, supp_name, contact_num) values (133, 'Layo', '+86 106 502 9273');
    insert into Suppliers (supp_id, supp_name, contact_num) values (134, 'Vidoo', '+86 473 820 3342');
    insert into Suppliers (supp_id, supp_name, contact_num) values (135, 'Roombo', '+234 504 893 3152');
    insert into Suppliers (supp_id, supp_name, contact_num) values (136, 'Meezzy', '+62 297 288 2107');
    insert into Suppliers (supp_id, supp_name, contact_num) values (137, 'LiveZ', '+62 672 362 9391');
    insert into Suppliers (supp_id, supp_name, contact_num) values (138, 'Trunyx', '+598 664 252 7907');
    insert into Suppliers (supp_id, supp_name, contact_num) values (139, 'Tavu', '+48 918 708 2492');
    insert into Suppliers (supp_id, supp_name, contact_num) values (140, 'Centimia', '+7 741 911 6851');
    insert into Suppliers (supp_id, supp_name, contact_num) values (141, 'Fatz', '+66 723 861 2914');
    insert into Suppliers (supp_id, supp_name, contact_num) values (142, 'Dabshots', '+351 721 987 9332');
    insert into Suppliers (supp_id, supp_name, contact_num) values (143, 'Gabvine', '+60 274 738 1587');
    insert into Suppliers (supp_id, supp_name, contact_num) values (144, 'Camido', '+351 230 439 2617');
    insert into Suppliers (supp_id, supp_name, contact_num) values (145, 'Kwimbee', '+86 541 983 2936');
    insert into Suppliers (supp_id, supp_name, contact_num) values (146, 'Skiba', '+62 104 667 7530');
    insert into Suppliers (supp_id, supp_name, contact_num) values (147, 'Meejo', '+591 257 268 5290');
    insert into Suppliers (supp_id, supp_name, contact_num) values (148, 'Meezzy', '+86 163 951 0703');
    insert into Suppliers (supp_id, supp_name, contact_num) values (149, 'Dynabox', '+62 909 841 0265');
    insert into Suppliers (supp_id, supp_name, contact_num) values (150, 'Flashdog', '+62 969 796 7546');
    
    insert into Parts (part_id, name, cost, supp_id) values (1, 'Aluminum', 345.66, 91);
    insert into Parts (part_id, name, cost, supp_id) values (2, 'Granite', 179.56, 44);
    insert into Parts (part_id, name, cost, supp_id) values (3, 'Glass', 631.07, 127);
    insert into Parts (part_id, name, cost, supp_id) values (4, 'Plastic', 224.9, 34);
    insert into Parts (part_id, name, cost, supp_id) values (5, 'Rubber', 299.35, 25);
    insert into Parts (part_id, name, cost, supp_id) values (6, 'Brass', 38.04, 50);
    insert into Parts (part_id, name, cost, supp_id) values (7, 'Plastic', 602.55, 141);
    insert into Parts (part_id, name, cost, supp_id) values (8, 'Granite', 42.11, 95);
    insert into Parts (part_id, name, cost, supp_id) values (9, 'Wood', 377.21, 128);
    insert into Parts (part_id, name, cost, supp_id) values (10, 'Vinyl', 428.09, 136);
    insert into Parts (part_id, name, cost, supp_id) values (11, 'Plastic', 349.04, 99);
    insert into Parts (part_id, name, cost, supp_id) values (12, 'Granite', 504.49, 119);
    insert into Parts (part_id, name, cost, supp_id) values (13, 'Granite', 73.45, 47);
    insert into Parts (part_id, name, cost, supp_id) values (14, 'Plexiglass', 624.63, 29);
    insert into Parts (part_id, name, cost, supp_id) values (15, 'Brass', 650.68, 52);
    insert into Parts (part_id, name, cost, supp_id) values (16, 'Brass', 244.6, 57);
    insert into Parts (part_id, name, cost, supp_id) values (17, 'Steel', 660.12, 2);
    insert into Parts (part_id, name, cost, supp_id) values (18, 'Rubber', 497.77, 141);
    insert into Parts (part_id, name, cost, supp_id) values (19, 'Steel', 319.08, 35);
    insert into Parts (part_id, name, cost, supp_id) values (20, 'Rubber', 149.16, 80);
    insert into Parts (part_id, name, cost, supp_id) values (21, 'Vinyl', 609.02, 107);
    insert into Parts (part_id, name, cost, supp_id) values (22, 'Stone', 588.69, 134);
    insert into Parts (part_id, name, cost, supp_id) values (23, 'Vinyl', 135.66, 143);
    insert into Parts (part_id, name, cost, supp_id) values (24, 'Granite', 235.52, 15);
    insert into Parts (part_id, name, cost, supp_id) values (25, 'Plexiglass', 295.42, 16);
    insert into Parts (part_id, name, cost, supp_id) values (26, 'Wood', 376.39, 141);
    insert into Parts (part_id, name, cost, supp_id) values (27, 'Plastic', 482.7, 30);
    insert into Parts (part_id, name, cost, supp_id) values (28, 'Glass', 650.89, 87);
    insert into Parts (part_id, name, cost, supp_id) values (29, 'Plastic', 467.58, 1);
    insert into Parts (part_id, name, cost, supp_id) values (30, 'Steel', 287.13, 144);
    insert into Parts (part_id, name, cost, supp_id) values (31, 'Plexiglass', 493.77, 131);
    insert into Parts (part_id, name, cost, supp_id) values (32, 'Rubber', 637.06, 102);
    insert into Parts (part_id, name, cost, supp_id) values (33, 'Glass', 456.17, 135);
    insert into Parts (part_id, name, cost, supp_id) values (34, 'Stone', 42.81, 120);
    insert into Parts (part_id, name, cost, supp_id) values (35, 'Steel', 530.24, 118);
    insert into Parts (part_id, name, cost, supp_id) values (36, 'Plexiglass', 602.97, 78);
    insert into Parts (part_id, name, cost, supp_id) values (37, 'Plastic', 369.38, 26);
    insert into Parts (part_id, name, cost, supp_id) values (38, 'Plastic', 180.97, 40);
    insert into Parts (part_id, name, cost, supp_id) values (39, 'Steel', 90.21, 18);
    insert into Parts (part_id, name, cost, supp_id) values (40, 'Plastic', 31.07, 31);
    insert into Parts (part_id, name, cost, supp_id) values (41, 'Stone', 216.4, 52);
    insert into Parts (part_id, name, cost, supp_id) values (42, 'Brass', 514.22, 135);
    insert into Parts (part_id, name, cost, supp_id) values (43, 'Granite', 309.04, 128);
    insert into Parts (part_id, name, cost, supp_id) values (44, 'Brass', 493.93, 41);
    insert into Parts (part_id, name, cost, supp_id) values (45, 'Glass', 486.56, 54);
    insert into Parts (part_id, name, cost, supp_id) values (46, 'Plastic', 198.8, 50);
    insert into Parts (part_id, name, cost, supp_id) values (47, 'Brass', 304.05, 120);
    insert into Parts (part_id, name, cost, supp_id) values (48, 'Vinyl', 64.73, 54);
    insert into Parts (part_id, name, cost, supp_id) values (49, 'Steel', 25.43, 135);
    insert into Parts (part_id, name, cost, supp_id) values (50, 'Vinyl', 500.1, 6);
    insert into Parts (part_id, name, cost, supp_id) values (51, 'Brass', 626.81, 14);
    insert into Parts (part_id, name, cost, supp_id) values (52, 'Brass', 634.0, 113);
    insert into Parts (part_id, name, cost, supp_id) values (53, 'Granite', 360.79, 127);
    insert into Parts (part_id, name, cost, supp_id) values (54, 'Rubber', 304.31, 118);
    insert into Parts (part_id, name, cost, supp_id) values (55, 'Plexiglass', 257.06, 45);
    insert into Parts (part_id, name, cost, supp_id) values (56, 'Plastic', 595.24, 17);
    insert into Parts (part_id, name, cost, supp_id) values (57, 'Plastic', 36.2, 81);
    insert into Parts (part_id, name, cost, supp_id) values (58, 'Glass', 427.92, 93);
    insert into Parts (part_id, name, cost, supp_id) values (59, 'Steel', 198.3, 83);
    insert into Parts (part_id, name, cost, supp_id) values (60, 'Wood', 561.06, 74);
    insert into Parts (part_id, name, cost, supp_id) values (61, 'Brass', 327.69, 141);
    insert into Parts (part_id, name, cost, supp_id) values (62, 'Granite', 49.58, 54);
    insert into Parts (part_id, name, cost, supp_id) values (63, 'Plastic', 530.14, 100);
    insert into Parts (part_id, name, cost, supp_id) values (64, 'Glass', 199.33, 50);
    insert into Parts (part_id, name, cost, supp_id) values (65, 'Stone', 124.87, 58);
    insert into Parts (part_id, name, cost, supp_id) values (66, 'Vinyl', 82.93, 67);
    insert into Parts (part_id, name, cost, supp_id) values (67, 'Glass', 484.07, 57);
    insert into Parts (part_id, name, cost, supp_id) values (68, 'Glass', 249.62, 100);
    insert into Parts (part_id, name, cost, supp_id) values (69, 'Plastic', 73.75, 2);
    insert into Parts (part_id, name, cost, supp_id) values (70, 'Vinyl', 607.12, 97);
    insert into Parts (part_id, name, cost, supp_id) values (71, 'Aluminum', 73.92, 38);
    insert into Parts (part_id, name, cost, supp_id) values (72, 'Plastic', 336.79, 56);
    insert into Parts (part_id, name, cost, supp_id) values (73, 'Vinyl', 77.27, 52);
    insert into Parts (part_id, name, cost, supp_id) values (74, 'Stone', 346.24, 26);
    insert into Parts (part_id, name, cost, supp_id) values (75, 'Plastic', 639.26, 135);
    insert into Parts (part_id, name, cost, supp_id) values (76, 'Stone', 267.82, 61);
    insert into Parts (part_id, name, cost, supp_id) values (77, 'Steel', 449.83, 146);
    insert into Parts (part_id, name, cost, supp_id) values (78, 'Granite', 544.42, 59);
    insert into Parts (part_id, name, cost, supp_id) values (79, 'Aluminum', 308.41, 13);
    insert into Parts (part_id, name, cost, supp_id) values (80, 'Rubber', 634.65, 147);
    insert into Parts (part_id, name, cost, supp_id) values (81, 'Plexiglass', 575.83, 118);
    insert into Parts (part_id, name, cost, supp_id) values (82, 'Steel', 667.25, 135);
    insert into Parts (part_id, name, cost, supp_id) values (83, 'Stone', 176.25, 133);
    insert into Parts (part_id, name, cost, supp_id) values (84, 'Brass', 210.25, 50);
    insert into Parts (part_id, name, cost, supp_id) values (85, 'Rubber', 518.4, 20);
    insert into Parts (part_id, name, cost, supp_id) values (86, 'Glass', 186.82, 105);
    insert into Parts (part_id, name, cost, supp_id) values (87, 'Plexiglass', 299.64, 142);
    insert into Parts (part_id, name, cost, supp_id) values (88, 'Granite', 351.42, 8);
    insert into Parts (part_id, name, cost, supp_id) values (89, 'Vinyl', 386.35, 139);
    insert into Parts (part_id, name, cost, supp_id) values (90, 'Wood', 542.39, 79);
    insert into Parts (part_id, name, cost, supp_id) values (91, 'Plexiglass', 448.56, 58);
    insert into Parts (part_id, name, cost, supp_id) values (92, 'Rubber', 129.2, 56);
    insert into Parts (part_id, name, cost, supp_id) values (93, 'Stone', 188.39, 148);
    insert into Parts (part_id, name, cost, supp_id) values (94, 'Vinyl', 594.65, 73);
    insert into Parts (part_id, name, cost, supp_id) values (95, 'Brass', 462.8, 38);
    insert into Parts (part_id, name, cost, supp_id) values (96, 'Wood', 369.84, 42);
    insert into Parts (part_id, name, cost, supp_id) values (97, 'Stone', 327.99, 73);
    insert into Parts (part_id, name, cost, supp_id) values (98, 'Wood', 653.93, 57);
    insert into Parts (part_id, name, cost, supp_id) values (99, 'Plastic', 587.95, 31);
    insert into Parts (part_id, name, cost, supp_id) values (100, 'Stone', 436.6, 32);
    insert into Parts (part_id, name, cost, supp_id) values (101, 'Steel', 563.44, 8);
    insert into Parts (part_id, name, cost, supp_id) values (102, 'Vinyl', 551.61, 105);
    insert into Parts (part_id, name, cost, supp_id) values (103, 'Stone', 421.35, 13);
    insert into Parts (part_id, name, cost, supp_id) values (104, 'Vinyl', 522.76, 102);
    insert into Parts (part_id, name, cost, supp_id) values (105, 'Glass', 584.83, 41);
    insert into Parts (part_id, name, cost, supp_id) values (106, 'Aluminum', 244.13, 133);
    insert into Parts (part_id, name, cost, supp_id) values (107, 'Aluminum', 563.61, 57);
    insert into Parts (part_id, name, cost, supp_id) values (108, 'Plexiglass', 323.81, 102);
    insert into Parts (part_id, name, cost, supp_id) values (109, 'Aluminum', 255.02, 7);
    insert into Parts (part_id, name, cost, supp_id) values (110, 'Stone', 275.7, 95);
    insert into Parts (part_id, name, cost, supp_id) values (111, 'Wood', 460.74, 35);
    insert into Parts (part_id, name, cost, supp_id) values (112, 'Steel', 311.92, 68);
    insert into Parts (part_id, name, cost, supp_id) values (113, 'Glass', 321.96, 23);
    insert into Parts (part_id, name, cost, supp_id) values (114, 'Aluminum', 255.82, 94);
    insert into Parts (part_id, name, cost, supp_id) values (115, 'Vinyl', 69.81, 33);
    insert into Parts (part_id, name, cost, supp_id) values (116, 'Plastic', 655.23, 87);
    insert into Parts (part_id, name, cost, supp_id) values (117, 'Aluminum', 291.99, 56);
    insert into Parts (part_id, name, cost, supp_id) values (118, 'Rubber', 372.66, 104);
    insert into Parts (part_id, name, cost, supp_id) values (119, 'Granite', 52.44, 2);
    insert into Parts (part_id, name, cost, supp_id) values (120, 'Steel', 404.21, 117);
    insert into Parts (part_id, name, cost, supp_id) values (121, 'Plexiglass', 635.51, 125);
    insert into Parts (part_id, name, cost, supp_id) values (122, 'Wood', 614.63, 8);
    insert into Parts (part_id, name, cost, supp_id) values (123, 'Wood', 402.37, 105);
    insert into Parts (part_id, name, cost, supp_id) values (124, 'Aluminum', 620.56, 53);
    insert into Parts (part_id, name, cost, supp_id) values (125, 'Aluminum', 523.4, 61);
    insert into Parts (part_id, name, cost, supp_id) values (126, 'Plexiglass', 165.1, 131);
    insert into Parts (part_id, name, cost, supp_id) values (127, 'Steel', 195.04, 88);
    insert into Parts (part_id, name, cost, supp_id) values (128, 'Plexiglass', 510.99, 86);
    insert into Parts (part_id, name, cost, supp_id) values (129, 'Steel', 166.9, 91);
    insert into Parts (part_id, name, cost, supp_id) values (130, 'Vinyl', 212.36, 115);
    insert into Parts (part_id, name, cost, supp_id) values (131, 'Steel', 331.74, 24);
    insert into Parts (part_id, name, cost, supp_id) values (132, 'Granite', 606.43, 132);
    insert into Parts (part_id, name, cost, supp_id) values (133, 'Aluminum', 207.84, 14);
    insert into Parts (part_id, name, cost, supp_id) values (134, 'Aluminum', 114.58, 13);
    insert into Parts (part_id, name, cost, supp_id) values (135, 'Aluminum', 388.75, 75);
    insert into Parts (part_id, name, cost, supp_id) values (136, 'Wood', 217.88, 84);
    insert into Parts (part_id, name, cost, supp_id) values (137, 'Plastic', 237.13, 111);
    insert into Parts (part_id, name, cost, supp_id) values (138, 'Glass', 235.22, 13);
    insert into Parts (part_id, name, cost, supp_id) values (139, 'Vinyl', 419.95, 16);
    insert into Parts (part_id, name, cost, supp_id) values (140, 'Wood', 305.19, 142);
    insert into Parts (part_id, name, cost, supp_id) values (141, 'Steel', 37.18, 108);
    insert into Parts (part_id, name, cost, supp_id) values (142, 'Glass', 472.52, 55);
    insert into Parts (part_id, name, cost, supp_id) values (143, 'Brass', 431.29, 97);
    insert into Parts (part_id, name, cost, supp_id) values (144, 'Plexiglass', 211.2, 52);
    insert into Parts (part_id, name, cost, supp_id) values (145, 'Plastic', 66.5, 120);
    insert into Parts (part_id, name, cost, supp_id) values (146, 'Vinyl', 134.63, 113);
    insert into Parts (part_id, name, cost, supp_id) values (147, 'Aluminum', 489.56, 13);
    insert into Parts (part_id, name, cost, supp_id) values (148, 'Plexiglass', 497.89, 7);
    insert into Parts (part_id, name, cost, supp_id) values (149, 'Brass', 165.5, 102);
    insert into Parts (part_id, name, cost, supp_id) values (150, 'Stone', 344.62, 27);
    insert into Parts (part_id, name, cost, supp_id) values (151, 'Steel', 51.13, 132);
    insert into Parts (part_id, name, cost, supp_id) values (152, 'Brass', 208.45, 25);
    insert into Parts (part_id, name, cost, supp_id) values (153, 'Wood', 27.66, 79);
    insert into Parts (part_id, name, cost, supp_id) values (154, 'Steel', 607.37, 129);
    insert into Parts (part_id, name, cost, supp_id) values (155, 'Steel', 60.24, 33);
    insert into Parts (part_id, name, cost, supp_id) values (156, 'Stone', 285.48, 140);
    insert into Parts (part_id, name, cost, supp_id) values (157, 'Steel', 436.99, 144);
    insert into Parts (part_id, name, cost, supp_id) values (158, 'Glass', 271.8, 103);
    insert into Parts (part_id, name, cost, supp_id) values (159, 'Rubber', 612.5, 13);
    insert into Parts (part_id, name, cost, supp_id) values (160, 'Aluminum', 282.55, 115);
    insert into Parts (part_id, name, cost, supp_id) values (161, 'Vinyl', 85.28, 98);
    insert into Parts (part_id, name, cost, supp_id) values (162, 'Plastic', 105.68, 31);
    insert into Parts (part_id, name, cost, supp_id) values (163, 'Aluminum', 372.14, 75);
    insert into Parts (part_id, name, cost, supp_id) values (164, 'Aluminum', 103.36, 113);
    insert into Parts (part_id, name, cost, supp_id) values (165, 'Granite', 616.47, 32);
    insert into Parts (part_id, name, cost, supp_id) values (166, 'Plastic', 393.16, 53);
    insert into Parts (part_id, name, cost, supp_id) values (167, 'Granite', 384.49, 124);
    insert into Parts (part_id, name, cost, supp_id) values (168, 'Glass', 69.57, 71);
    insert into Parts (part_id, name, cost, supp_id) values (169, 'Plastic', 637.71, 97);
    insert into Parts (part_id, name, cost, supp_id) values (170, 'Brass', 548.47, 135);
    insert into Parts (part_id, name, cost, supp_id) values (171, 'Plastic', 172.73, 73);
    insert into Parts (part_id, name, cost, supp_id) values (172, 'Brass', 499.86, 23);
    insert into Parts (part_id, name, cost, supp_id) values (173, 'Vinyl', 381.72, 42);
    insert into Parts (part_id, name, cost, supp_id) values (174, 'Aluminum', 88.43, 49);
    insert into Parts (part_id, name, cost, supp_id) values (175, 'Plexiglass', 141.06, 136);
    insert into Parts (part_id, name, cost, supp_id) values (176, 'Glass', 182.72, 5);
    insert into Parts (part_id, name, cost, supp_id) values (177, 'Glass', 207.01, 84);
    insert into Parts (part_id, name, cost, supp_id) values (178, 'Plexiglass', 552.75, 116);
    insert into Parts (part_id, name, cost, supp_id) values (179, 'Aluminum', 119.55, 59);
    insert into Parts (part_id, name, cost, supp_id) values (180, 'Granite', 528.72, 10);
    insert into Parts (part_id, name, cost, supp_id) values (181, 'Vinyl', 185.21, 106);
    insert into Parts (part_id, name, cost, supp_id) values (182, 'Rubber', 637.42, 43);
    insert into Parts (part_id, name, cost, supp_id) values (183, 'Rubber', 399.75, 79);
    insert into Parts (part_id, name, cost, supp_id) values (184, 'Plastic', 487.27, 140);
    insert into Parts (part_id, name, cost, supp_id) values (185, 'Granite', 452.82, 15);
    insert into Parts (part_id, name, cost, supp_id) values (186, 'Stone', 113.13, 6);
    insert into Parts (part_id, name, cost, supp_id) values (187, 'Wood', 156.08, 29);
    insert into Parts (part_id, name, cost, supp_id) values (188, 'Aluminum', 234.61, 71);
    insert into Parts (part_id, name, cost, supp_id) values (189, 'Stone', 74.98, 138);
    insert into Parts (part_id, name, cost, supp_id) values (190, 'Plastic', 443.84, 134);
    insert into Parts (part_id, name, cost, supp_id) values (191, 'Wood', 295.94, 77);
    insert into Parts (part_id, name, cost, supp_id) values (192, 'Steel', 78.32, 10);
    insert into Parts (part_id, name, cost, supp_id) values (193, 'Plexiglass', 117.13, 102);
    insert into Parts (part_id, name, cost, supp_id) values (194, 'Steel', 221.86, 40);
    insert into Parts (part_id, name, cost, supp_id) values (195, 'Stone', 299.7, 95);
    insert into Parts (part_id, name, cost, supp_id) values (196, 'Glass', 276.13, 138);
    insert into Parts (part_id, name, cost, supp_id) values (197, 'Glass', 148.81, 7);
    insert into Parts (part_id, name, cost, supp_id) values (198, 'Aluminum', 352.88, 1);
    insert into Parts (part_id, name, cost, supp_id) values (199, 'Glass', 646.21, 87);
    insert into Parts (part_id, name, cost, supp_id) values (200, 'Wood', 549.79, 138);
    insert into Parts (part_id, name, cost, supp_id) values (201, 'Rubber', 153.05, 145);
    insert into Parts (part_id, name, cost, supp_id) values (202, 'Plexiglass', 443.13, 88);
    insert into Parts (part_id, name, cost, supp_id) values (203, 'Plastic', 413.72, 86);
    insert into Parts (part_id, name, cost, supp_id) values (204, 'Plastic', 468.55, 116);
    insert into Parts (part_id, name, cost, supp_id) values (205, 'Rubber', 415.47, 94);
    insert into Parts (part_id, name, cost, supp_id) values (206, 'Wood', 297.91, 53);
    insert into Parts (part_id, name, cost, supp_id) values (207, 'Rubber', 294.68, 16);
    insert into Parts (part_id, name, cost, supp_id) values (208, 'Granite', 589.23, 140);
    insert into Parts (part_id, name, cost, supp_id) values (209, 'Vinyl', 476.62, 127);
    insert into Parts (part_id, name, cost, supp_id) values (210, 'Brass', 479.96, 44);
    insert into Parts (part_id, name, cost, supp_id) values (211, 'Vinyl', 99.06, 63);
    insert into Parts (part_id, name, cost, supp_id) values (212, 'Aluminum', 234.68, 93);
    insert into Parts (part_id, name, cost, supp_id) values (213, 'Rubber', 244.36, 65);
    insert into Parts (part_id, name, cost, supp_id) values (214, 'Glass', 92.7, 107);
    insert into Parts (part_id, name, cost, supp_id) values (215, 'Glass', 665.31, 89);
    insert into Parts (part_id, name, cost, supp_id) values (216, 'Wood', 507.56, 54);
    insert into Parts (part_id, name, cost, supp_id) values (217, 'Plexiglass', 203.5, 61);
    insert into Parts (part_id, name, cost, supp_id) values (218, 'Rubber', 76.88, 144);
    insert into Parts (part_id, name, cost, supp_id) values (219, 'Glass', 409.15, 129);
    insert into Parts (part_id, name, cost, supp_id) values (220, 'Plastic', 313.49, 24);
    insert into Parts (part_id, name, cost, supp_id) values (221, 'Wood', 580.64, 145);
    insert into Parts (part_id, name, cost, supp_id) values (222, 'Plastic', 593.42, 89);
    insert into Parts (part_id, name, cost, supp_id) values (223, 'Granite', 556.86, 87);
    insert into Parts (part_id, name, cost, supp_id) values (224, 'Stone', 376.64, 85);
    insert into Parts (part_id, name, cost, supp_id) values (225, 'Plastic', 587.25, 42);
    insert into Parts (part_id, name, cost, supp_id) values (226, 'Steel', 131.9, 126);
    insert into Parts (part_id, name, cost, supp_id) values (227, 'Granite', 184.59, 32);
    insert into Parts (part_id, name, cost, supp_id) values (228, 'Stone', 248.06, 112);
    insert into Parts (part_id, name, cost, supp_id) values (229, 'Stone', 257.43, 44);
    insert into Parts (part_id, name, cost, supp_id) values (230, 'Glass', 117.52, 149);
    insert into Parts (part_id, name, cost, supp_id) values (231, 'Vinyl', 460.37, 25);
    insert into Parts (part_id, name, cost, supp_id) values (232, 'Stone', 44.05, 104);
    insert into Parts (part_id, name, cost, supp_id) values (233, 'Granite', 562.79, 133);
    insert into Parts (part_id, name, cost, supp_id) values (234, 'Rubber', 351.06, 104);
    insert into Parts (part_id, name, cost, supp_id) values (235, 'Wood', 332.67, 18);
    insert into Parts (part_id, name, cost, supp_id) values (236, 'Glass', 350.75, 75);
    insert into Parts (part_id, name, cost, supp_id) values (237, 'Wood', 43.45, 45);
    insert into Parts (part_id, name, cost, supp_id) values (238, 'Brass', 300.25, 62);
    insert into Parts (part_id, name, cost, supp_id) values (239, 'Aluminum', 173.77, 141);
    insert into Parts (part_id, name, cost, supp_id) values (240, 'Brass', 503.46, 3);
    insert into Parts (part_id, name, cost, supp_id) values (241, 'Glass', 324.36, 88);
    insert into Parts (part_id, name, cost, supp_id) values (242, 'Granite', 25.06, 107);
    insert into Parts (part_id, name, cost, supp_id) values (243, 'Granite', 358.76, 36);
    insert into Parts (part_id, name, cost, supp_id) values (244, 'Brass', 301.06, 38);
    insert into Parts (part_id, name, cost, supp_id) values (245, 'Plexiglass', 398.46, 48);
    insert into Parts (part_id, name, cost, supp_id) values (246, 'Glass', 404.12, 126);
    insert into Parts (part_id, name, cost, supp_id) values (247, 'Plexiglass', 156.53, 72);
    insert into Parts (part_id, name, cost, supp_id) values (248, 'Glass', 264.32, 48);
    insert into Parts (part_id, name, cost, supp_id) values (249, 'Rubber', 316.96, 146);
    insert into Parts (part_id, name, cost, supp_id) values (250, 'Plastic', 146.37, 98);
    insert into Parts (part_id, name, cost, supp_id) values (251, 'Stone', 363.03, 75);
    insert into Parts (part_id, name, cost, supp_id) values (252, 'Stone', 484.8, 134);
    insert into Parts (part_id, name, cost, supp_id) values (253, 'Brass', 615.16, 52);
    insert into Parts (part_id, name, cost, supp_id) values (254, 'Stone', 276.13, 149);
    insert into Parts (part_id, name, cost, supp_id) values (255, 'Granite', 373.99, 86);
    insert into Parts (part_id, name, cost, supp_id) values (256, 'Stone', 124.58, 64);
    insert into Parts (part_id, name, cost, supp_id) values (257, 'Wood', 566.59, 137);
    insert into Parts (part_id, name, cost, supp_id) values (258, 'Granite', 239.71, 73);
    insert into Parts (part_id, name, cost, supp_id) values (259, 'Vinyl', 142.78, 118);
    insert into Parts (part_id, name, cost, supp_id) values (260, 'Plexiglass', 611.66, 113);
    insert into Parts (part_id, name, cost, supp_id) values (261, 'Stone', 539.79, 145);
    insert into Parts (part_id, name, cost, supp_id) values (262, 'Stone', 494.39, 116);
    insert into Parts (part_id, name, cost, supp_id) values (263, 'Plastic', 532.31, 73);
    insert into Parts (part_id, name, cost, supp_id) values (264, 'Glass', 220.73, 120);
    insert into Parts (part_id, name, cost, supp_id) values (265, 'Plastic', 92.78, 106);
    insert into Parts (part_id, name, cost, supp_id) values (266, 'Glass', 64.76, 145);
    insert into Parts (part_id, name, cost, supp_id) values (267, 'Wood', 324.87, 20);
    insert into Parts (part_id, name, cost, supp_id) values (268, 'Plexiglass', 373.22, 58);
    insert into Parts (part_id, name, cost, supp_id) values (269, 'Aluminum', 196.54, 129);
    insert into Parts (part_id, name, cost, supp_id) values (270, 'Brass', 395.64, 23);
    insert into Parts (part_id, name, cost, supp_id) values (271, 'Steel', 269.94, 47);
    insert into Parts (part_id, name, cost, supp_id) values (272, 'Vinyl', 369.51, 24);
    insert into Parts (part_id, name, cost, supp_id) values (273, 'Brass', 193.93, 22);
    insert into Parts (part_id, name, cost, supp_id) values (274, 'Steel', 82.62, 12);
    insert into Parts (part_id, name, cost, supp_id) values (275, 'Steel', 271.84, 104);
    insert into Parts (part_id, name, cost, supp_id) values (276, 'Plastic', 543.25, 1);
    insert into Parts (part_id, name, cost, supp_id) values (277, 'Brass', 159.78, 149);
    insert into Parts (part_id, name, cost, supp_id) values (278, 'Brass', 571.57, 33);
    insert into Parts (part_id, name, cost, supp_id) values (279, 'Brass', 474.32, 51);
    insert into Parts (part_id, name, cost, supp_id) values (280, 'Rubber', 219.99, 17);
    insert into Parts (part_id, name, cost, supp_id) values (281, 'Stone', 461.87, 49);
    insert into Parts (part_id, name, cost, supp_id) values (282, 'Plastic', 351.72, 141);
    insert into Parts (part_id, name, cost, supp_id) values (283, 'Vinyl', 604.92, 121);
    insert into Parts (part_id, name, cost, supp_id) values (284, 'Granite', 366.04, 3);
    insert into Parts (part_id, name, cost, supp_id) values (285, 'Granite', 377.16, 48);
    insert into Parts (part_id, name, cost, supp_id) values (286, 'Vinyl', 44.71, 134);
    insert into Parts (part_id, name, cost, supp_id) values (287, 'Aluminum', 364.5, 14);
    insert into Parts (part_id, name, cost, supp_id) values (288, 'Steel', 465.29, 125);
    insert into Parts (part_id, name, cost, supp_id) values (289, 'Brass', 167.24, 26);
    insert into Parts (part_id, name, cost, supp_id) values (290, 'Wood', 159.56, 32);
    insert into Parts (part_id, name, cost, supp_id) values (291, 'Granite', 54.07, 130);
    insert into Parts (part_id, name, cost, supp_id) values (292, 'Wood', 69.45, 112);
    insert into Parts (part_id, name, cost, supp_id) values (293, 'Plexiglass', 119.38, 130);
    insert into Parts (part_id, name, cost, supp_id) values (294, 'Wood', 475.16, 43);
    insert into Parts (part_id, name, cost, supp_id) values (295, 'Steel', 120.94, 29);
    insert into Parts (part_id, name, cost, supp_id) values (296, 'Stone', 463.94, 31);
    insert into Parts (part_id, name, cost, supp_id) values (297, 'Vinyl', 665.12, 31);
    insert into Parts (part_id, name, cost, supp_id) values (298, 'Granite', 641.72, 33);
    insert into Parts (part_id, name, cost, supp_id) values (299, 'Rubber', 498.47, 145);
    insert into Parts (part_id, name, cost, supp_id) values (300, 'Rubber', 118.0, 45);
    insert into Parts (part_id, name, cost, supp_id) values (301, 'Plastic', 85.67, 129);
    insert into Parts (part_id, name, cost, supp_id) values (302, 'Wood', 68.08, 24);
    insert into Parts (part_id, name, cost, supp_id) values (303, 'Plastic', 281.9, 136);
    insert into Parts (part_id, name, cost, supp_id) values (304, 'Plastic', 525.14, 43);
    insert into Parts (part_id, name, cost, supp_id) values (305, 'Granite', 569.13, 122);
    insert into Parts (part_id, name, cost, supp_id) values (306, 'Vinyl', 422.79, 9);
    insert into Parts (part_id, name, cost, supp_id) values (307, 'Aluminum', 543.36, 5);
    insert into Parts (part_id, name, cost, supp_id) values (308, 'Plexiglass', 78.95, 30);
    insert into Parts (part_id, name, cost, supp_id) values (309, 'Vinyl', 406.16, 79);
    insert into Parts (part_id, name, cost, supp_id) values (310, 'Plexiglass', 442.04, 86);
    insert into Parts (part_id, name, cost, supp_id) values (311, 'Plastic', 105.47, 150);
    insert into Parts (part_id, name, cost, supp_id) values (312, 'Granite', 163.91, 140);
    insert into Parts (part_id, name, cost, supp_id) values (313, 'Stone', 353.58, 81);
    insert into Parts (part_id, name, cost, supp_id) values (314, 'Wood', 425.99, 12);
    insert into Parts (part_id, name, cost, supp_id) values (315, 'Brass', 142.94, 71);
    insert into Parts (part_id, name, cost, supp_id) values (316, 'Aluminum', 646.6, 93);
    insert into Parts (part_id, name, cost, supp_id) values (317, 'Plexiglass', 381.61, 37);
    insert into Parts (part_id, name, cost, supp_id) values (318, 'Wood', 230.33, 131);
    insert into Parts (part_id, name, cost, supp_id) values (319, 'Glass', 520.29, 108);
    insert into Parts (part_id, name, cost, supp_id) values (320, 'Plastic', 376.71, 64);
    insert into Parts (part_id, name, cost, supp_id) values (321, 'Vinyl', 552.71, 139);
    insert into Parts (part_id, name, cost, supp_id) values (322, 'Granite', 249.46, 85);
    insert into Parts (part_id, name, cost, supp_id) values (323, 'Wood', 83.82, 89);
    insert into Parts (part_id, name, cost, supp_id) values (324, 'Wood', 440.72, 14);
    insert into Parts (part_id, name, cost, supp_id) values (325, 'Wood', 451.96, 146);
    insert into Parts (part_id, name, cost, supp_id) values (326, 'Granite', 552.84, 138);
    insert into Parts (part_id, name, cost, supp_id) values (327, 'Brass', 566.81, 12);
    insert into Parts (part_id, name, cost, supp_id) values (328, 'Aluminum', 370.32, 6);
    insert into Parts (part_id, name, cost, supp_id) values (329, 'Plexiglass', 185.35, 144);
    insert into Parts (part_id, name, cost, supp_id) values (330, 'Wood', 471.52, 52);
    insert into Parts (part_id, name, cost, supp_id) values (331, 'Brass', 341.32, 130);
    insert into Parts (part_id, name, cost, supp_id) values (332, 'Stone', 278.34, 79);
    insert into Parts (part_id, name, cost, supp_id) values (333, 'Stone', 664.32, 66);
    insert into Parts (part_id, name, cost, supp_id) values (334, 'Rubber', 366.45, 83);
    insert into Parts (part_id, name, cost, supp_id) values (335, 'Brass', 545.92, 77);
    insert into Parts (part_id, name, cost, supp_id) values (336, 'Wood', 206.9, 15);
    insert into Parts (part_id, name, cost, supp_id) values (337, 'Wood', 333.01, 89);
    insert into Parts (part_id, name, cost, supp_id) values (338, 'Wood', 106.98, 143);
    insert into Parts (part_id, name, cost, supp_id) values (339, 'Rubber', 136.57, 79);
    insert into Parts (part_id, name, cost, supp_id) values (340, 'Vinyl', 629.31, 140);
    insert into Parts (part_id, name, cost, supp_id) values (341, 'Aluminum', 627.82, 79);
    insert into Parts (part_id, name, cost, supp_id) values (342, 'Brass', 650.1, 28);
    insert into Parts (part_id, name, cost, supp_id) values (343, 'Glass', 616.42, 123);
    insert into Parts (part_id, name, cost, supp_id) values (344, 'Steel', 455.58, 27);
    insert into Parts (part_id, name, cost, supp_id) values (345, 'Rubber', 297.97, 34);
    insert into Parts (part_id, name, cost, supp_id) values (346, 'Stone', 365.97, 95);
    insert into Parts (part_id, name, cost, supp_id) values (347, 'Plastic', 321.82, 143);
    insert into Parts (part_id, name, cost, supp_id) values (348, 'Granite', 390.28, 31);
    insert into Parts (part_id, name, cost, supp_id) values (349, 'Glass', 329.54, 25);
    insert into Parts (part_id, name, cost, supp_id) values (350, 'Vinyl', 127.59, 113);
    insert into Parts (part_id, name, cost, supp_id) values (351, 'Wood', 228.0, 55);
    insert into Parts (part_id, name, cost, supp_id) values (352, 'Steel', 303.93, 133);
    insert into Parts (part_id, name, cost, supp_id) values (353, 'Plexiglass', 654.14, 20);
    insert into Parts (part_id, name, cost, supp_id) values (354, 'Brass', 463.1, 33);
    insert into Parts (part_id, name, cost, supp_id) values (355, 'Stone', 610.66, 90);
    insert into Parts (part_id, name, cost, supp_id) values (356, 'Wood', 112.41, 96);
    insert into Parts (part_id, name, cost, supp_id) values (357, 'Plexiglass', 295.04, 94);
    insert into Parts (part_id, name, cost, supp_id) values (358, 'Vinyl', 187.88, 50);
    insert into Parts (part_id, name, cost, supp_id) values (359, 'Granite', 402.67, 72);
    insert into Parts (part_id, name, cost, supp_id) values (360, 'Stone', 489.57, 96);
    insert into Parts (part_id, name, cost, supp_id) values (361, 'Plexiglass', 474.11, 30);
    insert into Parts (part_id, name, cost, supp_id) values (362, 'Glass', 375.49, 129);
    insert into Parts (part_id, name, cost, supp_id) values (363, 'Aluminum', 473.91, 71);
    insert into Parts (part_id, name, cost, supp_id) values (364, 'Wood', 482.03, 70);
    insert into Parts (part_id, name, cost, supp_id) values (365, 'Aluminum', 568.7, 115);
    insert into Parts (part_id, name, cost, supp_id) values (366, 'Plastic', 647.97, 61);
    insert into Parts (part_id, name, cost, supp_id) values (367, 'Rubber', 307.73, 118);
    insert into Parts (part_id, name, cost, supp_id) values (368, 'Steel', 497.83, 67);
    insert into Parts (part_id, name, cost, supp_id) values (369, 'Plexiglass', 111.14, 60);
    insert into Parts (part_id, name, cost, supp_id) values (370, 'Plastic', 555.86, 1);
    insert into Parts (part_id, name, cost, supp_id) values (371, 'Rubber', 57.33, 142);
    insert into Parts (part_id, name, cost, supp_id) values (372, 'Rubber', 603.97, 150);
    insert into Parts (part_id, name, cost, supp_id) values (373, 'Stone', 502.16, 7);
    insert into Parts (part_id, name, cost, supp_id) values (374, 'Wood', 528.35, 40);
    insert into Parts (part_id, name, cost, supp_id) values (375, 'Vinyl', 279.94, 120);
    insert into Parts (part_id, name, cost, supp_id) values (376, 'Brass', 283.4, 121);
    insert into Parts (part_id, name, cost, supp_id) values (377, 'Brass', 255.74, 95);
    insert into Parts (part_id, name, cost, supp_id) values (378, 'Stone', 401.69, 139);
    insert into Parts (part_id, name, cost, supp_id) values (379, 'Plexiglass', 28.09, 129);
    insert into Parts (part_id, name, cost, supp_id) values (380, 'Wood', 527.54, 43);
    insert into Parts (part_id, name, cost, supp_id) values (381, 'Stone', 461.72, 71);
    insert into Parts (part_id, name, cost, supp_id) values (382, 'Plexiglass', 550.97, 138);
    insert into Parts (part_id, name, cost, supp_id) values (383, 'Plexiglass', 357.89, 88);
    insert into Parts (part_id, name, cost, supp_id) values (384, 'Steel', 195.86, 18);
    insert into Parts (part_id, name, cost, supp_id) values (385, 'Rubber', 358.17, 107);
    insert into Parts (part_id, name, cost, supp_id) values (386, 'Brass', 348.04, 40);
    insert into Parts (part_id, name, cost, supp_id) values (387, 'Vinyl', 387.13, 66);
    insert into Parts (part_id, name, cost, supp_id) values (388, 'Brass', 271.72, 79);
    insert into Parts (part_id, name, cost, supp_id) values (389, 'Wood', 211.7, 115);
    insert into Parts (part_id, name, cost, supp_id) values (390, 'Stone', 93.6, 87);
    insert into Parts (part_id, name, cost, supp_id) values (391, 'Plexiglass', 159.01, 30);
    insert into Parts (part_id, name, cost, supp_id) values (392, 'Stone', 597.48, 143);
    insert into Parts (part_id, name, cost, supp_id) values (393, 'Plastic', 561.43, 68);
    insert into Parts (part_id, name, cost, supp_id) values (394, 'Glass', 142.37, 97);
    insert into Parts (part_id, name, cost, supp_id) values (395, 'Rubber', 320.6, 13);
    insert into Parts (part_id, name, cost, supp_id) values (396, 'Rubber', 626.27, 3);
    insert into Parts (part_id, name, cost, supp_id) values (397, 'Plastic', 322.49, 126);
    insert into Parts (part_id, name, cost, supp_id) values (398, 'Glass', 400.46, 23);
    insert into Parts (part_id, name, cost, supp_id) values (399, 'Wood', 442.03, 5);
    insert into Parts (part_id, name, cost, supp_id) values (400, 'Stone', 35.71, 66);
    insert into Parts (part_id, name, cost, supp_id) values (401, 'Aluminum', 248.23, 77);
    insert into Parts (part_id, name, cost, supp_id) values (402, 'Glass', 557.3, 57);
    insert into Parts (part_id, name, cost, supp_id) values (403, 'Glass', 125.53, 95);
    insert into Parts (part_id, name, cost, supp_id) values (404, 'Aluminum', 371.85, 101);
    insert into Parts (part_id, name, cost, supp_id) values (405, 'Plastic', 189.4, 41);
    insert into Parts (part_id, name, cost, supp_id) values (406, 'Stone', 185.51, 73);
    insert into Parts (part_id, name, cost, supp_id) values (407, 'Stone', 497.15, 140);
    insert into Parts (part_id, name, cost, supp_id) values (408, 'Stone', 650.62, 70);
    insert into Parts (part_id, name, cost, supp_id) values (409, 'Glass', 98.44, 39);
    insert into Parts (part_id, name, cost, supp_id) values (410, 'Brass', 491.12, 66);
    insert into Parts (part_id, name, cost, supp_id) values (411, 'Plastic', 500.72, 3);
    insert into Parts (part_id, name, cost, supp_id) values (412, 'Granite', 269.9, 33);
    insert into Parts (part_id, name, cost, supp_id) values (413, 'Plastic', 481.96, 77);
    insert into Parts (part_id, name, cost, supp_id) values (414, 'Brass', 171.42, 25);
    insert into Parts (part_id, name, cost, supp_id) values (415, 'Wood', 311.5, 114);
    insert into Parts (part_id, name, cost, supp_id) values (416, 'Granite', 425.66, 106);
    insert into Parts (part_id, name, cost, supp_id) values (417, 'Steel', 322.36, 23);
    insert into Parts (part_id, name, cost, supp_id) values (418, 'Aluminum', 539.26, 98);
    insert into Parts (part_id, name, cost, supp_id) values (419, 'Glass', 572.41, 60);
    insert into Parts (part_id, name, cost, supp_id) values (420, 'Granite', 577.99, 79);
    insert into Parts (part_id, name, cost, supp_id) values (421, 'Aluminum', 246.2, 101);
    insert into Parts (part_id, name, cost, supp_id) values (422, 'Glass', 213.98, 44);
    insert into Parts (part_id, name, cost, supp_id) values (423, 'Vinyl', 351.21, 81);
    insert into Parts (part_id, name, cost, supp_id) values (424, 'Plexiglass', 353.31, 4);
    insert into Parts (part_id, name, cost, supp_id) values (425, 'Wood', 110.8, 49);
    insert into Parts (part_id, name, cost, supp_id) values (426, 'Plexiglass', 425.82, 147);
    insert into Parts (part_id, name, cost, supp_id) values (427, 'Vinyl', 112.08, 95);
    insert into Parts (part_id, name, cost, supp_id) values (428, 'Brass', 411.51, 49);
    insert into Parts (part_id, name, cost, supp_id) values (429, 'Glass', 350.31, 69);
    insert into Parts (part_id, name, cost, supp_id) values (430, 'Rubber', 440.89, 138);
    insert into Parts (part_id, name, cost, supp_id) values (431, 'Plastic', 122.63, 121);
    insert into Parts (part_id, name, cost, supp_id) values (432, 'Stone', 367.26, 106);
    insert into Parts (part_id, name, cost, supp_id) values (433, 'Stone', 574.81, 22);
    insert into Parts (part_id, name, cost, supp_id) values (434, 'Steel', 538.15, 97);
    insert into Parts (part_id, name, cost, supp_id) values (435, 'Wood', 202.19, 109);
    insert into Parts (part_id, name, cost, supp_id) values (436, 'Steel', 296.18, 57);
    insert into Parts (part_id, name, cost, supp_id) values (437, 'Plastic', 166.02, 88);
    insert into Parts (part_id, name, cost, supp_id) values (438, 'Vinyl', 223.22, 29);
    insert into Parts (part_id, name, cost, supp_id) values (439, 'Steel', 579.19, 38);
    insert into Parts (part_id, name, cost, supp_id) values (440, 'Wood', 471.03, 110);
    insert into Parts (part_id, name, cost, supp_id) values (441, 'Plexiglass', 259.21, 97);
    insert into Parts (part_id, name, cost, supp_id) values (442, 'Rubber', 207.34, 98);
    insert into Parts (part_id, name, cost, supp_id) values (443, 'Rubber', 224.45, 56);
    insert into Parts (part_id, name, cost, supp_id) values (444, 'Vinyl', 114.95, 85);
    insert into Parts (part_id, name, cost, supp_id) values (445, 'Rubber', 270.26, 12);
    insert into Parts (part_id, name, cost, supp_id) values (446, 'Stone', 146.47, 99);
    insert into Parts (part_id, name, cost, supp_id) values (447, 'Stone', 506.35, 106);
    insert into Parts (part_id, name, cost, supp_id) values (448, 'Glass', 75.5, 125);
    insert into Parts (part_id, name, cost, supp_id) values (449, 'Brass', 321.19, 109);
    insert into Parts (part_id, name, cost, supp_id) values (450, 'Aluminum', 656.96, 38);
    insert into Parts (part_id, name, cost, supp_id) values (451, 'Glass', 539.54, 87);
    insert into Parts (part_id, name, cost, supp_id) values (452, 'Wood', 257.16, 77);
    insert into Parts (part_id, name, cost, supp_id) values (453, 'Wood', 503.62, 67);
    insert into Parts (part_id, name, cost, supp_id) values (454, 'Plexiglass', 355.54, 142);
    insert into Parts (part_id, name, cost, supp_id) values (455, 'Stone', 390.78, 10);
    insert into Parts (part_id, name, cost, supp_id) values (456, 'Steel', 58.38, 61);
    insert into Parts (part_id, name, cost, supp_id) values (457, 'Plexiglass', 37.93, 32);
    insert into Parts (part_id, name, cost, supp_id) values (458, 'Stone', 359.0, 94);
    insert into Parts (part_id, name, cost, supp_id) values (459, 'Rubber', 554.85, 25);
    insert into Parts (part_id, name, cost, supp_id) values (460, 'Vinyl', 660.88, 53);
    insert into Parts (part_id, name, cost, supp_id) values (461, 'Plexiglass', 394.1, 118);
    insert into Parts (part_id, name, cost, supp_id) values (462, 'Plexiglass', 260.68, 96);
    insert into Parts (part_id, name, cost, supp_id) values (463, 'Rubber', 145.99, 56);
    insert into Parts (part_id, name, cost, supp_id) values (464, 'Stone', 193.3, 11);
    insert into Parts (part_id, name, cost, supp_id) values (465, 'Granite', 630.02, 75);
    insert into Parts (part_id, name, cost, supp_id) values (466, 'Granite', 431.27, 108);
    insert into Parts (part_id, name, cost, supp_id) values (467, 'Wood', 295.09, 94);
    insert into Parts (part_id, name, cost, supp_id) values (468, 'Plastic', 535.01, 101);
    insert into Parts (part_id, name, cost, supp_id) values (469, 'Aluminum', 101.05, 42);
    insert into Parts (part_id, name, cost, supp_id) values (470, 'Plastic', 512.15, 93);
    insert into Parts (part_id, name, cost, supp_id) values (471, 'Rubber', 214.87, 35);
    insert into Parts (part_id, name, cost, supp_id) values (472, 'Brass', 368.64, 130);
    insert into Parts (part_id, name, cost, supp_id) values (473, 'Glass', 437.85, 81);
    insert into Parts (part_id, name, cost, supp_id) values (474, 'Granite', 50.21, 29);
    insert into Parts (part_id, name, cost, supp_id) values (475, 'Vinyl', 78.65, 103);
    insert into Parts (part_id, name, cost, supp_id) values (476, 'Glass', 322.86, 114);
    insert into Parts (part_id, name, cost, supp_id) values (477, 'Brass', 489.55, 71);
    insert into Parts (part_id, name, cost, supp_id) values (478, 'Rubber', 554.55, 1);
    insert into Parts (part_id, name, cost, supp_id) values (479, 'Brass', 594.14, 57);
    insert into Parts (part_id, name, cost, supp_id) values (480, 'Wood', 657.91, 5);
    insert into Parts (part_id, name, cost, supp_id) values (481, 'Glass', 490.04, 4);
    insert into Parts (part_id, name, cost, supp_id) values (482, 'Steel', 393.85, 122);
    insert into Parts (part_id, name, cost, supp_id) values (483, 'Granite', 505.54, 12);
    insert into Parts (part_id, name, cost, supp_id) values (484, 'Vinyl', 270.31, 69);
    insert into Parts (part_id, name, cost, supp_id) values (485, 'Rubber', 93.48, 69);
    insert into Parts (part_id, name, cost, supp_id) values (486, 'Plexiglass', 318.05, 39);
    insert into Parts (part_id, name, cost, supp_id) values (487, 'Plastic', 553.87, 54);
    insert into Parts (part_id, name, cost, supp_id) values (488, 'Rubber', 113.55, 122);
    insert into Parts (part_id, name, cost, supp_id) values (489, 'Plexiglass', 552.79, 74);
    insert into Parts (part_id, name, cost, supp_id) values (490, 'Stone', 613.59, 16);
    insert into Parts (part_id, name, cost, supp_id) values (491, 'Aluminum', 614.74, 80);
    insert into Parts (part_id, name, cost, supp_id) values (492, 'Stone', 262.25, 91);
    insert into Parts (part_id, name, cost, supp_id) values (493, 'Steel', 182.12, 22);
    insert into Parts (part_id, name, cost, supp_id) values (494, 'Aluminum', 484.36, 33);
    insert into Parts (part_id, name, cost, supp_id) values (495, 'Glass', 205.78, 107);
    insert into Parts (part_id, name, cost, supp_id) values (496, 'Glass', 631.31, 117);
    insert into Parts (part_id, name, cost, supp_id) values (497, 'Steel', 559.81, 22);
    insert into Parts (part_id, name, cost, supp_id) values (498, 'Glass', 107.28, 3);
    insert into Parts (part_id, name, cost, supp_id) values (499, 'Steel', 451.03, 31);
    insert into Parts (part_id, name, cost, supp_id) values (500, 'Wood', 518.94, 43);
    insert into Parts (part_id, name, cost, supp_id) values (501, 'Stone', 162.74, 68);
    insert into Parts (part_id, name, cost, supp_id) values (502, 'Glass', 649.24, 21);
    insert into Parts (part_id, name, cost, supp_id) values (503, 'Wood', 337.33, 31);
    insert into Parts (part_id, name, cost, supp_id) values (504, 'Granite', 558.8, 124);
    insert into Parts (part_id, name, cost, supp_id) values (505, 'Glass', 220.99, 143);
    insert into Parts (part_id, name, cost, supp_id) values (506, 'Stone', 49.24, 52);
    insert into Parts (part_id, name, cost, supp_id) values (507, 'Plastic', 182.37, 9);
    insert into Parts (part_id, name, cost, supp_id) values (508, 'Granite', 178.33, 128);
    insert into Parts (part_id, name, cost, supp_id) values (509, 'Plexiglass', 286.25, 47);
    insert into Parts (part_id, name, cost, supp_id) values (510, 'Granite', 228.53, 40);
    insert into Parts (part_id, name, cost, supp_id) values (511, 'Rubber', 297.8, 85);
    insert into Parts (part_id, name, cost, supp_id) values (512, 'Brass', 410.79, 20);
    insert into Parts (part_id, name, cost, supp_id) values (513, 'Wood', 515.16, 34);
    insert into Parts (part_id, name, cost, supp_id) values (514, 'Wood', 303.69, 29);
    insert into Parts (part_id, name, cost, supp_id) values (515, 'Vinyl', 625.26, 100);
    insert into Parts (part_id, name, cost, supp_id) values (516, 'Stone', 537.19, 110);
    insert into Parts (part_id, name, cost, supp_id) values (517, 'Steel', 81.72, 38);
    insert into Parts (part_id, name, cost, supp_id) values (518, 'Rubber', 307.79, 124);
    insert into Parts (part_id, name, cost, supp_id) values (519, 'Granite', 409.95, 38);
    insert into Parts (part_id, name, cost, supp_id) values (520, 'Granite', 575.65, 97);
    insert into Parts (part_id, name, cost, supp_id) values (521, 'Granite', 578.04, 95);
    insert into Parts (part_id, name, cost, supp_id) values (522, 'Granite', 472.06, 29);
    insert into Parts (part_id, name, cost, supp_id) values (523, 'Stone', 90.05, 76);
    insert into Parts (part_id, name, cost, supp_id) values (524, 'Glass', 395.89, 125);
    insert into Parts (part_id, name, cost, supp_id) values (525, 'Wood', 531.62, 11);
    insert into Parts (part_id, name, cost, supp_id) values (526, 'Steel', 546.01, 60);
    insert into Parts (part_id, name, cost, supp_id) values (527, 'Vinyl', 637.18, 34);
    insert into Parts (part_id, name, cost, supp_id) values (528, 'Plastic', 589.94, 23);
    insert into Parts (part_id, name, cost, supp_id) values (529, 'Brass', 277.97, 36);
    insert into Parts (part_id, name, cost, supp_id) values (530, 'Stone', 606.64, 38);
    insert into Parts (part_id, name, cost, supp_id) values (531, 'Granite', 547.68, 14);
    insert into Parts (part_id, name, cost, supp_id) values (532, 'Wood', 71.08, 122);
    insert into Parts (part_id, name, cost, supp_id) values (533, 'Rubber', 212.88, 1);
    insert into Parts (part_id, name, cost, supp_id) values (534, 'Plexiglass', 73.73, 93);
    insert into Parts (part_id, name, cost, supp_id) values (535, 'Brass', 128.54, 28);
    insert into Parts (part_id, name, cost, supp_id) values (536, 'Glass', 113.01, 81);
    insert into Parts (part_id, name, cost, supp_id) values (537, 'Glass', 245.11, 84);
    insert into Parts (part_id, name, cost, supp_id) values (538, 'Glass', 73.54, 19);
    insert into Parts (part_id, name, cost, supp_id) values (539, 'Plexiglass', 26.06, 149);
    insert into Parts (part_id, name, cost, supp_id) values (540, 'Glass', 254.48, 108);
    insert into Parts (part_id, name, cost, supp_id) values (541, 'Granite', 58.49, 74);
    insert into Parts (part_id, name, cost, supp_id) values (542, 'Steel', 81.81, 31);
    insert into Parts (part_id, name, cost, supp_id) values (543, 'Vinyl', 111.15, 44);
    insert into Parts (part_id, name, cost, supp_id) values (544, 'Vinyl', 27.29, 111);
    insert into Parts (part_id, name, cost, supp_id) values (545, 'Glass', 447.99, 50);
    insert into Parts (part_id, name, cost, supp_id) values (546, 'Steel', 488.25, 53);
    insert into Parts (part_id, name, cost, supp_id) values (547, 'Plexiglass', 658.65, 72);
    insert into Parts (part_id, name, cost, supp_id) values (548, 'Rubber', 177.96, 97);
    insert into Parts (part_id, name, cost, supp_id) values (549, 'Brass', 339.42, 44);
    insert into Parts (part_id, name, cost, supp_id) values (550, 'Rubber', 174.1, 143);
    insert into Parts (part_id, name, cost, supp_id) values (551, 'Aluminum', 91.09, 102);
    insert into Parts (part_id, name, cost, supp_id) values (552, 'Granite', 69.13, 58);
    insert into Parts (part_id, name, cost, supp_id) values (553, 'Steel', 658.14, 100);
    insert into Parts (part_id, name, cost, supp_id) values (554, 'Plastic', 471.14, 146);
    insert into Parts (part_id, name, cost, supp_id) values (555, 'Glass', 114.04, 56);
    insert into Parts (part_id, name, cost, supp_id) values (556, 'Stone', 380.98, 125);
    insert into Parts (part_id, name, cost, supp_id) values (557, 'Steel', 639.95, 10);
    insert into Parts (part_id, name, cost, supp_id) values (558, 'Wood', 109.19, 45);
    insert into Parts (part_id, name, cost, supp_id) values (559, 'Rubber', 484.41, 131);
    insert into Parts (part_id, name, cost, supp_id) values (560, 'Wood', 517.74, 121);
    insert into Parts (part_id, name, cost, supp_id) values (561, 'Aluminum', 279.18, 77);
    insert into Parts (part_id, name, cost, supp_id) values (562, 'Vinyl', 33.5, 60);
    insert into Parts (part_id, name, cost, supp_id) values (563, 'Brass', 512.74, 105);
    insert into Parts (part_id, name, cost, supp_id) values (564, 'Plastic', 323.34, 118);
    insert into Parts (part_id, name, cost, supp_id) values (565, 'Granite', 226.38, 119);
    insert into Parts (part_id, name, cost, supp_id) values (566, 'Aluminum', 205.14, 106);
    insert into Parts (part_id, name, cost, supp_id) values (567, 'Rubber', 571.36, 98);
    insert into Parts (part_id, name, cost, supp_id) values (568, 'Plexiglass', 606.67, 35);
    insert into Parts (part_id, name, cost, supp_id) values (569, 'Vinyl', 446.72, 36);
    insert into Parts (part_id, name, cost, supp_id) values (570, 'Stone', 533.01, 1);
    insert into Parts (part_id, name, cost, supp_id) values (571, 'Rubber', 330.11, 18);
    insert into Parts (part_id, name, cost, supp_id) values (572, 'Rubber', 361.98, 79);
    insert into Parts (part_id, name, cost, supp_id) values (573, 'Aluminum', 299.52, 57);
    insert into Parts (part_id, name, cost, supp_id) values (574, 'Granite', 418.5, 76);
    insert into Parts (part_id, name, cost, supp_id) values (575, 'Stone', 60.13, 109);
    insert into Parts (part_id, name, cost, supp_id) values (576, 'Glass', 591.96, 129);
    insert into Parts (part_id, name, cost, supp_id) values (577, 'Wood', 273.13, 97);
    insert into Parts (part_id, name, cost, supp_id) values (578, 'Rubber', 327.37, 126);
    insert into Parts (part_id, name, cost, supp_id) values (579, 'Glass', 354.51, 17);
    insert into Parts (part_id, name, cost, supp_id) values (580, 'Stone', 656.77, 28);
    insert into Parts (part_id, name, cost, supp_id) values (581, 'Glass', 407.57, 22);
    insert into Parts (part_id, name, cost, supp_id) values (582, 'Wood', 546.9, 28);
    insert into Parts (part_id, name, cost, supp_id) values (583, 'Brass', 565.13, 42);
    insert into Parts (part_id, name, cost, supp_id) values (584, 'Wood', 478.99, 137);
    insert into Parts (part_id, name, cost, supp_id) values (585, 'Plastic', 562.71, 143);
    insert into Parts (part_id, name, cost, supp_id) values (586, 'Vinyl', 352.32, 31);
    insert into Parts (part_id, name, cost, supp_id) values (587, 'Granite', 576.61, 79);
    insert into Parts (part_id, name, cost, supp_id) values (588, 'Glass', 310.1, 146);
    insert into Parts (part_id, name, cost, supp_id) values (589, 'Granite', 142.62, 30);
    insert into Parts (part_id, name, cost, supp_id) values (590, 'Glass', 639.41, 36);
    insert into Parts (part_id, name, cost, supp_id) values (591, 'Plastic', 298.97, 115);
    insert into Parts (part_id, name, cost, supp_id) values (592, 'Plexiglass', 542.82, 4);
    insert into Parts (part_id, name, cost, supp_id) values (593, 'Aluminum', 145.38, 64);
    insert into Parts (part_id, name, cost, supp_id) values (594, 'Brass', 191.75, 106);
    insert into Parts (part_id, name, cost, supp_id) values (595, 'Vinyl', 435.74, 50);
    insert into Parts (part_id, name, cost, supp_id) values (596, 'Rubber', 59.98, 148);
    insert into Parts (part_id, name, cost, supp_id) values (597, 'Rubber', 627.5, 138);
    insert into Parts (part_id, name, cost, supp_id) values (598, 'Plastic', 503.28, 105);
    insert into Parts (part_id, name, cost, supp_id) values (599, 'Plastic', 130.82, 29);
    insert into Parts (part_id, name, cost, supp_id) values (600, 'Plastic', 428.63, 26);
    
    insert into sku_parts (id, part_id, sku_id) values (1, 414, 84);
    insert into sku_parts (id, part_id, sku_id) values (2, 99, 3);
    insert into sku_parts (id, part_id, sku_id) values (3, 477, 39);
    insert into sku_parts (id, part_id, sku_id) values (4, 318, 14);
    insert into sku_parts (id, part_id, sku_id) values (5, 572, 25);
    insert into sku_parts (id, part_id, sku_id) values (6, 167, 55);
    insert into sku_parts (id, part_id, sku_id) values (7, 570, 12);
    insert into sku_parts (id, part_id, sku_id) values (8, 270, 27);
    insert into sku_parts (id, part_id, sku_id) values (9, 406, 24);
    insert into sku_parts (id, part_id, sku_id) values (10, 235, 10);
    insert into sku_parts (id, part_id, sku_id) values (11, 121, 91);
    insert into sku_parts (id, part_id, sku_id) values (12, 238, 84);
    insert into sku_parts (id, part_id, sku_id) values (13, 112, 31);
    insert into sku_parts (id, part_id, sku_id) values (14, 267, 38);
    insert into sku_parts (id, part_id, sku_id) values (15, 590, 59);
    insert into sku_parts (id, part_id, sku_id) values (16, 184, 79);
    insert into sku_parts (id, part_id, sku_id) values (17, 129, 94);
    insert into sku_parts (id, part_id, sku_id) values (18, 558, 24);
    insert into sku_parts (id, part_id, sku_id) values (19, 538, 57);
    insert into sku_parts (id, part_id, sku_id) values (20, 410, 93);
    insert into sku_parts (id, part_id, sku_id) values (21, 413, 90);
    insert into sku_parts (id, part_id, sku_id) values (22, 327, 11);
    insert into sku_parts (id, part_id, sku_id) values (23, 341, 17);
    insert into sku_parts (id, part_id, sku_id) values (24, 495, 8);
    insert into sku_parts (id, part_id, sku_id) values (25, 338, 91);
    insert into sku_parts (id, part_id, sku_id) values (26, 454, 88);
    insert into sku_parts (id, part_id, sku_id) values (27, 151, 13);
    insert into sku_parts (id, part_id, sku_id) values (28, 467, 49);
    insert into sku_parts (id, part_id, sku_id) values (29, 151, 69);
    insert into sku_parts (id, part_id, sku_id) values (30, 483, 73);
    insert into sku_parts (id, part_id, sku_id) values (31, 554, 77);
    insert into sku_parts (id, part_id, sku_id) values (32, 75, 8);
    insert into sku_parts (id, part_id, sku_id) values (33, 88, 7);
    insert into sku_parts (id, part_id, sku_id) values (34, 244, 33);
    insert into sku_parts (id, part_id, sku_id) values (35, 501, 34);
    insert into sku_parts (id, part_id, sku_id) values (36, 544, 9);
    insert into sku_parts (id, part_id, sku_id) values (37, 121, 22);
    insert into sku_parts (id, part_id, sku_id) values (38, 158, 72);
    insert into sku_parts (id, part_id, sku_id) values (39, 576, 46);
    insert into sku_parts (id, part_id, sku_id) values (40, 173, 20);
    insert into sku_parts (id, part_id, sku_id) values (41, 137, 49);
    insert into sku_parts (id, part_id, sku_id) values (42, 596, 28);
    insert into sku_parts (id, part_id, sku_id) values (43, 341, 74);
    insert into sku_parts (id, part_id, sku_id) values (44, 150, 95);
    insert into sku_parts (id, part_id, sku_id) values (45, 134, 66);
    insert into sku_parts (id, part_id, sku_id) values (46, 212, 33);
    insert into sku_parts (id, part_id, sku_id) values (47, 314, 56);
    insert into sku_parts (id, part_id, sku_id) values (48, 400, 61);
    insert into sku_parts (id, part_id, sku_id) values (49, 118, 43);
    insert into sku_parts (id, part_id, sku_id) values (50, 53, 28);
    insert into sku_parts (id, part_id, sku_id) values (51, 61, 27);
    insert into sku_parts (id, part_id, sku_id) values (52, 384, 43);
    insert into sku_parts (id, part_id, sku_id) values (53, 258, 36);
    insert into sku_parts (id, part_id, sku_id) values (54, 23, 36);
    insert into sku_parts (id, part_id, sku_id) values (55, 427, 57);
    insert into sku_parts (id, part_id, sku_id) values (56, 65, 53);
    insert into sku_parts (id, part_id, sku_id) values (57, 518, 16);
    insert into sku_parts (id, part_id, sku_id) values (58, 261, 31);
    insert into sku_parts (id, part_id, sku_id) values (59, 1, 93);
    insert into sku_parts (id, part_id, sku_id) values (60, 284, 9);
    insert into sku_parts (id, part_id, sku_id) values (61, 256, 70);
    insert into sku_parts (id, part_id, sku_id) values (62, 53, 6);
    insert into sku_parts (id, part_id, sku_id) values (63, 396, 9);
    insert into sku_parts (id, part_id, sku_id) values (64, 94, 95);
    insert into sku_parts (id, part_id, sku_id) values (65, 223, 82);
    insert into sku_parts (id, part_id, sku_id) values (66, 428, 52);
    insert into sku_parts (id, part_id, sku_id) values (67, 83, 13);
    insert into sku_parts (id, part_id, sku_id) values (68, 204, 40);
    insert into sku_parts (id, part_id, sku_id) values (69, 17, 43);
    insert into sku_parts (id, part_id, sku_id) values (70, 173, 43);
    insert into sku_parts (id, part_id, sku_id) values (71, 169, 71);
    insert into sku_parts (id, part_id, sku_id) values (72, 386, 62);
    insert into sku_parts (id, part_id, sku_id) values (73, 7, 29);
    insert into sku_parts (id, part_id, sku_id) values (74, 142, 41);
    insert into sku_parts (id, part_id, sku_id) values (75, 100, 45);
    insert into sku_parts (id, part_id, sku_id) values (76, 194, 21);
    insert into sku_parts (id, part_id, sku_id) values (77, 498, 79);
    insert into sku_parts (id, part_id, sku_id) values (78, 278, 80);
    insert into sku_parts (id, part_id, sku_id) values (79, 407, 2);
    insert into sku_parts (id, part_id, sku_id) values (80, 109, 69);
    insert into sku_parts (id, part_id, sku_id) values (81, 196, 40);
    insert into sku_parts (id, part_id, sku_id) values (82, 67, 67);
    insert into sku_parts (id, part_id, sku_id) values (83, 145, 36);
    insert into sku_parts (id, part_id, sku_id) values (84, 229, 40);
    insert into sku_parts (id, part_id, sku_id) values (85, 448, 8);
    insert into sku_parts (id, part_id, sku_id) values (86, 584, 59);
    insert into sku_parts (id, part_id, sku_id) values (87, 114, 51);
    insert into sku_parts (id, part_id, sku_id) values (88, 86, 66);
    insert into sku_parts (id, part_id, sku_id) values (89, 546, 16);
    insert into sku_parts (id, part_id, sku_id) values (90, 127, 68);
    insert into sku_parts (id, part_id, sku_id) values (91, 197, 61);
    insert into sku_parts (id, part_id, sku_id) values (92, 104, 28);
    insert into sku_parts (id, part_id, sku_id) values (93, 391, 74);
    insert into sku_parts (id, part_id, sku_id) values (94, 225, 28);
    insert into sku_parts (id, part_id, sku_id) values (95, 31, 15);
    insert into sku_parts (id, part_id, sku_id) values (96, 46, 16);
    insert into sku_parts (id, part_id, sku_id) values (97, 77, 65);
    insert into sku_parts (id, part_id, sku_id) values (98, 185, 40);
    insert into sku_parts (id, part_id, sku_id) values (99, 210, 51);
    insert into sku_parts (id, part_id, sku_id) values (100, 46, 72);
    insert into sku_parts (id, part_id, sku_id) values (101, 67, 84);
    insert into sku_parts (id, part_id, sku_id) values (102, 348, 10);
    insert into sku_parts (id, part_id, sku_id) values (103, 18, 64);
    insert into sku_parts (id, part_id, sku_id) values (104, 482, 18);
    insert into sku_parts (id, part_id, sku_id) values (105, 29, 21);
    insert into sku_parts (id, part_id, sku_id) values (106, 154, 81);
    insert into sku_parts (id, part_id, sku_id) values (107, 253, 19);
    insert into sku_parts (id, part_id, sku_id) values (108, 532, 54);
    insert into sku_parts (id, part_id, sku_id) values (109, 359, 95);
    insert into sku_parts (id, part_id, sku_id) values (110, 70, 5);
    insert into sku_parts (id, part_id, sku_id) values (111, 548, 82);
    insert into sku_parts (id, part_id, sku_id) values (112, 65, 65);
    insert into sku_parts (id, part_id, sku_id) values (113, 392, 37);
    insert into sku_parts (id, part_id, sku_id) values (114, 304, 27);
    insert into sku_parts (id, part_id, sku_id) values (115, 156, 77);
    insert into sku_parts (id, part_id, sku_id) values (116, 443, 38);
    insert into sku_parts (id, part_id, sku_id) values (117, 438, 9);
    insert into sku_parts (id, part_id, sku_id) values (118, 485, 87);
    insert into sku_parts (id, part_id, sku_id) values (119, 376, 1);
    insert into sku_parts (id, part_id, sku_id) values (120, 183, 37);
    insert into sku_parts (id, part_id, sku_id) values (121, 467, 34);
    insert into sku_parts (id, part_id, sku_id) values (122, 5, 3);
    insert into sku_parts (id, part_id, sku_id) values (123, 224, 51);
    insert into sku_parts (id, part_id, sku_id) values (124, 440, 69);
    insert into sku_parts (id, part_id, sku_id) values (125, 534, 5);
    insert into sku_parts (id, part_id, sku_id) values (126, 538, 23);
    insert into sku_parts (id, part_id, sku_id) values (127, 68, 2);
    insert into sku_parts (id, part_id, sku_id) values (128, 108, 5);
    insert into sku_parts (id, part_id, sku_id) values (129, 105, 12);
    insert into sku_parts (id, part_id, sku_id) values (130, 449, 59);
    insert into sku_parts (id, part_id, sku_id) values (131, 342, 15);
    insert into sku_parts (id, part_id, sku_id) values (132, 96, 43);
    insert into sku_parts (id, part_id, sku_id) values (133, 451, 81);
    insert into sku_parts (id, part_id, sku_id) values (134, 518, 73);
    insert into sku_parts (id, part_id, sku_id) values (135, 388, 87);
    insert into sku_parts (id, part_id, sku_id) values (136, 163, 30);
    insert into sku_parts (id, part_id, sku_id) values (137, 544, 50);
    insert into sku_parts (id, part_id, sku_id) values (138, 473, 60);
    insert into sku_parts (id, part_id, sku_id) values (139, 125, 45);
    insert into sku_parts (id, part_id, sku_id) values (140, 232, 33);
    insert into sku_parts (id, part_id, sku_id) values (141, 185, 38);
    insert into sku_parts (id, part_id, sku_id) values (142, 386, 51);
    insert into sku_parts (id, part_id, sku_id) values (143, 572, 36);
    insert into sku_parts (id, part_id, sku_id) values (144, 418, 39);
    insert into sku_parts (id, part_id, sku_id) values (145, 143, 91);
    insert into sku_parts (id, part_id, sku_id) values (146, 180, 74);
    insert into sku_parts (id, part_id, sku_id) values (147, 393, 12);
    insert into sku_parts (id, part_id, sku_id) values (148, 45, 20);
    insert into sku_parts (id, part_id, sku_id) values (149, 96, 8);
    insert into sku_parts (id, part_id, sku_id) values (150, 445, 48);
    insert into sku_parts (id, part_id, sku_id) values (151, 137, 35);
    insert into sku_parts (id, part_id, sku_id) values (152, 297, 36);
    insert into sku_parts (id, part_id, sku_id) values (153, 243, 53);
    insert into sku_parts (id, part_id, sku_id) values (154, 282, 76);
    insert into sku_parts (id, part_id, sku_id) values (155, 211, 42);
    insert into sku_parts (id, part_id, sku_id) values (156, 105, 7);
    insert into sku_parts (id, part_id, sku_id) values (157, 385, 87);
    insert into sku_parts (id, part_id, sku_id) values (158, 478, 73);
    insert into sku_parts (id, part_id, sku_id) values (159, 252, 3);
    insert into sku_parts (id, part_id, sku_id) values (160, 562, 59);
    insert into sku_parts (id, part_id, sku_id) values (161, 425, 91);
    insert into sku_parts (id, part_id, sku_id) values (162, 286, 71);
    insert into sku_parts (id, part_id, sku_id) values (163, 441, 25);
    insert into sku_parts (id, part_id, sku_id) values (164, 147, 86);
    insert into sku_parts (id, part_id, sku_id) values (165, 600, 35);
    insert into sku_parts (id, part_id, sku_id) values (166, 56, 18);
    insert into sku_parts (id, part_id, sku_id) values (167, 68, 31);
    insert into sku_parts (id, part_id, sku_id) values (168, 114, 88);
    insert into sku_parts (id, part_id, sku_id) values (169, 96, 16);
    insert into sku_parts (id, part_id, sku_id) values (170, 46, 43);
    insert into sku_parts (id, part_id, sku_id) values (171, 279, 48);
    insert into sku_parts (id, part_id, sku_id) values (172, 210, 81);
    insert into sku_parts (id, part_id, sku_id) values (173, 320, 35);
    insert into sku_parts (id, part_id, sku_id) values (174, 517, 60);
    insert into sku_parts (id, part_id, sku_id) values (175, 255, 82);
    insert into sku_parts (id, part_id, sku_id) values (176, 522, 23);
    insert into sku_parts (id, part_id, sku_id) values (177, 397, 34);
    insert into sku_parts (id, part_id, sku_id) values (178, 360, 13);
    insert into sku_parts (id, part_id, sku_id) values (179, 9, 84);
    insert into sku_parts (id, part_id, sku_id) values (180, 188, 63);
    insert into sku_parts (id, part_id, sku_id) values (181, 46, 80);
    insert into sku_parts (id, part_id, sku_id) values (182, 438, 49);
    insert into sku_parts (id, part_id, sku_id) values (183, 357, 1);
    insert into sku_parts (id, part_id, sku_id) values (184, 10, 92);
    insert into sku_parts (id, part_id, sku_id) values (185, 113, 10);
    insert into sku_parts (id, part_id, sku_id) values (186, 189, 66);
    insert into sku_parts (id, part_id, sku_id) values (187, 383, 16);
    insert into sku_parts (id, part_id, sku_id) values (188, 542, 89);
    insert into sku_parts (id, part_id, sku_id) values (189, 588, 66);
    insert into sku_parts (id, part_id, sku_id) values (190, 8, 37);
    insert into sku_parts (id, part_id, sku_id) values (191, 189, 74);
    insert into sku_parts (id, part_id, sku_id) values (192, 458, 20);
    insert into sku_parts (id, part_id, sku_id) values (193, 340, 11);
    insert into sku_parts (id, part_id, sku_id) values (194, 511, 83);
    insert into sku_parts (id, part_id, sku_id) values (195, 136, 34);
    insert into sku_parts (id, part_id, sku_id) values (196, 414, 76);
    insert into sku_parts (id, part_id, sku_id) values (197, 68, 73);
    insert into sku_parts (id, part_id, sku_id) values (198, 94, 28);
    insert into sku_parts (id, part_id, sku_id) values (199, 578, 46);
    insert into sku_parts (id, part_id, sku_id) values (200, 180, 70);
    insert into sku_parts (id, part_id, sku_id) values (201, 533, 12);
    insert into sku_parts (id, part_id, sku_id) values (202, 155, 19);
    insert into sku_parts (id, part_id, sku_id) values (203, 364, 86);
    insert into sku_parts (id, part_id, sku_id) values (204, 243, 62);
    insert into sku_parts (id, part_id, sku_id) values (205, 249, 10);
    insert into sku_parts (id, part_id, sku_id) values (206, 97, 25);
    insert into sku_parts (id, part_id, sku_id) values (207, 39, 77);
    insert into sku_parts (id, part_id, sku_id) values (208, 154, 18);
    insert into sku_parts (id, part_id, sku_id) values (209, 526, 31);
    insert into sku_parts (id, part_id, sku_id) values (210, 134, 60);
    insert into sku_parts (id, part_id, sku_id) values (211, 318, 17);
    insert into sku_parts (id, part_id, sku_id) values (212, 113, 60);
    insert into sku_parts (id, part_id, sku_id) values (213, 409, 19);
    insert into sku_parts (id, part_id, sku_id) values (214, 6, 89);
    insert into sku_parts (id, part_id, sku_id) values (215, 21, 9);
    insert into sku_parts (id, part_id, sku_id) values (216, 408, 30);
    insert into sku_parts (id, part_id, sku_id) values (217, 464, 68);
    insert into sku_parts (id, part_id, sku_id) values (218, 125, 51);
    insert into sku_parts (id, part_id, sku_id) values (219, 599, 80);
    insert into sku_parts (id, part_id, sku_id) values (220, 472, 31);
    insert into sku_parts (id, part_id, sku_id) values (221, 231, 26);
    insert into sku_parts (id, part_id, sku_id) values (222, 376, 57);
    insert into sku_parts (id, part_id, sku_id) values (223, 441, 6);
    insert into sku_parts (id, part_id, sku_id) values (224, 119, 89);
    insert into sku_parts (id, part_id, sku_id) values (225, 38, 15);
    insert into sku_parts (id, part_id, sku_id) values (226, 34, 79);
    insert into sku_parts (id, part_id, sku_id) values (227, 180, 73);
    insert into sku_parts (id, part_id, sku_id) values (228, 81, 4);
    insert into sku_parts (id, part_id, sku_id) values (229, 584, 30);
    insert into sku_parts (id, part_id, sku_id) values (230, 63, 12);
    insert into sku_parts (id, part_id, sku_id) values (231, 236, 67);
    insert into sku_parts (id, part_id, sku_id) values (232, 214, 46);
    insert into sku_parts (id, part_id, sku_id) values (233, 422, 22);
    insert into sku_parts (id, part_id, sku_id) values (234, 188, 67);
    insert into sku_parts (id, part_id, sku_id) values (235, 541, 64);
    insert into sku_parts (id, part_id, sku_id) values (236, 417, 72);
    insert into sku_parts (id, part_id, sku_id) values (237, 26, 88);
    insert into sku_parts (id, part_id, sku_id) values (238, 62, 58);
    insert into sku_parts (id, part_id, sku_id) values (239, 209, 43);
    insert into sku_parts (id, part_id, sku_id) values (240, 533, 60);
    insert into sku_parts (id, part_id, sku_id) values (241, 356, 82);
    insert into sku_parts (id, part_id, sku_id) values (242, 406, 29);
    insert into sku_parts (id, part_id, sku_id) values (243, 386, 62);
    insert into sku_parts (id, part_id, sku_id) values (244, 250, 59);
    insert into sku_parts (id, part_id, sku_id) values (245, 471, 2);
    insert into sku_parts (id, part_id, sku_id) values (246, 201, 53);
    insert into sku_parts (id, part_id, sku_id) values (247, 305, 42);
    insert into sku_parts (id, part_id, sku_id) values (248, 396, 40);
    insert into sku_parts (id, part_id, sku_id) values (249, 579, 57);
    insert into sku_parts (id, part_id, sku_id) values (250, 445, 8);
    insert into sku_parts (id, part_id, sku_id) values (251, 84, 59);
    insert into sku_parts (id, part_id, sku_id) values (252, 366, 63);
    insert into sku_parts (id, part_id, sku_id) values (253, 226, 70);
    insert into sku_parts (id, part_id, sku_id) values (254, 544, 52);
    insert into sku_parts (id, part_id, sku_id) values (255, 299, 5);
    insert into sku_parts (id, part_id, sku_id) values (256, 149, 91);
    insert into sku_parts (id, part_id, sku_id) values (257, 422, 48);
    insert into sku_parts (id, part_id, sku_id) values (258, 336, 56);
    insert into sku_parts (id, part_id, sku_id) values (259, 417, 16);
    insert into sku_parts (id, part_id, sku_id) values (260, 577, 95);
    insert into sku_parts (id, part_id, sku_id) values (261, 68, 24);
    insert into sku_parts (id, part_id, sku_id) values (262, 75, 78);
    insert into sku_parts (id, part_id, sku_id) values (263, 45, 83);
    insert into sku_parts (id, part_id, sku_id) values (264, 41, 16);
    insert into sku_parts (id, part_id, sku_id) values (265, 142, 21);
    insert into sku_parts (id, part_id, sku_id) values (266, 403, 73);
    insert into sku_parts (id, part_id, sku_id) values (267, 2, 56);
    insert into sku_parts (id, part_id, sku_id) values (268, 254, 70);
    insert into sku_parts (id, part_id, sku_id) values (269, 246, 89);
    insert into sku_parts (id, part_id, sku_id) values (270, 458, 59);
    insert into sku_parts (id, part_id, sku_id) values (271, 590, 94);
    insert into sku_parts (id, part_id, sku_id) values (272, 252, 6);
    insert into sku_parts (id, part_id, sku_id) values (273, 432, 71);
    insert into sku_parts (id, part_id, sku_id) values (274, 223, 49);
    insert into sku_parts (id, part_id, sku_id) values (275, 133, 49);
    insert into sku_parts (id, part_id, sku_id) values (276, 259, 22);
    insert into sku_parts (id, part_id, sku_id) values (277, 395, 91);
    insert into sku_parts (id, part_id, sku_id) values (278, 70, 10);
    insert into sku_parts (id, part_id, sku_id) values (279, 71, 83);
    insert into sku_parts (id, part_id, sku_id) values (280, 207, 40);
    insert into sku_parts (id, part_id, sku_id) values (281, 519, 45);
    insert into sku_parts (id, part_id, sku_id) values (282, 295, 15);
    insert into sku_parts (id, part_id, sku_id) values (283, 257, 55);
    insert into sku_parts (id, part_id, sku_id) values (284, 50, 28);
    insert into sku_parts (id, part_id, sku_id) values (285, 364, 18);
    insert into sku_parts (id, part_id, sku_id) values (286, 161, 62);
    insert into sku_parts (id, part_id, sku_id) values (287, 174, 80);
    insert into sku_parts (id, part_id, sku_id) values (288, 56, 34);
    insert into sku_parts (id, part_id, sku_id) values (289, 128, 65);
    insert into sku_parts (id, part_id, sku_id) values (290, 59, 62);
    insert into sku_parts (id, part_id, sku_id) values (291, 508, 34);
    insert into sku_parts (id, part_id, sku_id) values (292, 262, 93);
    insert into sku_parts (id, part_id, sku_id) values (293, 29, 39);
    insert into sku_parts (id, part_id, sku_id) values (294, 156, 67);
    insert into sku_parts (id, part_id, sku_id) values (295, 368, 45);
    insert into sku_parts (id, part_id, sku_id) values (296, 149, 59);
    insert into sku_parts (id, part_id, sku_id) values (297, 337, 21);
    insert into sku_parts (id, part_id, sku_id) values (298, 356, 36);
    insert into sku_parts (id, part_id, sku_id) values (299, 27, 11);
    insert into sku_parts (id, part_id, sku_id) values (300, 278, 3);
    insert into sku_parts (id, part_id, sku_id) values (301, 18, 88);
    insert into sku_parts (id, part_id, sku_id) values (302, 80, 66);
    insert into sku_parts (id, part_id, sku_id) values (303, 389, 21);
    insert into sku_parts (id, part_id, sku_id) values (304, 52, 71);
    insert into sku_parts (id, part_id, sku_id) values (305, 179, 42);
    insert into sku_parts (id, part_id, sku_id) values (306, 406, 54);
    insert into sku_parts (id, part_id, sku_id) values (307, 127, 39);
    insert into sku_parts (id, part_id, sku_id) values (308, 150, 39);
    insert into sku_parts (id, part_id, sku_id) values (309, 398, 34);
    insert into sku_parts (id, part_id, sku_id) values (310, 596, 64);
    insert into sku_parts (id, part_id, sku_id) values (311, 232, 21);
    insert into sku_parts (id, part_id, sku_id) values (312, 140, 38);
    insert into sku_parts (id, part_id, sku_id) values (313, 206, 57);
    insert into sku_parts (id, part_id, sku_id) values (314, 590, 24);
    insert into sku_parts (id, part_id, sku_id) values (315, 25, 90);
    insert into sku_parts (id, part_id, sku_id) values (316, 123, 13);
    insert into sku_parts (id, part_id, sku_id) values (317, 536, 47);
    insert into sku_parts (id, part_id, sku_id) values (318, 307, 35);
    insert into sku_parts (id, part_id, sku_id) values (319, 40, 22);
    insert into sku_parts (id, part_id, sku_id) values (320, 127, 56);
    insert into sku_parts (id, part_id, sku_id) values (321, 504, 14);
    insert into sku_parts (id, part_id, sku_id) values (322, 575, 9);
    insert into sku_parts (id, part_id, sku_id) values (323, 223, 54);
    insert into sku_parts (id, part_id, sku_id) values (324, 260, 18);
    insert into sku_parts (id, part_id, sku_id) values (325, 182, 89);
    insert into sku_parts (id, part_id, sku_id) values (326, 126, 44);
    insert into sku_parts (id, part_id, sku_id) values (327, 298, 58);
    insert into sku_parts (id, part_id, sku_id) values (328, 48, 88);
    insert into sku_parts (id, part_id, sku_id) values (329, 489, 33);
    insert into sku_parts (id, part_id, sku_id) values (330, 404, 59);
    insert into sku_parts (id, part_id, sku_id) values (331, 357, 66);
    insert into sku_parts (id, part_id, sku_id) values (332, 191, 21);
    insert into sku_parts (id, part_id, sku_id) values (333, 471, 91);
    insert into sku_parts (id, part_id, sku_id) values (334, 24, 44);
    insert into sku_parts (id, part_id, sku_id) values (335, 279, 47);
    insert into sku_parts (id, part_id, sku_id) values (336, 281, 38);
    insert into sku_parts (id, part_id, sku_id) values (337, 142, 74);
    insert into sku_parts (id, part_id, sku_id) values (338, 239, 49);
    insert into sku_parts (id, part_id, sku_id) values (339, 213, 23);
    insert into sku_parts (id, part_id, sku_id) values (340, 279, 48);
    insert into sku_parts (id, part_id, sku_id) values (341, 456, 61);
    insert into sku_parts (id, part_id, sku_id) values (342, 527, 87);
    insert into sku_parts (id, part_id, sku_id) values (343, 384, 11);
    insert into sku_parts (id, part_id, sku_id) values (344, 221, 72);
    insert into sku_parts (id, part_id, sku_id) values (345, 547, 9);
    insert into sku_parts (id, part_id, sku_id) values (346, 52, 50);
    insert into sku_parts (id, part_id, sku_id) values (347, 563, 69);
    insert into sku_parts (id, part_id, sku_id) values (348, 493, 81);
    insert into sku_parts (id, part_id, sku_id) values (349, 558, 53);
    insert into sku_parts (id, part_id, sku_id) values (350, 139, 62);
    insert into sku_parts (id, part_id, sku_id) values (351, 239, 80);
    insert into sku_parts (id, part_id, sku_id) values (352, 527, 20);
    insert into sku_parts (id, part_id, sku_id) values (353, 5, 86);
    insert into sku_parts (id, part_id, sku_id) values (354, 465, 67);
    insert into sku_parts (id, part_id, sku_id) values (355, 496, 68);
    insert into sku_parts (id, part_id, sku_id) values (356, 528, 65);
    insert into sku_parts (id, part_id, sku_id) values (357, 38, 74);
    insert into sku_parts (id, part_id, sku_id) values (358, 115, 81);
    insert into sku_parts (id, part_id, sku_id) values (359, 264, 80);
    insert into sku_parts (id, part_id, sku_id) values (360, 211, 62);
    insert into sku_parts (id, part_id, sku_id) values (361, 151, 21);
    insert into sku_parts (id, part_id, sku_id) values (362, 379, 28);
    insert into sku_parts (id, part_id, sku_id) values (363, 43, 3);
    insert into sku_parts (id, part_id, sku_id) values (364, 205, 15);
    insert into sku_parts (id, part_id, sku_id) values (365, 306, 48);
    insert into sku_parts (id, part_id, sku_id) values (366, 7, 79);
    insert into sku_parts (id, part_id, sku_id) values (367, 214, 14);
    insert into sku_parts (id, part_id, sku_id) values (368, 174, 34);
    insert into sku_parts (id, part_id, sku_id) values (369, 366, 70);
    insert into sku_parts (id, part_id, sku_id) values (370, 32, 59);
    insert into sku_parts (id, part_id, sku_id) values (371, 581, 33);
    insert into sku_parts (id, part_id, sku_id) values (372, 8, 6);
    insert into sku_parts (id, part_id, sku_id) values (373, 202, 87);
    insert into sku_parts (id, part_id, sku_id) values (374, 525, 49);
    insert into sku_parts (id, part_id, sku_id) values (375, 108, 5);
    insert into sku_parts (id, part_id, sku_id) values (376, 23, 1);
    insert into sku_parts (id, part_id, sku_id) values (377, 93, 19);
    insert into sku_parts (id, part_id, sku_id) values (378, 218, 28);
    insert into sku_parts (id, part_id, sku_id) values (379, 308, 68);
    insert into sku_parts (id, part_id, sku_id) values (380, 379, 31);
    insert into sku_parts (id, part_id, sku_id) values (381, 60, 14);
    insert into sku_parts (id, part_id, sku_id) values (382, 449, 1);
    insert into sku_parts (id, part_id, sku_id) values (383, 124, 55);
    insert into sku_parts (id, part_id, sku_id) values (384, 599, 7);
    insert into sku_parts (id, part_id, sku_id) values (385, 89, 32);
    insert into sku_parts (id, part_id, sku_id) values (386, 36, 45);
    insert into sku_parts (id, part_id, sku_id) values (387, 510, 25);
    insert into sku_parts (id, part_id, sku_id) values (388, 560, 38);
    insert into sku_parts (id, part_id, sku_id) values (389, 332, 2);
    insert into sku_parts (id, part_id, sku_id) values (390, 319, 30);
    insert into sku_parts (id, part_id, sku_id) values (391, 233, 88);
    insert into sku_parts (id, part_id, sku_id) values (392, 456, 59);
    insert into sku_parts (id, part_id, sku_id) values (393, 92, 52);
    insert into sku_parts (id, part_id, sku_id) values (394, 203, 9);
    insert into sku_parts (id, part_id, sku_id) values (395, 315, 74);
    insert into sku_parts (id, part_id, sku_id) values (396, 402, 55);
    insert into sku_parts (id, part_id, sku_id) values (397, 202, 2);
    insert into sku_parts (id, part_id, sku_id) values (398, 330, 49);
    insert into sku_parts (id, part_id, sku_id) values (399, 500, 1);
    insert into sku_parts (id, part_id, sku_id) values (400, 430, 1);
    insert into sku_parts (id, part_id, sku_id) values (401, 540, 88);
    insert into sku_parts (id, part_id, sku_id) values (402, 52, 1);
    insert into sku_parts (id, part_id, sku_id) values (403, 371, 64);
    insert into sku_parts (id, part_id, sku_id) values (404, 600, 75);
    insert into sku_parts (id, part_id, sku_id) values (405, 508, 75);
    insert into sku_parts (id, part_id, sku_id) values (406, 2, 78);
    insert into sku_parts (id, part_id, sku_id) values (407, 246, 92);
    insert into sku_parts (id, part_id, sku_id) values (408, 274, 1);
    insert into sku_parts (id, part_id, sku_id) values (409, 581, 15);
    insert into sku_parts (id, part_id, sku_id) values (410, 133, 71);
    insert into sku_parts (id, part_id, sku_id) values (411, 86, 18);
    insert into sku_parts (id, part_id, sku_id) values (412, 28, 10);
    insert into sku_parts (id, part_id, sku_id) values (413, 53, 48);
    insert into sku_parts (id, part_id, sku_id) values (414, 225, 41);
    insert into sku_parts (id, part_id, sku_id) values (415, 168, 69);
    insert into sku_parts (id, part_id, sku_id) values (416, 118, 44);
    insert into sku_parts (id, part_id, sku_id) values (417, 249, 52);
    insert into sku_parts (id, part_id, sku_id) values (418, 123, 74);
    insert into sku_parts (id, part_id, sku_id) values (419, 112, 39);
    insert into sku_parts (id, part_id, sku_id) values (420, 264, 60);
    insert into sku_parts (id, part_id, sku_id) values (421, 475, 42);
    insert into sku_parts (id, part_id, sku_id) values (422, 595, 12);
    insert into sku_parts (id, part_id, sku_id) values (423, 222, 75);
    insert into sku_parts (id, part_id, sku_id) values (424, 539, 40);
    insert into sku_parts (id, part_id, sku_id) values (425, 574, 71);
    insert into sku_parts (id, part_id, sku_id) values (426, 211, 18);
    insert into sku_parts (id, part_id, sku_id) values (427, 480, 28);
    insert into sku_parts (id, part_id, sku_id) values (428, 31, 71);
    insert into sku_parts (id, part_id, sku_id) values (429, 243, 95);
    insert into sku_parts (id, part_id, sku_id) values (430, 218, 12);
    insert into sku_parts (id, part_id, sku_id) values (431, 415, 64);
    insert into sku_parts (id, part_id, sku_id) values (432, 364, 35);
    insert into sku_parts (id, part_id, sku_id) values (433, 581, 71);
    insert into sku_parts (id, part_id, sku_id) values (434, 598, 38);
    insert into sku_parts (id, part_id, sku_id) values (435, 372, 53);
    insert into sku_parts (id, part_id, sku_id) values (436, 356, 39);
    insert into sku_parts (id, part_id, sku_id) values (437, 374, 32);
    insert into sku_parts (id, part_id, sku_id) values (438, 539, 23);
    insert into sku_parts (id, part_id, sku_id) values (439, 335, 15);
    insert into sku_parts (id, part_id, sku_id) values (440, 106, 85);
    insert into sku_parts (id, part_id, sku_id) values (441, 493, 19);
    insert into sku_parts (id, part_id, sku_id) values (442, 143, 63);
    insert into sku_parts (id, part_id, sku_id) values (443, 228, 46);
    insert into sku_parts (id, part_id, sku_id) values (444, 36, 44);
    insert into sku_parts (id, part_id, sku_id) values (445, 241, 92);
    insert into sku_parts (id, part_id, sku_id) values (446, 326, 7);
    insert into sku_parts (id, part_id, sku_id) values (447, 532, 82);
    insert into sku_parts (id, part_id, sku_id) values (448, 387, 94);
    insert into sku_parts (id, part_id, sku_id) values (449, 153, 76);
    insert into sku_parts (id, part_id, sku_id) values (450, 100, 76);
    insert into sku_parts (id, part_id, sku_id) values (451, 599, 87);
    insert into sku_parts (id, part_id, sku_id) values (452, 64, 93);
    insert into sku_parts (id, part_id, sku_id) values (453, 366, 89);
    insert into sku_parts (id, part_id, sku_id) values (454, 354, 73);
    insert into sku_parts (id, part_id, sku_id) values (455, 433, 7);
    insert into sku_parts (id, part_id, sku_id) values (456, 562, 30);
    insert into sku_parts (id, part_id, sku_id) values (457, 15, 68);
    insert into sku_parts (id, part_id, sku_id) values (458, 335, 53);
    insert into sku_parts (id, part_id, sku_id) values (459, 305, 83);
    insert into sku_parts (id, part_id, sku_id) values (460, 41, 53);
    insert into sku_parts (id, part_id, sku_id) values (461, 181, 78);
    insert into sku_parts (id, part_id, sku_id) values (462, 600, 16);
    insert into sku_parts (id, part_id, sku_id) values (463, 540, 80);
    insert into sku_parts (id, part_id, sku_id) values (464, 358, 70);
    insert into sku_parts (id, part_id, sku_id) values (465, 504, 48);
    insert into sku_parts (id, part_id, sku_id) values (466, 409, 81);
    insert into sku_parts (id, part_id, sku_id) values (467, 187, 4);
    insert into sku_parts (id, part_id, sku_id) values (468, 585, 10);
    insert into sku_parts (id, part_id, sku_id) values (469, 277, 14);
    insert into sku_parts (id, part_id, sku_id) values (470, 585, 28);
    insert into sku_parts (id, part_id, sku_id) values (471, 231, 6);
    insert into sku_parts (id, part_id, sku_id) values (472, 79, 53);
    insert into sku_parts (id, part_id, sku_id) values (473, 94, 71);
    insert into sku_parts (id, part_id, sku_id) values (474, 262, 28);
    insert into sku_parts (id, part_id, sku_id) values (475, 320, 59);
    insert into sku_parts (id, part_id, sku_id) values (476, 301, 89);
    insert into sku_parts (id, part_id, sku_id) values (477, 410, 19);
    insert into sku_parts (id, part_id, sku_id) values (478, 72, 20);
    insert into sku_parts (id, part_id, sku_id) values (479, 512, 66);
    insert into sku_parts (id, part_id, sku_id) values (480, 164, 36);
    insert into sku_parts (id, part_id, sku_id) values (481, 57, 89);
    insert into sku_parts (id, part_id, sku_id) values (482, 393, 65);
    insert into sku_parts (id, part_id, sku_id) values (483, 103, 9);
    insert into sku_parts (id, part_id, sku_id) values (484, 111, 7);
    insert into sku_parts (id, part_id, sku_id) values (485, 491, 59);
    insert into sku_parts (id, part_id, sku_id) values (486, 88, 8);
    insert into sku_parts (id, part_id, sku_id) values (487, 256, 55);
    insert into sku_parts (id, part_id, sku_id) values (488, 248, 57);
    insert into sku_parts (id, part_id, sku_id) values (489, 195, 82);
    insert into sku_parts (id, part_id, sku_id) values (490, 373, 5);
    insert into sku_parts (id, part_id, sku_id) values (491, 314, 41);
    insert into sku_parts (id, part_id, sku_id) values (492, 19, 28);
    insert into sku_parts (id, part_id, sku_id) values (493, 138, 24);
    insert into sku_parts (id, part_id, sku_id) values (494, 354, 2);
    insert into sku_parts (id, part_id, sku_id) values (495, 91, 51);
    insert into sku_parts (id, part_id, sku_id) values (496, 131, 73);
    insert into sku_parts (id, part_id, sku_id) values (497, 404, 21);
    insert into sku_parts (id, part_id, sku_id) values (498, 418, 4);
    insert into sku_parts (id, part_id, sku_id) values (499, 1, 52);
    insert into sku_parts (id, part_id, sku_id) values (500, 368, 42);
    insert into sku_parts (id, part_id, sku_id) values (501, 529, 80);
    insert into sku_parts (id, part_id, sku_id) values (502, 432, 43);
    insert into sku_parts (id, part_id, sku_id) values (503, 192, 81);
    insert into sku_parts (id, part_id, sku_id) values (504, 104, 84);
    insert into sku_parts (id, part_id, sku_id) values (505, 419, 70);
    insert into sku_parts (id, part_id, sku_id) values (506, 46, 67);
    insert into sku_parts (id, part_id, sku_id) values (507, 35, 41);
    insert into sku_parts (id, part_id, sku_id) values (508, 566, 89);
    insert into sku_parts (id, part_id, sku_id) values (509, 156, 54);
    insert into sku_parts (id, part_id, sku_id) values (510, 89, 74);
    insert into sku_parts (id, part_id, sku_id) values (511, 289, 8);
    insert into sku_parts (id, part_id, sku_id) values (512, 588, 68);
    insert into sku_parts (id, part_id, sku_id) values (513, 180, 58);
    insert into sku_parts (id, part_id, sku_id) values (514, 10, 7);
    insert into sku_parts (id, part_id, sku_id) values (515, 73, 80);
    insert into sku_parts (id, part_id, sku_id) values (516, 229, 74);
    insert into sku_parts (id, part_id, sku_id) values (517, 24, 2);
    insert into sku_parts (id, part_id, sku_id) values (518, 327, 70);
    insert into sku_parts (id, part_id, sku_id) values (519, 467, 65);
    insert into sku_parts (id, part_id, sku_id) values (520, 176, 65);
    insert into sku_parts (id, part_id, sku_id) values (521, 286, 37);
    insert into sku_parts (id, part_id, sku_id) values (522, 490, 93);
    insert into sku_parts (id, part_id, sku_id) values (523, 408, 72);
    insert into sku_parts (id, part_id, sku_id) values (524, 143, 68);
    insert into sku_parts (id, part_id, sku_id) values (525, 409, 52);
    insert into sku_parts (id, part_id, sku_id) values (526, 4, 59);
    insert into sku_parts (id, part_id, sku_id) values (527, 464, 15);
    insert into sku_parts (id, part_id, sku_id) values (528, 383, 58);
    insert into sku_parts (id, part_id, sku_id) values (529, 389, 11);
    insert into sku_parts (id, part_id, sku_id) values (530, 438, 40);
    insert into sku_parts (id, part_id, sku_id) values (531, 264, 83);
    insert into sku_parts (id, part_id, sku_id) values (532, 483, 33);
    insert into sku_parts (id, part_id, sku_id) values (533, 99, 18);
    insert into sku_parts (id, part_id, sku_id) values (534, 560, 78);
    insert into sku_parts (id, part_id, sku_id) values (535, 108, 84);
    insert into sku_parts (id, part_id, sku_id) values (536, 468, 43);
    insert into sku_parts (id, part_id, sku_id) values (537, 572, 77);
    insert into sku_parts (id, part_id, sku_id) values (538, 543, 89);
    insert into sku_parts (id, part_id, sku_id) values (539, 131, 17);
    insert into sku_parts (id, part_id, sku_id) values (540, 354, 59);
    insert into sku_parts (id, part_id, sku_id) values (541, 535, 73);
    insert into sku_parts (id, part_id, sku_id) values (542, 421, 27);
    insert into sku_parts (id, part_id, sku_id) values (543, 156, 70);
    insert into sku_parts (id, part_id, sku_id) values (544, 93, 32);
    insert into sku_parts (id, part_id, sku_id) values (545, 547, 43);
    insert into sku_parts (id, part_id, sku_id) values (546, 96, 31);
    insert into sku_parts (id, part_id, sku_id) values (547, 600, 49);
    insert into sku_parts (id, part_id, sku_id) values (548, 80, 6);
    insert into sku_parts (id, part_id, sku_id) values (549, 242, 4);
    insert into sku_parts (id, part_id, sku_id) values (550, 78, 57);
    insert into sku_parts (id, part_id, sku_id) values (551, 342, 32);
    insert into sku_parts (id, part_id, sku_id) values (552, 23, 52);
    insert into sku_parts (id, part_id, sku_id) values (553, 464, 83);
    insert into sku_parts (id, part_id, sku_id) values (554, 63, 65);
    insert into sku_parts (id, part_id, sku_id) values (555, 158, 28);
    insert into sku_parts (id, part_id, sku_id) values (556, 253, 62);
    insert into sku_parts (id, part_id, sku_id) values (557, 259, 47);
    insert into sku_parts (id, part_id, sku_id) values (558, 35, 86);
    insert into sku_parts (id, part_id, sku_id) values (559, 461, 72);
    insert into sku_parts (id, part_id, sku_id) values (560, 332, 88);
    insert into sku_parts (id, part_id, sku_id) values (561, 506, 56);
    insert into sku_parts (id, part_id, sku_id) values (562, 307, 7);
    insert into sku_parts (id, part_id, sku_id) values (563, 18, 40);
    insert into sku_parts (id, part_id, sku_id) values (564, 236, 39);
    insert into sku_parts (id, part_id, sku_id) values (565, 464, 62);
    insert into sku_parts (id, part_id, sku_id) values (566, 68, 8);
    insert into sku_parts (id, part_id, sku_id) values (567, 385, 63);
    insert into sku_parts (id, part_id, sku_id) values (568, 98, 3);
    insert into sku_parts (id, part_id, sku_id) values (569, 402, 87);
    insert into sku_parts (id, part_id, sku_id) values (570, 318, 59);
    insert into sku_parts (id, part_id, sku_id) values (571, 234, 30);
    insert into sku_parts (id, part_id, sku_id) values (572, 431, 9);
    insert into sku_parts (id, part_id, sku_id) values (573, 58, 60);
    insert into sku_parts (id, part_id, sku_id) values (574, 290, 11);
    insert into sku_parts (id, part_id, sku_id) values (575, 358, 27);
    insert into sku_parts (id, part_id, sku_id) values (576, 518, 1);
    insert into sku_parts (id, part_id, sku_id) values (577, 419, 51);
    insert into sku_parts (id, part_id, sku_id) values (578, 42, 33);
    insert into sku_parts (id, part_id, sku_id) values (579, 308, 56);
    insert into sku_parts (id, part_id, sku_id) values (580, 26, 80);
    insert into sku_parts (id, part_id, sku_id) values (581, 519, 42);
    insert into sku_parts (id, part_id, sku_id) values (582, 160, 84);
    insert into sku_parts (id, part_id, sku_id) values (583, 163, 29);
    insert into sku_parts (id, part_id, sku_id) values (584, 516, 87);
    insert into sku_parts (id, part_id, sku_id) values (585, 263, 10);
    insert into sku_parts (id, part_id, sku_id) values (586, 189, 64);
    insert into sku_parts (id, part_id, sku_id) values (587, 584, 40);
    insert into sku_parts (id, part_id, sku_id) values (588, 318, 2);
    insert into sku_parts (id, part_id, sku_id) values (589, 306, 13);
    insert into sku_parts (id, part_id, sku_id) values (590, 215, 84);
    insert into sku_parts (id, part_id, sku_id) values (591, 570, 37);
    insert into sku_parts (id, part_id, sku_id) values (592, 169, 85);
    insert into sku_parts (id, part_id, sku_id) values (593, 426, 1);
    insert into sku_parts (id, part_id, sku_id) values (594, 54, 11);
    insert into sku_parts (id, part_id, sku_id) values (595, 547, 33);
    insert into sku_parts (id, part_id, sku_id) values (596, 576, 3);
    insert into sku_parts (id, part_id, sku_id) values (597, 44, 78);
    insert into sku_parts (id, part_id, sku_id) values (598, 62, 26);
    insert into sku_parts (id, part_id, sku_id) values (599, 177, 9);
    insert into sku_parts (id, part_id, sku_id) values (600, 413, 30);
    insert into sku_parts (id, part_id, sku_id) values (601, 80, 68);
    insert into sku_parts (id, part_id, sku_id) values (602, 93, 61);
    insert into sku_parts (id, part_id, sku_id) values (603, 477, 5);
    insert into sku_parts (id, part_id, sku_id) values (604, 589, 45);
    insert into sku_parts (id, part_id, sku_id) values (605, 357, 91);
    insert into sku_parts (id, part_id, sku_id) values (606, 257, 27);
    insert into sku_parts (id, part_id, sku_id) values (607, 272, 38);
    insert into sku_parts (id, part_id, sku_id) values (608, 432, 76);
    insert into sku_parts (id, part_id, sku_id) values (609, 435, 66);
    insert into sku_parts (id, part_id, sku_id) values (610, 431, 56);
    insert into sku_parts (id, part_id, sku_id) values (611, 509, 68);
    insert into sku_parts (id, part_id, sku_id) values (612, 426, 45);
    insert into sku_parts (id, part_id, sku_id) values (613, 568, 32);
    insert into sku_parts (id, part_id, sku_id) values (614, 466, 5);
    insert into sku_parts (id, part_id, sku_id) values (615, 515, 76);
    insert into sku_parts (id, part_id, sku_id) values (616, 512, 10);
    insert into sku_parts (id, part_id, sku_id) values (617, 266, 73);
    insert into sku_parts (id, part_id, sku_id) values (618, 435, 90);
    insert into sku_parts (id, part_id, sku_id) values (619, 436, 38);
    insert into sku_parts (id, part_id, sku_id) values (620, 261, 10);
    insert into sku_parts (id, part_id, sku_id) values (621, 183, 78);
    insert into sku_parts (id, part_id, sku_id) values (622, 287, 79);
    insert into sku_parts (id, part_id, sku_id) values (623, 250, 4);
    insert into sku_parts (id, part_id, sku_id) values (624, 417, 91);
    insert into sku_parts (id, part_id, sku_id) values (625, 33, 17);
    insert into sku_parts (id, part_id, sku_id) values (626, 488, 57);
    insert into sku_parts (id, part_id, sku_id) values (627, 350, 90);
    insert into sku_parts (id, part_id, sku_id) values (628, 205, 34);
    insert into sku_parts (id, part_id, sku_id) values (629, 310, 56);
    insert into sku_parts (id, part_id, sku_id) values (630, 322, 81);
    insert into sku_parts (id, part_id, sku_id) values (631, 285, 2);
    insert into sku_parts (id, part_id, sku_id) values (632, 203, 17);
    insert into sku_parts (id, part_id, sku_id) values (633, 287, 68);
    insert into sku_parts (id, part_id, sku_id) values (634, 290, 71);
    insert into sku_parts (id, part_id, sku_id) values (635, 219, 27);
    insert into sku_parts (id, part_id, sku_id) values (636, 471, 66);
    insert into sku_parts (id, part_id, sku_id) values (637, 311, 60);
    insert into sku_parts (id, part_id, sku_id) values (638, 405, 3);
    insert into sku_parts (id, part_id, sku_id) values (639, 300, 56);
    insert into sku_parts (id, part_id, sku_id) values (640, 255, 81);
    insert into sku_parts (id, part_id, sku_id) values (641, 388, 77);
    insert into sku_parts (id, part_id, sku_id) values (642, 411, 33);
    insert into sku_parts (id, part_id, sku_id) values (643, 182, 20);
    insert into sku_parts (id, part_id, sku_id) values (644, 363, 50);
    insert into sku_parts (id, part_id, sku_id) values (645, 149, 25);
    insert into sku_parts (id, part_id, sku_id) values (646, 372, 47);
    insert into sku_parts (id, part_id, sku_id) values (647, 597, 23);
    insert into sku_parts (id, part_id, sku_id) values (648, 13, 91);
    insert into sku_parts (id, part_id, sku_id) values (649, 324, 58);
    insert into sku_parts (id, part_id, sku_id) values (650, 357, 69);
    insert into sku_parts (id, part_id, sku_id) values (651, 544, 61);
    insert into sku_parts (id, part_id, sku_id) values (652, 214, 6);
    insert into sku_parts (id, part_id, sku_id) values (653, 198, 43);
    insert into sku_parts (id, part_id, sku_id) values (654, 533, 9);
    insert into sku_parts (id, part_id, sku_id) values (655, 369, 48);
    insert into sku_parts (id, part_id, sku_id) values (656, 350, 21);
    insert into sku_parts (id, part_id, sku_id) values (657, 571, 57);
    insert into sku_parts (id, part_id, sku_id) values (658, 343, 89);
    insert into sku_parts (id, part_id, sku_id) values (659, 179, 59);
    insert into sku_parts (id, part_id, sku_id) values (660, 212, 88);
    insert into sku_parts (id, part_id, sku_id) values (661, 110, 75);
    insert into sku_parts (id, part_id, sku_id) values (662, 468, 48);
    insert into sku_parts (id, part_id, sku_id) values (663, 283, 20);
    insert into sku_parts (id, part_id, sku_id) values (664, 232, 83);
    insert into sku_parts (id, part_id, sku_id) values (665, 290, 34);
    insert into sku_parts (id, part_id, sku_id) values (666, 202, 18);
    insert into sku_parts (id, part_id, sku_id) values (667, 575, 18);
    insert into sku_parts (id, part_id, sku_id) values (668, 180, 71);
    insert into sku_parts (id, part_id, sku_id) values (669, 73, 1);
    insert into sku_parts (id, part_id, sku_id) values (670, 587, 17);
    insert into sku_parts (id, part_id, sku_id) values (671, 576, 89);
    insert into sku_parts (id, part_id, sku_id) values (672, 21, 3);
    insert into sku_parts (id, part_id, sku_id) values (673, 216, 79);
    insert into sku_parts (id, part_id, sku_id) values (674, 413, 58);
    insert into sku_parts (id, part_id, sku_id) values (675, 2, 50);
    insert into sku_parts (id, part_id, sku_id) values (676, 469, 43);
    insert into sku_parts (id, part_id, sku_id) values (677, 91, 14);
    insert into sku_parts (id, part_id, sku_id) values (678, 95, 72);
    insert into sku_parts (id, part_id, sku_id) values (679, 88, 39);
    insert into sku_parts (id, part_id, sku_id) values (680, 238, 47);
    insert into sku_parts (id, part_id, sku_id) values (681, 182, 46);
    insert into sku_parts (id, part_id, sku_id) values (682, 524, 86);
    insert into sku_parts (id, part_id, sku_id) values (683, 277, 60);
    insert into sku_parts (id, part_id, sku_id) values (684, 494, 3);
    insert into sku_parts (id, part_id, sku_id) values (685, 76, 59);
    insert into sku_parts (id, part_id, sku_id) values (686, 568, 59);
    insert into sku_parts (id, part_id, sku_id) values (687, 160, 70);
    insert into sku_parts (id, part_id, sku_id) values (688, 25, 12);
    insert into sku_parts (id, part_id, sku_id) values (689, 124, 21);
    insert into sku_parts (id, part_id, sku_id) values (690, 38, 18);
    insert into sku_parts (id, part_id, sku_id) values (691, 255, 72);
    insert into sku_parts (id, part_id, sku_id) values (692, 153, 76);
    insert into sku_parts (id, part_id, sku_id) values (693, 72, 63);
    insert into sku_parts (id, part_id, sku_id) values (694, 315, 34);
    insert into sku_parts (id, part_id, sku_id) values (695, 350, 66);
    insert into sku_parts (id, part_id, sku_id) values (696, 341, 61);
    insert into sku_parts (id, part_id, sku_id) values (697, 199, 94);
    insert into sku_parts (id, part_id, sku_id) values (698, 397, 60);
    insert into sku_parts (id, part_id, sku_id) values (699, 117, 70);
    insert into sku_parts (id, part_id, sku_id) values (700, 279, 13);
    insert into sku_parts (id, part_id, sku_id) values (701, 11, 75);
    insert into sku_parts (id, part_id, sku_id) values (702, 405, 79);
    insert into sku_parts (id, part_id, sku_id) values (703, 296, 19);
    insert into sku_parts (id, part_id, sku_id) values (704, 559, 74);
    insert into sku_parts (id, part_id, sku_id) values (705, 536, 32);
    insert into sku_parts (id, part_id, sku_id) values (706, 156, 50);
    insert into sku_parts (id, part_id, sku_id) values (707, 100, 59);
    insert into sku_parts (id, part_id, sku_id) values (708, 596, 15);
    insert into sku_parts (id, part_id, sku_id) values (709, 349, 13);
    insert into sku_parts (id, part_id, sku_id) values (710, 452, 55);
    insert into sku_parts (id, part_id, sku_id) values (711, 10, 8);
    insert into sku_parts (id, part_id, sku_id) values (712, 199, 30);
    insert into sku_parts (id, part_id, sku_id) values (713, 484, 78);
    insert into sku_parts (id, part_id, sku_id) values (714, 198, 72);
    insert into sku_parts (id, part_id, sku_id) values (715, 95, 91);
    insert into sku_parts (id, part_id, sku_id) values (716, 426, 52);
    insert into sku_parts (id, part_id, sku_id) values (717, 322, 78);
    insert into sku_parts (id, part_id, sku_id) values (718, 570, 62);
    insert into sku_parts (id, part_id, sku_id) values (719, 385, 37);
    insert into sku_parts (id, part_id, sku_id) values (720, 553, 72);
    insert into sku_parts (id, part_id, sku_id) values (721, 514, 17);
    insert into sku_parts (id, part_id, sku_id) values (722, 410, 29);
    insert into sku_parts (id, part_id, sku_id) values (723, 599, 44);
    insert into sku_parts (id, part_id, sku_id) values (724, 537, 62);
    insert into sku_parts (id, part_id, sku_id) values (725, 523, 74);
    insert into sku_parts (id, part_id, sku_id) values (726, 540, 81);
    insert into sku_parts (id, part_id, sku_id) values (727, 529, 42);
    insert into sku_parts (id, part_id, sku_id) values (728, 382, 14);
    insert into sku_parts (id, part_id, sku_id) values (729, 403, 88);
    insert into sku_parts (id, part_id, sku_id) values (730, 214, 45);
    insert into sku_parts (id, part_id, sku_id) values (731, 67, 31);
    insert into sku_parts (id, part_id, sku_id) values (732, 144, 73);
    insert into sku_parts (id, part_id, sku_id) values (733, 572, 1);
    insert into sku_parts (id, part_id, sku_id) values (734, 16, 70);
    insert into sku_parts (id, part_id, sku_id) values (735, 446, 82);
    insert into sku_parts (id, part_id, sku_id) values (736, 547, 81);
    insert into sku_parts (id, part_id, sku_id) values (737, 596, 41);
    insert into sku_parts (id, part_id, sku_id) values (738, 268, 63);
    insert into sku_parts (id, part_id, sku_id) values (739, 270, 41);
    insert into sku_parts (id, part_id, sku_id) values (740, 213, 12);
    insert into sku_parts (id, part_id, sku_id) values (741, 226, 56);
    insert into sku_parts (id, part_id, sku_id) values (742, 53, 46);
    insert into sku_parts (id, part_id, sku_id) values (743, 321, 16);
    insert into sku_parts (id, part_id, sku_id) values (744, 531, 87);
    insert into sku_parts (id, part_id, sku_id) values (745, 285, 4);
    insert into sku_parts (id, part_id, sku_id) values (746, 506, 81);
    insert into sku_parts (id, part_id, sku_id) values (747, 576, 26);
    insert into sku_parts (id, part_id, sku_id) values (748, 338, 70);
    insert into sku_parts (id, part_id, sku_id) values (749, 539, 79);
    insert into sku_parts (id, part_id, sku_id) values (750, 100, 58);
    insert into sku_parts (id, part_id, sku_id) values (751, 466, 55);
    insert into sku_parts (id, part_id, sku_id) values (752, 430, 72);
    insert into sku_parts (id, part_id, sku_id) values (753, 23, 85);
    insert into sku_parts (id, part_id, sku_id) values (754, 321, 63);
    insert into sku_parts (id, part_id, sku_id) values (755, 536, 50);
    insert into sku_parts (id, part_id, sku_id) values (756, 447, 19);
    insert into sku_parts (id, part_id, sku_id) values (757, 524, 64);
    insert into sku_parts (id, part_id, sku_id) values (758, 495, 77);
    insert into sku_parts (id, part_id, sku_id) values (759, 216, 8);
    insert into sku_parts (id, part_id, sku_id) values (760, 423, 62);
    insert into sku_parts (id, part_id, sku_id) values (761, 307, 76);
    insert into sku_parts (id, part_id, sku_id) values (762, 419, 13);
    insert into sku_parts (id, part_id, sku_id) values (763, 400, 95);
    insert into sku_parts (id, part_id, sku_id) values (764, 164, 70);
    insert into sku_parts (id, part_id, sku_id) values (765, 324, 65);
    insert into sku_parts (id, part_id, sku_id) values (766, 373, 43);
    insert into sku_parts (id, part_id, sku_id) values (767, 278, 30);
    insert into sku_parts (id, part_id, sku_id) values (768, 457, 65);
    insert into sku_parts (id, part_id, sku_id) values (769, 15, 84);
    insert into sku_parts (id, part_id, sku_id) values (770, 537, 77);
    insert into sku_parts (id, part_id, sku_id) values (771, 48, 13);
    insert into sku_parts (id, part_id, sku_id) values (772, 23, 19);
    insert into sku_parts (id, part_id, sku_id) values (773, 600, 66);
    insert into sku_parts (id, part_id, sku_id) values (774, 252, 28);
    insert into sku_parts (id, part_id, sku_id) values (775, 324, 42);
    insert into sku_parts (id, part_id, sku_id) values (776, 291, 11);
    insert into sku_parts (id, part_id, sku_id) values (777, 185, 19);
    insert into sku_parts (id, part_id, sku_id) values (778, 262, 1);
    insert into sku_parts (id, part_id, sku_id) values (779, 102, 24);
    insert into sku_parts (id, part_id, sku_id) values (780, 75, 14);
    insert into sku_parts (id, part_id, sku_id) values (781, 102, 53);
    insert into sku_parts (id, part_id, sku_id) values (782, 49, 60);
    insert into sku_parts (id, part_id, sku_id) values (783, 405, 94);
    insert into sku_parts (id, part_id, sku_id) values (784, 289, 36);
    insert into sku_parts (id, part_id, sku_id) values (785, 161, 11);
    insert into sku_parts (id, part_id, sku_id) values (786, 446, 33);
    insert into sku_parts (id, part_id, sku_id) values (787, 251, 91);
    insert into sku_parts (id, part_id, sku_id) values (788, 569, 62);
    insert into sku_parts (id, part_id, sku_id) values (789, 388, 81);
    insert into sku_parts (id, part_id, sku_id) values (790, 207, 41);
    insert into sku_parts (id, part_id, sku_id) values (791, 229, 91);
    insert into sku_parts (id, part_id, sku_id) values (792, 236, 11);
    insert into sku_parts (id, part_id, sku_id) values (793, 75, 52);
    insert into sku_parts (id, part_id, sku_id) values (794, 157, 46);
    insert into sku_parts (id, part_id, sku_id) values (795, 97, 42);
    insert into sku_parts (id, part_id, sku_id) values (796, 454, 91);
    insert into sku_parts (id, part_id, sku_id) values (797, 392, 74);
    insert into sku_parts (id, part_id, sku_id) values (798, 142, 50);
    insert into sku_parts (id, part_id, sku_id) values (799, 317, 84);
    insert into sku_parts (id, part_id, sku_id) values (800, 427, 10);
    insert into sku_parts (id, part_id, sku_id) values (801, 572, 93);
    insert into sku_parts (id, part_id, sku_id) values (802, 420, 45);
    insert into sku_parts (id, part_id, sku_id) values (803, 459, 26);
    insert into sku_parts (id, part_id, sku_id) values (804, 520, 69);
    insert into sku_parts (id, part_id, sku_id) values (805, 93, 85);
    insert into sku_parts (id, part_id, sku_id) values (806, 577, 48);
    insert into sku_parts (id, part_id, sku_id) values (807, 349, 79);
    insert into sku_parts (id, part_id, sku_id) values (808, 422, 81);
    insert into sku_parts (id, part_id, sku_id) values (809, 86, 19);
    insert into sku_parts (id, part_id, sku_id) values (810, 47, 8);
    insert into sku_parts (id, part_id, sku_id) values (811, 439, 75);
    insert into sku_parts (id, part_id, sku_id) values (812, 132, 81);
    insert into sku_parts (id, part_id, sku_id) values (813, 6, 44);
    insert into sku_parts (id, part_id, sku_id) values (814, 123, 55);
    insert into sku_parts (id, part_id, sku_id) values (815, 543, 63);
    insert into sku_parts (id, part_id, sku_id) values (816, 313, 81);
    insert into sku_parts (id, part_id, sku_id) values (817, 62, 22);
    insert into sku_parts (id, part_id, sku_id) values (818, 420, 35);
    insert into sku_parts (id, part_id, sku_id) values (819, 183, 11);
    insert into sku_parts (id, part_id, sku_id) values (820, 27, 15);
    insert into sku_parts (id, part_id, sku_id) values (821, 406, 83);
    insert into sku_parts (id, part_id, sku_id) values (822, 324, 64);
    insert into sku_parts (id, part_id, sku_id) values (823, 333, 21);
    insert into sku_parts (id, part_id, sku_id) values (824, 334, 14);
    insert into sku_parts (id, part_id, sku_id) values (825, 256, 86);
    insert into sku_parts (id, part_id, sku_id) values (826, 258, 27);
    insert into sku_parts (id, part_id, sku_id) values (827, 398, 58);
    insert into sku_parts (id, part_id, sku_id) values (828, 279, 51);
    insert into sku_parts (id, part_id, sku_id) values (829, 45, 74);
    insert into sku_parts (id, part_id, sku_id) values (830, 13, 57);
    insert into sku_parts (id, part_id, sku_id) values (831, 237, 58);
    insert into sku_parts (id, part_id, sku_id) values (832, 210, 78);
    insert into sku_parts (id, part_id, sku_id) values (833, 99, 33);
    insert into sku_parts (id, part_id, sku_id) values (834, 459, 76);
    insert into sku_parts (id, part_id, sku_id) values (835, 328, 41);
    insert into sku_parts (id, part_id, sku_id) values (836, 566, 70);
    insert into sku_parts (id, part_id, sku_id) values (837, 535, 66);
    insert into sku_parts (id, part_id, sku_id) values (838, 539, 42);
    insert into sku_parts (id, part_id, sku_id) values (839, 90, 76);
    insert into sku_parts (id, part_id, sku_id) values (840, 345, 15);
    insert into sku_parts (id, part_id, sku_id) values (841, 68, 50);
    insert into sku_parts (id, part_id, sku_id) values (842, 296, 58);
    insert into sku_parts (id, part_id, sku_id) values (843, 460, 8);
    insert into sku_parts (id, part_id, sku_id) values (844, 68, 88);
    insert into sku_parts (id, part_id, sku_id) values (845, 458, 77);
    insert into sku_parts (id, part_id, sku_id) values (846, 451, 66);
    insert into sku_parts (id, part_id, sku_id) values (847, 257, 40);
    insert into sku_parts (id, part_id, sku_id) values (848, 407, 77);
    insert into sku_parts (id, part_id, sku_id) values (849, 449, 68);
    insert into sku_parts (id, part_id, sku_id) values (850, 55, 76);
    insert into sku_parts (id, part_id, sku_id) values (851, 597, 5);
    insert into sku_parts (id, part_id, sku_id) values (852, 152, 42);
    insert into sku_parts (id, part_id, sku_id) values (853, 313, 6);
    insert into sku_parts (id, part_id, sku_id) values (854, 191, 22);
    insert into sku_parts (id, part_id, sku_id) values (855, 533, 34);
    insert into sku_parts (id, part_id, sku_id) values (856, 26, 87);
    insert into sku_parts (id, part_id, sku_id) values (857, 377, 24);
    insert into sku_parts (id, part_id, sku_id) values (858, 307, 45);
    insert into sku_parts (id, part_id, sku_id) values (859, 170, 90);
    insert into sku_parts (id, part_id, sku_id) values (860, 79, 39);
    insert into sku_parts (id, part_id, sku_id) values (861, 74, 54);
    insert into sku_parts (id, part_id, sku_id) values (862, 85, 11);
    insert into sku_parts (id, part_id, sku_id) values (863, 208, 14);
    insert into sku_parts (id, part_id, sku_id) values (864, 34, 34);
    insert into sku_parts (id, part_id, sku_id) values (865, 305, 7);
    insert into sku_parts (id, part_id, sku_id) values (866, 472, 53);
    insert into sku_parts (id, part_id, sku_id) values (867, 544, 87);
    insert into sku_parts (id, part_id, sku_id) values (868, 124, 76);
    insert into sku_parts (id, part_id, sku_id) values (869, 437, 8);
    insert into sku_parts (id, part_id, sku_id) values (870, 575, 48);
    insert into sku_parts (id, part_id, sku_id) values (871, 312, 15);
    insert into sku_parts (id, part_id, sku_id) values (872, 19, 17);
    insert into sku_parts (id, part_id, sku_id) values (873, 500, 61);
    insert into sku_parts (id, part_id, sku_id) values (874, 339, 58);
    insert into sku_parts (id, part_id, sku_id) values (875, 314, 39);
    insert into sku_parts (id, part_id, sku_id) values (876, 290, 73);
    insert into sku_parts (id, part_id, sku_id) values (877, 593, 52);
    insert into sku_parts (id, part_id, sku_id) values (878, 282, 68);
    insert into sku_parts (id, part_id, sku_id) values (879, 560, 46);
    insert into sku_parts (id, part_id, sku_id) values (880, 467, 40);
    insert into sku_parts (id, part_id, sku_id) values (881, 374, 9);
    insert into sku_parts (id, part_id, sku_id) values (882, 239, 68);
    insert into sku_parts (id, part_id, sku_id) values (883, 482, 90);
    insert into sku_parts (id, part_id, sku_id) values (884, 141, 94);
    insert into sku_parts (id, part_id, sku_id) values (885, 243, 7);
    insert into sku_parts (id, part_id, sku_id) values (886, 25, 2);
    insert into sku_parts (id, part_id, sku_id) values (887, 428, 76);
    insert into sku_parts (id, part_id, sku_id) values (888, 234, 4);
    insert into sku_parts (id, part_id, sku_id) values (889, 239, 59);
    insert into sku_parts (id, part_id, sku_id) values (890, 447, 5);
    insert into sku_parts (id, part_id, sku_id) values (891, 490, 17);
    insert into sku_parts (id, part_id, sku_id) values (892, 213, 87);
    insert into sku_parts (id, part_id, sku_id) values (893, 346, 1);
    insert into sku_parts (id, part_id, sku_id) values (894, 315, 65);
    insert into sku_parts (id, part_id, sku_id) values (895, 26, 46);
    insert into sku_parts (id, part_id, sku_id) values (896, 39, 94);
    insert into sku_parts (id, part_id, sku_id) values (897, 174, 61);
    insert into sku_parts (id, part_id, sku_id) values (898, 66, 48);
    insert into sku_parts (id, part_id, sku_id) values (899, 255, 73);
    insert into sku_parts (id, part_id, sku_id) values (900, 263, 49);
    insert into sku_parts (id, part_id, sku_id) values (901, 362, 4);
    insert into sku_parts (id, part_id, sku_id) values (902, 185, 47);
    insert into sku_parts (id, part_id, sku_id) values (903, 18, 18);
    insert into sku_parts (id, part_id, sku_id) values (904, 264, 84);
    insert into sku_parts (id, part_id, sku_id) values (905, 536, 58);
    insert into sku_parts (id, part_id, sku_id) values (906, 296, 35);
    insert into sku_parts (id, part_id, sku_id) values (907, 188, 84);
    insert into sku_parts (id, part_id, sku_id) values (908, 586, 64);
    insert into sku_parts (id, part_id, sku_id) values (909, 294, 48);
    insert into sku_parts (id, part_id, sku_id) values (910, 64, 12);
    insert into sku_parts (id, part_id, sku_id) values (911, 410, 31);
    insert into sku_parts (id, part_id, sku_id) values (912, 279, 51);
    insert into sku_parts (id, part_id, sku_id) values (913, 376, 6);
    insert into sku_parts (id, part_id, sku_id) values (914, 305, 78);
    insert into sku_parts (id, part_id, sku_id) values (915, 171, 43);
    insert into sku_parts (id, part_id, sku_id) values (916, 366, 65);
    insert into sku_parts (id, part_id, sku_id) values (917, 93, 68);
    insert into sku_parts (id, part_id, sku_id) values (918, 303, 54);
    insert into sku_parts (id, part_id, sku_id) values (919, 412, 42);
    insert into sku_parts (id, part_id, sku_id) values (920, 577, 88);
    insert into sku_parts (id, part_id, sku_id) values (921, 46, 36);
    insert into sku_parts (id, part_id, sku_id) values (922, 185, 82);
    insert into sku_parts (id, part_id, sku_id) values (923, 218, 53);
    insert into sku_parts (id, part_id, sku_id) values (924, 496, 94);
    insert into sku_parts (id, part_id, sku_id) values (925, 30, 18);
    insert into sku_parts (id, part_id, sku_id) values (926, 471, 47);
    insert into sku_parts (id, part_id, sku_id) values (927, 73, 33);
    insert into sku_parts (id, part_id, sku_id) values (928, 376, 79);
    insert into sku_parts (id, part_id, sku_id) values (929, 522, 1);
    insert into sku_parts (id, part_id, sku_id) values (930, 23, 67);
    insert into sku_parts (id, part_id, sku_id) values (931, 438, 69);
    insert into sku_parts (id, part_id, sku_id) values (932, 347, 79);
    insert into sku_parts (id, part_id, sku_id) values (933, 589, 91);
    insert into sku_parts (id, part_id, sku_id) values (934, 556, 57);
    insert into sku_parts (id, part_id, sku_id) values (935, 447, 45);
    insert into sku_parts (id, part_id, sku_id) values (936, 72, 15);
    insert into sku_parts (id, part_id, sku_id) values (937, 140, 85);
    insert into sku_parts (id, part_id, sku_id) values (938, 401, 92);
    insert into sku_parts (id, part_id, sku_id) values (939, 347, 93);
    insert into sku_parts (id, part_id, sku_id) values (940, 381, 21);
    insert into sku_parts (id, part_id, sku_id) values (941, 385, 53);
    insert into sku_parts (id, part_id, sku_id) values (942, 368, 74);
    insert into sku_parts (id, part_id, sku_id) values (943, 527, 30);
    insert into sku_parts (id, part_id, sku_id) values (944, 450, 73);
    insert into sku_parts (id, part_id, sku_id) values (945, 208, 59);
    insert into sku_parts (id, part_id, sku_id) values (946, 146, 52);
    insert into sku_parts (id, part_id, sku_id) values (947, 274, 74);
    insert into sku_parts (id, part_id, sku_id) values (948, 200, 80);
    insert into sku_parts (id, part_id, sku_id) values (949, 94, 68);
    insert into sku_parts (id, part_id, sku_id) values (950, 503, 3);
    insert into sku_parts (id, part_id, sku_id) values (951, 555, 47);
    insert into sku_parts (id, part_id, sku_id) values (952, 166, 65);
    insert into sku_parts (id, part_id, sku_id) values (953, 452, 25);
    insert into sku_parts (id, part_id, sku_id) values (954, 335, 58);
    insert into sku_parts (id, part_id, sku_id) values (955, 365, 60);
    insert into sku_parts (id, part_id, sku_id) values (956, 333, 91);
    insert into sku_parts (id, part_id, sku_id) values (957, 514, 8);
    insert into sku_parts (id, part_id, sku_id) values (958, 329, 40);
    insert into sku_parts (id, part_id, sku_id) values (959, 157, 50);
    insert into sku_parts (id, part_id, sku_id) values (960, 235, 3);
    insert into sku_parts (id, part_id, sku_id) values (961, 566, 6);
    insert into sku_parts (id, part_id, sku_id) values (962, 12, 56);
    insert into sku_parts (id, part_id, sku_id) values (963, 478, 78);
    insert into sku_parts (id, part_id, sku_id) values (964, 341, 24);
    insert into sku_parts (id, part_id, sku_id) values (965, 247, 15);
    insert into sku_parts (id, part_id, sku_id) values (966, 90, 67);
    insert into sku_parts (id, part_id, sku_id) values (967, 572, 8);
    insert into sku_parts (id, part_id, sku_id) values (968, 460, 67);
    insert into sku_parts (id, part_id, sku_id) values (969, 131, 52);
    insert into sku_parts (id, part_id, sku_id) values (970, 180, 40);
    insert into sku_parts (id, part_id, sku_id) values (971, 104, 31);
    insert into sku_parts (id, part_id, sku_id) values (972, 285, 84);
    insert into sku_parts (id, part_id, sku_id) values (973, 437, 94);
    insert into sku_parts (id, part_id, sku_id) values (974, 73, 35);
    insert into sku_parts (id, part_id, sku_id) values (975, 236, 53);
    insert into sku_parts (id, part_id, sku_id) values (976, 371, 92);
    insert into sku_parts (id, part_id, sku_id) values (977, 293, 18);
    insert into sku_parts (id, part_id, sku_id) values (978, 460, 53);
    insert into sku_parts (id, part_id, sku_id) values (979, 435, 68);
    insert into sku_parts (id, part_id, sku_id) values (980, 80, 20);
    insert into sku_parts (id, part_id, sku_id) values (981, 595, 37);
    insert into sku_parts (id, part_id, sku_id) values (982, 57, 35);
    insert into sku_parts (id, part_id, sku_id) values (983, 425, 13);
    insert into sku_parts (id, part_id, sku_id) values (984, 444, 78);
    insert into sku_parts (id, part_id, sku_id) values (985, 203, 44);
    insert into sku_parts (id, part_id, sku_id) values (986, 581, 65);
    insert into sku_parts (id, part_id, sku_id) values (987, 297, 69);
    insert into sku_parts (id, part_id, sku_id) values (988, 531, 30);
    insert into sku_parts (id, part_id, sku_id) values (989, 165, 95);
    insert into sku_parts (id, part_id, sku_id) values (990, 538, 35);
    insert into sku_parts (id, part_id, sku_id) values (991, 591, 48);
    insert into sku_parts (id, part_id, sku_id) values (992, 250, 53);
    insert into sku_parts (id, part_id, sku_id) values (993, 108, 87);
    insert into sku_parts (id, part_id, sku_id) values (994, 334, 83);
    insert into sku_parts (id, part_id, sku_id) values (995, 294, 9);
    insert into sku_parts (id, part_id, sku_id) values (996, 460, 10);
    insert into sku_parts (id, part_id, sku_id) values (997, 36, 69);
    insert into sku_parts (id, part_id, sku_id) values (998, 550, 37);
    insert into sku_parts (id, part_id, sku_id) values (999, 252, 79);
    insert into sku_parts (id, part_id, sku_id) values (1000, 480, 83);
    
    insert into Safety_measurements (s_measure_id, collision_test, safety_class, body_durability, brakes_efficience, acceptance_date) values (1, 1, 9, 0.58, 0.86, '08-Aug-2020');
    insert into Safety_measurements (s_measure_id, collision_test, safety_class, body_durability, brakes_efficience, acceptance_date) values (2, 4, 7, 0.74, 0.72, '03-Jan-2020');
    insert into Safety_measurements (s_measure_id, collision_test, safety_class, body_durability, brakes_efficience, acceptance_date) values (3, 3, 10, 0.08, 0.31, '28-Apr-2023');
    insert into Safety_measurements (s_measure_id, collision_test, safety_class, body_durability, brakes_efficience, acceptance_date) values (4, 7, 8, 0.02, 0.23, '29-Aug-2024');
    insert into Safety_measurements (s_measure_id, collision_test, safety_class, body_durability, brakes_efficience, acceptance_date) values (5, 8, 8, 0.29, 0.7, '29-Dec-2023');
    insert into Safety_measurements (s_measure_id, collision_test, safety_class, body_durability, brakes_efficience, acceptance_date) values (6, 5, 10, 0.7, 0.57, '04-Jul-2024');
    insert into Safety_measurements (s_measure_id, collision_test, safety_class, body_durability, brakes_efficience, acceptance_date) values (7, 1, 7, 0.73, 0.39, '14-Aug-2022');
    insert into Safety_measurements (s_measure_id, collision_test, safety_class, body_durability, brakes_efficience, acceptance_date) values (8, 5, 8, 0.3, 0.49, '04-Apr-2022');
    insert into Safety_measurements (s_measure_id, collision_test, safety_class, body_durability, brakes_efficience, acceptance_date) values (9, 8, 8, 0.93, 0.66, '23-Nov-2023');
    insert into Safety_measurements (s_measure_id, collision_test, safety_class, body_durability, brakes_efficience, acceptance_date) values (10, 2, 8, 0.14, 0.18, '15-Sep-2023');
    insert into Safety_measurements (s_measure_id, collision_test, safety_class, body_durability, brakes_efficience, acceptance_date) values (11, 4, 8, 0.16, 0.13, '24-Nov-2021');
    insert into Safety_measurements (s_measure_id, collision_test, safety_class, body_durability, brakes_efficience, acceptance_date) values (12, 1, 6, 0.45, 0.87, '20-May-2024');
    insert into Safety_measurements (s_measure_id, collision_test, safety_class, body_durability, brakes_efficience, acceptance_date) values (13, 3, 5, 0.12, 0.12, '08-Apr-2022');
    insert into Safety_measurements (s_measure_id, collision_test, safety_class, body_durability, brakes_efficience, acceptance_date) values (14, 5, 9, 0.39, 0.82, '01-Aug-2024');
    insert into Safety_measurements (s_measure_id, collision_test, safety_class, body_durability, brakes_efficience, acceptance_date) values (15, 3, 6, 0.58, 0.61, '26-Oct-2021');
    insert into Safety_measurements (s_measure_id, collision_test, safety_class, body_durability, brakes_efficience, acceptance_date) values (16, 3, 6, 0.76, 0.01, '11-Feb-2022');
    insert into Safety_measurements (s_measure_id, collision_test, safety_class, body_durability, brakes_efficience, acceptance_date) values (17, 4, 7, 0.35, 0.13, '29-Jan-2024');
    insert into Safety_measurements (s_measure_id, collision_test, safety_class, body_durability, brakes_efficience, acceptance_date) values (18, 1, 8, 0.36, 0.73, '18-Jun-2024');
    insert into Safety_measurements (s_measure_id, collision_test, safety_class, body_durability, brakes_efficience, acceptance_date) values (19, 6, 5, 0.79, 0.22, '01-May-2024');
    insert into Safety_measurements (s_measure_id, collision_test, safety_class, body_durability, brakes_efficience, acceptance_date) values (20, 8, 7, 0.6, 0.67, '20-Oct-2020');
    insert into Safety_measurements (s_measure_id, collision_test, safety_class, body_durability, brakes_efficience, acceptance_date) values (21, 4, 9, 0.25, 0.4, '12-Jul-2021');
    insert into Safety_measurements (s_measure_id, collision_test, safety_class, body_durability, brakes_efficience, acceptance_date) values (22, 8, 10, 0.02, 0.7, '18-Jun-2022');
    insert into Safety_measurements (s_measure_id, collision_test, safety_class, body_durability, brakes_efficience, acceptance_date) values (23, 3, 10, 0.2, 0.74, '10-Dec-2022');
    insert into Safety_measurements (s_measure_id, collision_test, safety_class, body_durability, brakes_efficience, acceptance_date) values (24, 4, 10, 0.29, 0.6, '05-Dec-2022');
    insert into Safety_measurements (s_measure_id, collision_test, safety_class, body_durability, brakes_efficience, acceptance_date) values (25, 9, 10, 0.56, 0.43, '31-May-2024');
    insert into Safety_measurements (s_measure_id, collision_test, safety_class, body_durability, brakes_efficience, acceptance_date) values (26, 9, 7, 0.54, 0.13, '09-Jul-2024');
    insert into Safety_measurements (s_measure_id, collision_test, safety_class, body_durability, brakes_efficience, acceptance_date) values (27, 2, 5, 0.23, 0.92, '18-Apr-2022');
    insert into Safety_measurements (s_measure_id, collision_test, safety_class, body_durability, brakes_efficience, acceptance_date) values (28, 4, 7, 0.36, 0.34, '11-Dec-2019');
    insert into Safety_measurements (s_measure_id, collision_test, safety_class, body_durability, brakes_efficience, acceptance_date) values (29, 7, 5, 0.75, 0.91, '08-Sep-2020');
    insert into Safety_measurements (s_measure_id, collision_test, safety_class, body_durability, brakes_efficience, acceptance_date) values (30, 7, 6, 0.76, 0.75, '15-Feb-2020');
    insert into Safety_measurements (s_measure_id, collision_test, safety_class, body_durability, brakes_efficience, acceptance_date) values (31, 10, 7, 0.31, 0.5, '28-Apr-2022');
    insert into Safety_measurements (s_measure_id, collision_test, safety_class, body_durability, brakes_efficience, acceptance_date) values (32, 5, 5, 0.9, 0.99, '19-Feb-2020');
    insert into Safety_measurements (s_measure_id, collision_test, safety_class, body_durability, brakes_efficience, acceptance_date) values (33, 4, 6, 0.93, 0.52, '22-Dec-2022');
    insert into Safety_measurements (s_measure_id, collision_test, safety_class, body_durability, brakes_efficience, acceptance_date) values (34, 3, 9, 0.59, 0.32, '05-Mar-2024');
    insert into Safety_measurements (s_measure_id, collision_test, safety_class, body_durability, brakes_efficience, acceptance_date) values (35, 8, 10, 0.08, 0.41, '06-Dec-2019');
    insert into Safety_measurements (s_measure_id, collision_test, safety_class, body_durability, brakes_efficience, acceptance_date) values (36, 8, 9, 0.55, 0.54, '19-Aug-2022');
    insert into Safety_measurements (s_measure_id, collision_test, safety_class, body_durability, brakes_efficience, acceptance_date) values (37, 5, 8, 0.45, 0.34, '22-Feb-2024');
    insert into Safety_measurements (s_measure_id, collision_test, safety_class, body_durability, brakes_efficience, acceptance_date) values (38, 4, 5, 0.63, 0.69, '11-Aug-2021');
    insert into Safety_measurements (s_measure_id, collision_test, safety_class, body_durability, brakes_efficience, acceptance_date) values (39, 6, 8, 0.03, 0.51, '20-Aug-2024');
    insert into Safety_measurements (s_measure_id, collision_test, safety_class, body_durability, brakes_efficience, acceptance_date) values (40, 9, 6, 0.03, 0.2, '24-Jul-2021');
    insert into Safety_measurements (s_measure_id, collision_test, safety_class, body_durability, brakes_efficience, acceptance_date) values (41, 3, 10, 0.62, 0.46, '24-Sep-2022');
    insert into Safety_measurements (s_measure_id, collision_test, safety_class, body_durability, brakes_efficience, acceptance_date) values (42, 4, 7, 0.49, 0.95, '27-Dec-2023');
    insert into Safety_measurements (s_measure_id, collision_test, safety_class, body_durability, brakes_efficience, acceptance_date) values (43, 5, 5, 0.34, 0.33, '26-Apr-2020');
    insert into Safety_measurements (s_measure_id, collision_test, safety_class, body_durability, brakes_efficience, acceptance_date) values (44, 5, 10, 0.68, 0.5, '20-Mar-2021');
    insert into Safety_measurements (s_measure_id, collision_test, safety_class, body_durability, brakes_efficience, acceptance_date) values (45, 6, 9, 0.69, 0.64, '20-Oct-2024');
    insert into Safety_measurements (s_measure_id, collision_test, safety_class, body_durability, brakes_efficience, acceptance_date) values (46, 10, 5, 0.58, 0.39, '23-May-2020');
    insert into Safety_measurements (s_measure_id, collision_test, safety_class, body_durability, brakes_efficience, acceptance_date) values (47, 1, 6, 0.37, 0.95, '06-Feb-2024');
    insert into Safety_measurements (s_measure_id, collision_test, safety_class, body_durability, brakes_efficience, acceptance_date) values (48, 2, 5, 0.67, 0.79, '01-Jul-2022');
    insert into Safety_measurements (s_measure_id, collision_test, safety_class, body_durability, brakes_efficience, acceptance_date) values (49, 1, 9, 0.92, 0.62, '11-Jun-2024');
    insert into Safety_measurements (s_measure_id, collision_test, safety_class, body_durability, brakes_efficience, acceptance_date) values (50, 3, 5, 0.26, 0.76, '26-Mar-2020');
    insert into Safety_measurements (s_measure_id, collision_test, safety_class, body_durability, brakes_efficience, acceptance_date) values (51, 2, 10, 0.78, 0.58, '25-Jan-2023');
    insert into Safety_measurements (s_measure_id, collision_test, safety_class, body_durability, brakes_efficience, acceptance_date) values (52, 7, 9, 0.56, 0.88, '03-Jul-2020');
    insert into Safety_measurements (s_measure_id, collision_test, safety_class, body_durability, brakes_efficience, acceptance_date) values (53, 10, 7, 0.6, 0.41, '23-May-2024');
    insert into Safety_measurements (s_measure_id, collision_test, safety_class, body_durability, brakes_efficience, acceptance_date) values (54, 3, 6, 0.17, 0.26, '11-Feb-2023');
    insert into Safety_measurements (s_measure_id, collision_test, safety_class, body_durability, brakes_efficience, acceptance_date) values (55, 2, 8, 0.83, 0.21, '13-Jun-2021');
    insert into Safety_measurements (s_measure_id, collision_test, safety_class, body_durability, brakes_efficience, acceptance_date) values (56, 6, 5, 0.41, 0.25, '19-Feb-2023');
    insert into Safety_measurements (s_measure_id, collision_test, safety_class, body_durability, brakes_efficience, acceptance_date) values (57, 10, 6, 0.21, 0.81, '27-Jan-2024');
    insert into Safety_measurements (s_measure_id, collision_test, safety_class, body_durability, brakes_efficience, acceptance_date) values (58, 1, 7, 0.81, 0.68, '29-May-2022');
    insert into Safety_measurements (s_measure_id, collision_test, safety_class, body_durability, brakes_efficience, acceptance_date) values (59, 2, 7, 0.3, 0.54, '28-Jul-2020');
    insert into Safety_measurements (s_measure_id, collision_test, safety_class, body_durability, brakes_efficience, acceptance_date) values (60, 5, 9, 0.26, 0.55, '26-Dec-2019');
    insert into Safety_measurements (s_measure_id, collision_test, safety_class, body_durability, brakes_efficience, acceptance_date) values (61, 8, 6, 0.55, 0.57, '12-Mar-2024');
    insert into Safety_measurements (s_measure_id, collision_test, safety_class, body_durability, brakes_efficience, acceptance_date) values (62, 10, 7, 0.58, 0.98, '14-Aug-2024');
    insert into Safety_measurements (s_measure_id, collision_test, safety_class, body_durability, brakes_efficience, acceptance_date) values (63, 10, 8, 0.51, 1.0, '07-Apr-2020');
    insert into Safety_measurements (s_measure_id, collision_test, safety_class, body_durability, brakes_efficience, acceptance_date) values (64, 9, 8, 0.92, 0.84, '24-Apr-2023');
    insert into Safety_measurements (s_measure_id, collision_test, safety_class, body_durability, brakes_efficience, acceptance_date) values (65, 3, 7, 0.63, 0.83, '04-Mar-2020');
    insert into Safety_measurements (s_measure_id, collision_test, safety_class, body_durability, brakes_efficience, acceptance_date) values (66, 6, 10, 0.58, 0.9, '29-Jan-2020');
    insert into Safety_measurements (s_measure_id, collision_test, safety_class, body_durability, brakes_efficience, acceptance_date) values (67, 4, 5, 0.55, 0.79, '21-Oct-2024');
    insert into Safety_measurements (s_measure_id, collision_test, safety_class, body_durability, brakes_efficience, acceptance_date) values (68, 9, 5, 0.85, 0.69, '21-Jan-2024');
    insert into Safety_measurements (s_measure_id, collision_test, safety_class, body_durability, brakes_efficience, acceptance_date) values (69, 5, 9, 0.24, 0.25, '26-Jan-2021');
    insert into Safety_measurements (s_measure_id, collision_test, safety_class, body_durability, brakes_efficience, acceptance_date) values (70, 7, 6, 0.41, 0.97, '15-Jun-2024');
    insert into Safety_measurements (s_measure_id, collision_test, safety_class, body_durability, brakes_efficience, acceptance_date) values (71, 4, 9, 0.57, 0.54, '20-Jan-2020');
    insert into Safety_measurements (s_measure_id, collision_test, safety_class, body_durability, brakes_efficience, acceptance_date) values (72, 8, 10, 0.42, 0.28, '12-Jun-2023');
    insert into Safety_measurements (s_measure_id, collision_test, safety_class, body_durability, brakes_efficience, acceptance_date) values (73, 8, 6, 0.34, 0.17, '25-Jan-2021');
    insert into Safety_measurements (s_measure_id, collision_test, safety_class, body_durability, brakes_efficience, acceptance_date) values (74, 1, 8, 0.8, 0.9, '25-Jun-2021');
    insert into Safety_measurements (s_measure_id, collision_test, safety_class, body_durability, brakes_efficience, acceptance_date) values (75, 2, 9, 0.61, 0.13, '28-Feb-2021');
    insert into Safety_measurements (s_measure_id, collision_test, safety_class, body_durability, brakes_efficience, acceptance_date) values (76, 3, 10, 0.33, 0.63, '18-Dec-2023');
    insert into Safety_measurements (s_measure_id, collision_test, safety_class, body_durability, brakes_efficience, acceptance_date) values (77, 8, 8, 0.02, 0.11, '24-Oct-2024');
    insert into Safety_measurements (s_measure_id, collision_test, safety_class, body_durability, brakes_efficience, acceptance_date) values (78, 4, 6, 0.09, 0.9, '02-May-2020');
    insert into Safety_measurements (s_measure_id, collision_test, safety_class, body_durability, brakes_efficience, acceptance_date) values (79, 8, 8, 0.29, 0.47, '04-Oct-2021');
    insert into Safety_measurements (s_measure_id, collision_test, safety_class, body_durability, brakes_efficience, acceptance_date) values (80, 5, 10, 0.51, 0.41, '23-Nov-2022');
    insert into Safety_measurements (s_measure_id, collision_test, safety_class, body_durability, brakes_efficience, acceptance_date) values (81, 6, 7, 0.86, 0.54, '03-Jul-2022');
    insert into Safety_measurements (s_measure_id, collision_test, safety_class, body_durability, brakes_efficience, acceptance_date) values (82, 8, 6, 0.21, 0.69, '08-Apr-2020');
    insert into Safety_measurements (s_measure_id, collision_test, safety_class, body_durability, brakes_efficience, acceptance_date) values (83, 3, 10, 0.35, 0.18, '03-Oct-2021');
    insert into Safety_measurements (s_measure_id, collision_test, safety_class, body_durability, brakes_efficience, acceptance_date) values (84, 9, 9, 0.84, 0.9, '25-Aug-2022');
    insert into Safety_measurements (s_measure_id, collision_test, safety_class, body_durability, brakes_efficience, acceptance_date) values (85, 7, 8, 0.53, 0.68, '30-Jul-2022');
    insert into Safety_measurements (s_measure_id, collision_test, safety_class, body_durability, brakes_efficience, acceptance_date) values (86, 7, 10, 0.33, 0.73, '16-Sep-2020');
    insert into Safety_measurements (s_measure_id, collision_test, safety_class, body_durability, brakes_efficience, acceptance_date) values (87, 2, 9, 0.36, 0.65, '08-Mar-2023');
    insert into Safety_measurements (s_measure_id, collision_test, safety_class, body_durability, brakes_efficience, acceptance_date) values (88, 10, 7, 0.29, 0.75, '14-May-2024');
    insert into Safety_measurements (s_measure_id, collision_test, safety_class, body_durability, brakes_efficience, acceptance_date) values (89, 5, 7, 0.81, 0.21, '12-Dec-2019');
    insert into Safety_measurements (s_measure_id, collision_test, safety_class, body_durability, brakes_efficience, acceptance_date) values (90, 6, 6, 0.31, 0.73, '02-Mar-2023');
    insert into Safety_measurements (s_measure_id, collision_test, safety_class, body_durability, brakes_efficience, acceptance_date) values (91, 1, 7, 0.14, 0.94, '29-May-2023');
    insert into Safety_measurements (s_measure_id, collision_test, safety_class, body_durability, brakes_efficience, acceptance_date) values (92, 10, 10, 0.4, 0.26, '19-Oct-2020');
    insert into Safety_measurements (s_measure_id, collision_test, safety_class, body_durability, brakes_efficience, acceptance_date) values (93, 7, 6, 0.91, 0.28, '29-Aug-2021');
    insert into Safety_measurements (s_measure_id, collision_test, safety_class, body_durability, brakes_efficience, acceptance_date) values (94, 4, 8, 0.44, 0.13, '20-Jun-2023');
    insert into Safety_measurements (s_measure_id, collision_test, safety_class, body_durability, brakes_efficience, acceptance_date) values (95, 4, 9, 0.18, 0.71, '25-Jul-2021');
    insert into Safety_measurements (s_measure_id, collision_test, safety_class, body_durability, brakes_efficience, acceptance_date) values (96, 6, 9, 0.38, 0.99, '12-Aug-2024');
    insert into Safety_measurements (s_measure_id, collision_test, safety_class, body_durability, brakes_efficience, acceptance_date) values (97, 2, 7, 0.62, 0.46, '27-Jan-2020');
    insert into Safety_measurements (s_measure_id, collision_test, safety_class, body_durability, brakes_efficience, acceptance_date) values (98, 7, 9, 0.23, 0.98, '30-Sep-2021');
    insert into Safety_measurements (s_measure_id, collision_test, safety_class, body_durability, brakes_efficience, acceptance_date) values (99, 8, 5, 0.92, 0.31, '08-Sep-2022');
    insert into Safety_measurements (s_measure_id, collision_test, safety_class, body_durability, brakes_efficience, acceptance_date) values (100, 1, 5, 0.26, 0.84, '14-Aug-2021');
    insert into Safety_measurements (s_measure_id, collision_test, safety_class, body_durability, brakes_efficience, acceptance_date) values (101, 8, 9, 1.0, 0.48, '30-Dec-2023');
    insert into Safety_measurements (s_measure_id, collision_test, safety_class, body_durability, brakes_efficience, acceptance_date) values (102, 1, 7, 0.25, 0.48, '23-Jan-2023');
    insert into Safety_measurements (s_measure_id, collision_test, safety_class, body_durability, brakes_efficience, acceptance_date) values (103, 2, 8, 0.76, 0.94, '04-Apr-2021');
    insert into Safety_measurements (s_measure_id, collision_test, safety_class, body_durability, brakes_efficience, acceptance_date) values (104, 7, 6, 0.0, 0.57, '04-Sep-2022');
    insert into Safety_measurements (s_measure_id, collision_test, safety_class, body_durability, brakes_efficience, acceptance_date) values (105, 1, 5, 0.86, 0.44, '05-Mar-2021');
    insert into Safety_measurements (s_measure_id, collision_test, safety_class, body_durability, brakes_efficience, acceptance_date) values (106, 1, 7, 0.82, 0.07, '28-May-2020');
    insert into Safety_measurements (s_measure_id, collision_test, safety_class, body_durability, brakes_efficience, acceptance_date) values (107, 10, 10, 0.47, 0.2, '27-Sep-2024');
    insert into Safety_measurements (s_measure_id, collision_test, safety_class, body_durability, brakes_efficience, acceptance_date) values (108, 8, 9, 0.33, 0.02, '21-Jun-2020');
    insert into Safety_measurements (s_measure_id, collision_test, safety_class, body_durability, brakes_efficience, acceptance_date) values (109, 10, 6, 0.1, 0.12, '13-Aug-2023');
    insert into Safety_measurements (s_measure_id, collision_test, safety_class, body_durability, brakes_efficience, acceptance_date) values (110, 10, 6, 0.25, 0.4, '31-Dec-2021');
    insert into Safety_measurements (s_measure_id, collision_test, safety_class, body_durability, brakes_efficience, acceptance_date) values (111, 7, 10, 0.08, 0.06, '11-Sep-2020');
    insert into Safety_measurements (s_measure_id, collision_test, safety_class, body_durability, brakes_efficience, acceptance_date) values (112, 9, 10, 0.89, 0.37, '31-Mar-2022');
    insert into Safety_measurements (s_measure_id, collision_test, safety_class, body_durability, brakes_efficience, acceptance_date) values (113, 2, 6, 0.18, 0.82, '20-Dec-2023');
    insert into Safety_measurements (s_measure_id, collision_test, safety_class, body_durability, brakes_efficience, acceptance_date) values (114, 2, 9, 0.09, 0.94, '25-Jan-2024');
    insert into Safety_measurements (s_measure_id, collision_test, safety_class, body_durability, brakes_efficience, acceptance_date) values (115, 8, 10, 0.61, 0.28, '24-Feb-2022');
    insert into Safety_measurements (s_measure_id, collision_test, safety_class, body_durability, brakes_efficience, acceptance_date) values (116, 10, 9, 0.15, 0.93, '07-Sep-2024');
    insert into Safety_measurements (s_measure_id, collision_test, safety_class, body_durability, brakes_efficience, acceptance_date) values (117, 9, 10, 0.93, 0.01, '31-Jan-2022');
    insert into Safety_measurements (s_measure_id, collision_test, safety_class, body_durability, brakes_efficience, acceptance_date) values (118, 2, 9, 0.25, 0.54, '26-Nov-2020');
    insert into Safety_measurements (s_measure_id, collision_test, safety_class, body_durability, brakes_efficience, acceptance_date) values (119, 2, 8, 0.83, 0.38, '17-Jan-2020');
    insert into Safety_measurements (s_measure_id, collision_test, safety_class, body_durability, brakes_efficience, acceptance_date) values (120, 10, 5, 0.92, 0.32, '06-Jun-2020');
    insert into Safety_measurements (s_measure_id, collision_test, safety_class, body_durability, brakes_efficience, acceptance_date) values (121, 9, 9, 0.14, 0.56, '28-Apr-2021');
    insert into Safety_measurements (s_measure_id, collision_test, safety_class, body_durability, brakes_efficience, acceptance_date) values (122, 6, 10, 0.5, 0.96, '11-Oct-2020');
    insert into Safety_measurements (s_measure_id, collision_test, safety_class, body_durability, brakes_efficience, acceptance_date) values (123, 10, 8, 0.69, 0.93, '31-Mar-2023');
    insert into Safety_measurements (s_measure_id, collision_test, safety_class, body_durability, brakes_efficience, acceptance_date) values (124, 9, 8, 0.69, 0.6, '07-Jan-2020');
    insert into Safety_measurements (s_measure_id, collision_test, safety_class, body_durability, brakes_efficience, acceptance_date) values (125, 10, 10, 0.58, 0.53, '20-Jan-2020');
    insert into Safety_measurements (s_measure_id, collision_test, safety_class, body_durability, brakes_efficience, acceptance_date) values (126, 10, 10, 0.03, 0.56, '25-Dec-2021');
    insert into Safety_measurements (s_measure_id, collision_test, safety_class, body_durability, brakes_efficience, acceptance_date) values (127, 4, 7, 0.65, 0.49, '23-Feb-2020');
    insert into Safety_measurements (s_measure_id, collision_test, safety_class, body_durability, brakes_efficience, acceptance_date) values (128, 6, 9, 0.12, 0.54, '15-Nov-2023');
    insert into Safety_measurements (s_measure_id, collision_test, safety_class, body_durability, brakes_efficience, acceptance_date) values (129, 3, 6, 0.65, 0.65, '17-May-2023');
    insert into Safety_measurements (s_measure_id, collision_test, safety_class, body_durability, brakes_efficience, acceptance_date) values (130, 6, 6, 0.62, 0.66, '18-May-2020');
    insert into Safety_measurements (s_measure_id, collision_test, safety_class, body_durability, brakes_efficience, acceptance_date) values (131, 2, 10, 0.72, 0.0, '02-Mar-2024');
    insert into Safety_measurements (s_measure_id, collision_test, safety_class, body_durability, brakes_efficience, acceptance_date) values (132, 6, 9, 0.48, 0.0, '16-Feb-2024');
    insert into Safety_measurements (s_measure_id, collision_test, safety_class, body_durability, brakes_efficience, acceptance_date) values (133, 3, 6, 0.13, 0.44, '21-Apr-2023');
    insert into Safety_measurements (s_measure_id, collision_test, safety_class, body_durability, brakes_efficience, acceptance_date) values (134, 1, 10, 0.09, 0.49, '02-Dec-2019');
    insert into Safety_measurements (s_measure_id, collision_test, safety_class, body_durability, brakes_efficience, acceptance_date) values (135, 2, 6, 0.25, 0.35, '03-Apr-2020');
    insert into Safety_measurements (s_measure_id, collision_test, safety_class, body_durability, brakes_efficience, acceptance_date) values (136, 2, 10, 0.85, 0.99, '14-Oct-2020');
    insert into Safety_measurements (s_measure_id, collision_test, safety_class, body_durability, brakes_efficience, acceptance_date) values (137, 2, 10, 0.09, 0.31, '03-Apr-2024');
    insert into Safety_measurements (s_measure_id, collision_test, safety_class, body_durability, brakes_efficience, acceptance_date) values (138, 1, 9, 0.62, 0.0, '24-Oct-2020');
    insert into Safety_measurements (s_measure_id, collision_test, safety_class, body_durability, brakes_efficience, acceptance_date) values (139, 8, 9, 0.59, 0.62, '05-Jul-2024');
    insert into Safety_measurements (s_measure_id, collision_test, safety_class, body_durability, brakes_efficience, acceptance_date) values (140, 4, 10, 0.66, 0.5, '27-Jun-2023');
    insert into Safety_measurements (s_measure_id, collision_test, safety_class, body_durability, brakes_efficience, acceptance_date) values (141, 9, 8, 0.29, 0.31, '22-Oct-2023');
    insert into Safety_measurements (s_measure_id, collision_test, safety_class, body_durability, brakes_efficience, acceptance_date) values (142, 2, 9, 0.5, 0.2, '26-Jun-2020');
    insert into Safety_measurements (s_measure_id, collision_test, safety_class, body_durability, brakes_efficience, acceptance_date) values (143, 5, 5, 0.44, 0.84, '27-Nov-2022');
    insert into Safety_measurements (s_measure_id, collision_test, safety_class, body_durability, brakes_efficience, acceptance_date) values (144, 1, 5, 0.03, 0.79, '22-Jan-2021');
    insert into Safety_measurements (s_measure_id, collision_test, safety_class, body_durability, brakes_efficience, acceptance_date) values (145, 9, 10, 0.37, 0.69, '08-Apr-2021');
    insert into Safety_measurements (s_measure_id, collision_test, safety_class, body_durability, brakes_efficience, acceptance_date) values (146, 4, 6, 0.25, 0.21, '01-Jul-2023');
    insert into Safety_measurements (s_measure_id, collision_test, safety_class, body_durability, brakes_efficience, acceptance_date) values (147, 2, 9, 0.11, 0.73, '29-Sep-2022');
    insert into Safety_measurements (s_measure_id, collision_test, safety_class, body_durability, brakes_efficience, acceptance_date) values (148, 5, 10, 0.82, 0.69, '07-Jul-2023');
    insert into Safety_measurements (s_measure_id, collision_test, safety_class, body_durability, brakes_efficience, acceptance_date) values (149, 8, 5, 0.08, 0.39, '05-Aug-2024');
    insert into Safety_measurements (s_measure_id, collision_test, safety_class, body_durability, brakes_efficience, acceptance_date) values (150, 9, 8, 0.3, 0.05, '27-Aug-2023');
    insert into Safety_measurements (s_measure_id, collision_test, safety_class, body_durability, brakes_efficience, acceptance_date) values (151, 1, 7, 0.96, 0.49, '17-Mar-2022');
    insert into Safety_measurements (s_measure_id, collision_test, safety_class, body_durability, brakes_efficience, acceptance_date) values (152, 10, 9, 0.58, 0.88, '21-Oct-2020');
    insert into Safety_measurements (s_measure_id, collision_test, safety_class, body_durability, brakes_efficience, acceptance_date) values (153, 10, 7, 0.29, 0.74, '21-Jun-2020');
    insert into Safety_measurements (s_measure_id, collision_test, safety_class, body_durability, brakes_efficience, acceptance_date) values (154, 8, 7, 0.63, 0.74, '12-May-2020');
    insert into Safety_measurements (s_measure_id, collision_test, safety_class, body_durability, brakes_efficience, acceptance_date) values (155, 6, 7, 0.23, 0.9, '06-Apr-2023');
    insert into Safety_measurements (s_measure_id, collision_test, safety_class, body_durability, brakes_efficience, acceptance_date) values (156, 6, 8, 0.96, 0.68, '01-Mar-2020');
    insert into Safety_measurements (s_measure_id, collision_test, safety_class, body_durability, brakes_efficience, acceptance_date) values (157, 4, 5, 0.1, 0.68, '03-May-2023');
    insert into Safety_measurements (s_measure_id, collision_test, safety_class, body_durability, brakes_efficience, acceptance_date) values (158, 7, 7, 0.27, 0.31, '02-Apr-2023');
    insert into Safety_measurements (s_measure_id, collision_test, safety_class, body_durability, brakes_efficience, acceptance_date) values (159, 5, 10, 0.3, 0.7, '12-Sep-2020');
    insert into Safety_measurements (s_measure_id, collision_test, safety_class, body_durability, brakes_efficience, acceptance_date) values (160, 4, 7, 0.72, 0.16, '11-Nov-2022');
    insert into Safety_measurements (s_measure_id, collision_test, safety_class, body_durability, brakes_efficience, acceptance_date) values (161, 5, 6, 0.74, 0.82, '18-May-2022');
    insert into Safety_measurements (s_measure_id, collision_test, safety_class, body_durability, brakes_efficience, acceptance_date) values (162, 2, 6, 0.02, 0.68, '05-Aug-2020');
    insert into Safety_measurements (s_measure_id, collision_test, safety_class, body_durability, brakes_efficience, acceptance_date) values (163, 9, 5, 0.48, 0.03, '19-Jan-2021');
    insert into Safety_measurements (s_measure_id, collision_test, safety_class, body_durability, brakes_efficience, acceptance_date) values (164, 3, 5, 0.39, 0.11, '09-Nov-2022');
    insert into Safety_measurements (s_measure_id, collision_test, safety_class, body_durability, brakes_efficience, acceptance_date) values (165, 1, 6, 0.52, 0.03, '02-Dec-2023');
    insert into Safety_measurements (s_measure_id, collision_test, safety_class, body_durability, brakes_efficience, acceptance_date) values (166, 2, 6, 0.84, 0.62, '20-Jan-2022');
    insert into Safety_measurements (s_measure_id, collision_test, safety_class, body_durability, brakes_efficience, acceptance_date) values (167, 8, 9, 0.73, 0.15, '21-Mar-2021');
    insert into Safety_measurements (s_measure_id, collision_test, safety_class, body_durability, brakes_efficience, acceptance_date) values (168, 6, 8, 0.11, 0.1, '29-Oct-2020');
    insert into Safety_measurements (s_measure_id, collision_test, safety_class, body_durability, brakes_efficience, acceptance_date) values (169, 6, 9, 0.74, 0.24, '17-Feb-2023');
    insert into Safety_measurements (s_measure_id, collision_test, safety_class, body_durability, brakes_efficience, acceptance_date) values (170, 6, 9, 0.54, 0.69, '22-Jun-2022');
    insert into Safety_measurements (s_measure_id, collision_test, safety_class, body_durability, brakes_efficience, acceptance_date) values (171, 2, 7, 0.06, 0.36, '22-Sep-2023');
    insert into Safety_measurements (s_measure_id, collision_test, safety_class, body_durability, brakes_efficience, acceptance_date) values (172, 8, 6, 0.31, 0.84, '23-Dec-2019');
    insert into Safety_measurements (s_measure_id, collision_test, safety_class, body_durability, brakes_efficience, acceptance_date) values (173, 4, 7, 0.07, 0.74, '05-Jul-2024');
    insert into Safety_measurements (s_measure_id, collision_test, safety_class, body_durability, brakes_efficience, acceptance_date) values (174, 1, 6, 0.75, 0.01, '13-Oct-2022');
    insert into Safety_measurements (s_measure_id, collision_test, safety_class, body_durability, brakes_efficience, acceptance_date) values (175, 9, 8, 0.89, 0.7, '20-Feb-2022');
    insert into Safety_measurements (s_measure_id, collision_test, safety_class, body_durability, brakes_efficience, acceptance_date) values (176, 1, 10, 0.25, 0.97, '16-Sep-2024');
    insert into Safety_measurements (s_measure_id, collision_test, safety_class, body_durability, brakes_efficience, acceptance_date) values (177, 3, 9, 0.52, 0.79, '04-Jan-2020');
    insert into Safety_measurements (s_measure_id, collision_test, safety_class, body_durability, brakes_efficience, acceptance_date) values (178, 10, 6, 0.3, 0.54, '13-Nov-2021');
    insert into Safety_measurements (s_measure_id, collision_test, safety_class, body_durability, brakes_efficience, acceptance_date) values (179, 2, 5, 0.01, 0.84, '10-Jan-2020');
    insert into Safety_measurements (s_measure_id, collision_test, safety_class, body_durability, brakes_efficience, acceptance_date) values (180, 9, 6, 0.13, 0.59, '01-Dec-2022');
    insert into Safety_measurements (s_measure_id, collision_test, safety_class, body_durability, brakes_efficience, acceptance_date) values (181, 1, 10, 0.04, 0.68, '11-Jun-2020');
    insert into Safety_measurements (s_measure_id, collision_test, safety_class, body_durability, brakes_efficience, acceptance_date) values (182, 5, 6, 0.23, 1.0, '06-Sep-2020');
    insert into Safety_measurements (s_measure_id, collision_test, safety_class, body_durability, brakes_efficience, acceptance_date) values (183, 8, 9, 0.16, 0.79, '07-Feb-2020');
    insert into Safety_measurements (s_measure_id, collision_test, safety_class, body_durability, brakes_efficience, acceptance_date) values (184, 2, 6, 0.77, 0.39, '02-Apr-2020');
    insert into Safety_measurements (s_measure_id, collision_test, safety_class, body_durability, brakes_efficience, acceptance_date) values (185, 10, 7, 0.77, 0.19, '26-Jan-2022');
    insert into Safety_measurements (s_measure_id, collision_test, safety_class, body_durability, brakes_efficience, acceptance_date) values (186, 1, 7, 0.1, 0.03, '01-Oct-2024');
    insert into Safety_measurements (s_measure_id, collision_test, safety_class, body_durability, brakes_efficience, acceptance_date) values (187, 2, 5, 0.05, 0.15, '30-Sep-2022');
    insert into Safety_measurements (s_measure_id, collision_test, safety_class, body_durability, brakes_efficience, acceptance_date) values (188, 4, 6, 0.38, 0.12, '21-Apr-2022');
    insert into Safety_measurements (s_measure_id, collision_test, safety_class, body_durability, brakes_efficience, acceptance_date) values (189, 6, 7, 0.07, 0.5, '12-Nov-2023');
    insert into Safety_measurements (s_measure_id, collision_test, safety_class, body_durability, brakes_efficience, acceptance_date) values (190, 1, 8, 0.57, 0.21, '05-May-2020');
    insert into Safety_measurements (s_measure_id, collision_test, safety_class, body_durability, brakes_efficience, acceptance_date) values (191, 7, 6, 0.42, 0.13, '05-Apr-2021');
    insert into Safety_measurements (s_measure_id, collision_test, safety_class, body_durability, brakes_efficience, acceptance_date) values (192, 3, 6, 0.37, 0.66, '20-Jan-2020');
    insert into Safety_measurements (s_measure_id, collision_test, safety_class, body_durability, brakes_efficience, acceptance_date) values (193, 7, 8, 0.95, 0.1, '22-Dec-2023');
    insert into Safety_measurements (s_measure_id, collision_test, safety_class, body_durability, brakes_efficience, acceptance_date) values (194, 2, 8, 0.28, 0.9, '24-Sep-2024');
    insert into Safety_measurements (s_measure_id, collision_test, safety_class, body_durability, brakes_efficience, acceptance_date) values (195, 1, 10, 0.39, 0.7, '14-Feb-2022');
    insert into Safety_measurements (s_measure_id, collision_test, safety_class, body_durability, brakes_efficience, acceptance_date) values (196, 9, 5, 0.64, 0.31, '25-Jul-2023');
    insert into Safety_measurements (s_measure_id, collision_test, safety_class, body_durability, brakes_efficience, acceptance_date) values (197, 2, 7, 0.4, 0.56, '17-May-2021');
    insert into Safety_measurements (s_measure_id, collision_test, safety_class, body_durability, brakes_efficience, acceptance_date) values (198, 1, 6, 0.14, 0.89, '04-Sep-2023');
    insert into Safety_measurements (s_measure_id, collision_test, safety_class, body_durability, brakes_efficience, acceptance_date) values (199, 9, 10, 0.96, 0.57, '03-Apr-2021');
    insert into Safety_measurements (s_measure_id, collision_test, safety_class, body_durability, brakes_efficience, acceptance_date) values (200, 5, 9, 0.93, 0.53, '14-Dec-2021');
    insert into Safety_measurements (s_measure_id, collision_test, safety_class, body_durability, brakes_efficience, acceptance_date) values (201, 10, 6, 0.65, 0.15, '09-Feb-2024');
    insert into Safety_measurements (s_measure_id, collision_test, safety_class, body_durability, brakes_efficience, acceptance_date) values (202, 5, 5, 0.91, 0.91, '16-Aug-2021');
    insert into Safety_measurements (s_measure_id, collision_test, safety_class, body_durability, brakes_efficience, acceptance_date) values (203, 4, 7, 0.94, 0.46, '21-Dec-2023');
    insert into Safety_measurements (s_measure_id, collision_test, safety_class, body_durability, brakes_efficience, acceptance_date) values (204, 5, 8, 0.86, 0.91, '16-Jan-2020');
    insert into Safety_measurements (s_measure_id, collision_test, safety_class, body_durability, brakes_efficience, acceptance_date) values (205, 1, 10, 0.48, 0.06, '28-Jul-2020');
    insert into Safety_measurements (s_measure_id, collision_test, safety_class, body_durability, brakes_efficience, acceptance_date) values (206, 8, 5, 0.42, 0.61, '07-Apr-2021');
    insert into Safety_measurements (s_measure_id, collision_test, safety_class, body_durability, brakes_efficience, acceptance_date) values (207, 3, 6, 0.7, 0.05, '19-Sep-2022');
    insert into Safety_measurements (s_measure_id, collision_test, safety_class, body_durability, brakes_efficience, acceptance_date) values (208, 5, 6, 0.46, 0.37, '19-Nov-2020');
    insert into Safety_measurements (s_measure_id, collision_test, safety_class, body_durability, brakes_efficience, acceptance_date) values (209, 10, 10, 0.09, 0.02, '28-Jul-2020');
    insert into Safety_measurements (s_measure_id, collision_test, safety_class, body_durability, brakes_efficience, acceptance_date) values (210, 5, 10, 0.57, 0.74, '30-Oct-2023');
    insert into Safety_measurements (s_measure_id, collision_test, safety_class, body_durability, brakes_efficience, acceptance_date) values (211, 10, 8, 0.41, 0.26, '09-Jan-2020');
    insert into Safety_measurements (s_measure_id, collision_test, safety_class, body_durability, brakes_efficience, acceptance_date) values (212, 5, 5, 0.87, 0.41, '08-Jul-2021');
    insert into Safety_measurements (s_measure_id, collision_test, safety_class, body_durability, brakes_efficience, acceptance_date) values (213, 4, 7, 0.13, 0.11, '31-May-2023');
    insert into Safety_measurements (s_measure_id, collision_test, safety_class, body_durability, brakes_efficience, acceptance_date) values (214, 2, 5, 0.86, 0.7, '21-Jan-2024');
    insert into Safety_measurements (s_measure_id, collision_test, safety_class, body_durability, brakes_efficience, acceptance_date) values (215, 1, 10, 0.06, 0.23, '31-Mar-2021');
    insert into Safety_measurements (s_measure_id, collision_test, safety_class, body_durability, brakes_efficience, acceptance_date) values (216, 2, 8, 0.13, 0.71, '19-Jul-2021');
    insert into Safety_measurements (s_measure_id, collision_test, safety_class, body_durability, brakes_efficience, acceptance_date) values (217, 8, 6, 0.51, 0.67, '07-Dec-2022');
    insert into Safety_measurements (s_measure_id, collision_test, safety_class, body_durability, brakes_efficience, acceptance_date) values (218, 5, 6, 0.63, 0.74, '01-Jun-2021');
    insert into Safety_measurements (s_measure_id, collision_test, safety_class, body_durability, brakes_efficience, acceptance_date) values (219, 6, 6, 0.51, 0.08, '31-May-2023');
    insert into Safety_measurements (s_measure_id, collision_test, safety_class, body_durability, brakes_efficience, acceptance_date) values (220, 7, 5, 0.15, 0.46, '01-Feb-2022');
    insert into Safety_measurements (s_measure_id, collision_test, safety_class, body_durability, brakes_efficience, acceptance_date) values (221, 1, 6, 0.81, 0.92, '27-Aug-2020');
    insert into Safety_measurements (s_measure_id, collision_test, safety_class, body_durability, brakes_efficience, acceptance_date) values (222, 1, 7, 0.91, 0.01, '02-Jun-2024');
    insert into Safety_measurements (s_measure_id, collision_test, safety_class, body_durability, brakes_efficience, acceptance_date) values (223, 6, 10, 0.26, 0.1, '08-Apr-2023');
    insert into Safety_measurements (s_measure_id, collision_test, safety_class, body_durability, brakes_efficience, acceptance_date) values (224, 9, 5, 0.56, 0.39, '11-Jan-2022');
    insert into Safety_measurements (s_measure_id, collision_test, safety_class, body_durability, brakes_efficience, acceptance_date) values (225, 5, 8, 0.3, 0.87, '30-Dec-2022');
    insert into Safety_measurements (s_measure_id, collision_test, safety_class, body_durability, brakes_efficience, acceptance_date) values (226, 1, 9, 0.23, 0.04, '10-Oct-2020');
    insert into Safety_measurements (s_measure_id, collision_test, safety_class, body_durability, brakes_efficience, acceptance_date) values (227, 2, 5, 0.89, 0.94, '13-Jun-2020');
    insert into Safety_measurements (s_measure_id, collision_test, safety_class, body_durability, brakes_efficience, acceptance_date) values (228, 7, 6, 0.28, 0.11, '06-Sep-2024');
    insert into Safety_measurements (s_measure_id, collision_test, safety_class, body_durability, brakes_efficience, acceptance_date) values (229, 1, 8, 0.27, 0.5, '04-Oct-2024');
    insert into Safety_measurements (s_measure_id, collision_test, safety_class, body_durability, brakes_efficience, acceptance_date) values (230, 9, 10, 0.87, 0.23, '16-Oct-2021');
    insert into Safety_measurements (s_measure_id, collision_test, safety_class, body_durability, brakes_efficience, acceptance_date) values (231, 2, 5, 0.15, 0.29, '03-Jul-2024');
    insert into Safety_measurements (s_measure_id, collision_test, safety_class, body_durability, brakes_efficience, acceptance_date) values (232, 8, 6, 0.12, 0.08, '03-Jun-2020');
    insert into Safety_measurements (s_measure_id, collision_test, safety_class, body_durability, brakes_efficience, acceptance_date) values (233, 6, 10, 0.55, 0.04, '24-Apr-2024');
    insert into Safety_measurements (s_measure_id, collision_test, safety_class, body_durability, brakes_efficience, acceptance_date) values (234, 7, 8, 0.96, 0.93, '09-Jan-2021');
    insert into Safety_measurements (s_measure_id, collision_test, safety_class, body_durability, brakes_efficience, acceptance_date) values (235, 2, 10, 0.5, 0.9, '12-May-2023');
    insert into Safety_measurements (s_measure_id, collision_test, safety_class, body_durability, brakes_efficience, acceptance_date) values (236, 10, 6, 0.31, 0.52, '10-Dec-2019');
    insert into Safety_measurements (s_measure_id, collision_test, safety_class, body_durability, brakes_efficience, acceptance_date) values (237, 7, 9, 0.17, 0.99, '07-Feb-2022');
    insert into Safety_measurements (s_measure_id, collision_test, safety_class, body_durability, brakes_efficience, acceptance_date) values (238, 2, 7, 0.6, 0.81, '31-Jan-2020');
    insert into Safety_measurements (s_measure_id, collision_test, safety_class, body_durability, brakes_efficience, acceptance_date) values (239, 10, 7, 0.93, 0.49, '07-Jul-2024');
    insert into Safety_measurements (s_measure_id, collision_test, safety_class, body_durability, brakes_efficience, acceptance_date) values (240, 4, 10, 0.72, 0.22, '05-Oct-2022');
    insert into Safety_measurements (s_measure_id, collision_test, safety_class, body_durability, brakes_efficience, acceptance_date) values (241, 6, 8, 0.48, 0.93, '11-Mar-2024');
    insert into Safety_measurements (s_measure_id, collision_test, safety_class, body_durability, brakes_efficience, acceptance_date) values (242, 5, 10, 0.05, 0.83, '09-Apr-2021');
    insert into Safety_measurements (s_measure_id, collision_test, safety_class, body_durability, brakes_efficience, acceptance_date) values (243, 7, 5, 0.54, 0.61, '08-Oct-2023');
    insert into Safety_measurements (s_measure_id, collision_test, safety_class, body_durability, brakes_efficience, acceptance_date) values (244, 8, 7, 0.03, 0.39, '18-Jun-2024');
    insert into Safety_measurements (s_measure_id, collision_test, safety_class, body_durability, brakes_efficience, acceptance_date) values (245, 3, 5, 0.69, 0.42, '15-Feb-2020');
    insert into Safety_measurements (s_measure_id, collision_test, safety_class, body_durability, brakes_efficience, acceptance_date) values (246, 2, 6, 0.74, 0.03, '30-Oct-2022');
    insert into Safety_measurements (s_measure_id, collision_test, safety_class, body_durability, brakes_efficience, acceptance_date) values (247, 1, 8, 0.63, 0.79, '22-Apr-2023');
    insert into Safety_measurements (s_measure_id, collision_test, safety_class, body_durability, brakes_efficience, acceptance_date) values (248, 6, 7, 0.33, 0.84, '27-Jan-2020');
    insert into Safety_measurements (s_measure_id, collision_test, safety_class, body_durability, brakes_efficience, acceptance_date) values (249, 10, 6, 0.73, 0.38, '28-Aug-2020');
    insert into Safety_measurements (s_measure_id, collision_test, safety_class, body_durability, brakes_efficience, acceptance_date) values (250, 9, 7, 0.46, 0.69, '01-Dec-2022');
    insert into Safety_measurements (s_measure_id, collision_test, safety_class, body_durability, brakes_efficience, acceptance_date) values (251, 1, 6, 0.9, 0.99, '12-Apr-2022');
    insert into Safety_measurements (s_measure_id, collision_test, safety_class, body_durability, brakes_efficience, acceptance_date) values (252, 8, 5, 0.52, 0.09, '25-Feb-2023');
    insert into Safety_measurements (s_measure_id, collision_test, safety_class, body_durability, brakes_efficience, acceptance_date) values (253, 7, 7, 1.0, 0.4, '07-Apr-2021');
    insert into Safety_measurements (s_measure_id, collision_test, safety_class, body_durability, brakes_efficience, acceptance_date) values (254, 1, 10, 0.73, 0.17, '29-Feb-2024');
    insert into Safety_measurements (s_measure_id, collision_test, safety_class, body_durability, brakes_efficience, acceptance_date) values (255, 3, 7, 0.77, 0.77, '20-Nov-2019');
    insert into Safety_measurements (s_measure_id, collision_test, safety_class, body_durability, brakes_efficience, acceptance_date) values (256, 7, 10, 0.21, 0.18, '20-May-2023');
    insert into Safety_measurements (s_measure_id, collision_test, safety_class, body_durability, brakes_efficience, acceptance_date) values (257, 10, 6, 0.17, 0.57, '05-Mar-2024');
    insert into Safety_measurements (s_measure_id, collision_test, safety_class, body_durability, brakes_efficience, acceptance_date) values (258, 8, 9, 0.83, 0.52, '31-Jul-2022');
    insert into Safety_measurements (s_measure_id, collision_test, safety_class, body_durability, brakes_efficience, acceptance_date) values (259, 9, 8, 0.37, 0.72, '27-Jul-2021');
    insert into Safety_measurements (s_measure_id, collision_test, safety_class, body_durability, brakes_efficience, acceptance_date) values (260, 1, 9, 0.63, 0.75, '11-Oct-2024');
    insert into Safety_measurements (s_measure_id, collision_test, safety_class, body_durability, brakes_efficience, acceptance_date) values (261, 7, 5, 0.32, 0.57, '16-Jan-2020');
    insert into Safety_measurements (s_measure_id, collision_test, safety_class, body_durability, brakes_efficience, acceptance_date) values (262, 8, 5, 0.85, 0.06, '06-Sep-2024');
    insert into Safety_measurements (s_measure_id, collision_test, safety_class, body_durability, brakes_efficience, acceptance_date) values (263, 9, 8, 0.83, 0.94, '11-Jun-2022');
    insert into Safety_measurements (s_measure_id, collision_test, safety_class, body_durability, brakes_efficience, acceptance_date) values (264, 1, 9, 0.0, 0.53, '26-Feb-2023');
    insert into Safety_measurements (s_measure_id, collision_test, safety_class, body_durability, brakes_efficience, acceptance_date) values (265, 10, 7, 0.57, 0.74, '09-Jan-2020');
    insert into Safety_measurements (s_measure_id, collision_test, safety_class, body_durability, brakes_efficience, acceptance_date) values (266, 7, 7, 0.08, 0.99, '06-Sep-2021');
    insert into Safety_measurements (s_measure_id, collision_test, safety_class, body_durability, brakes_efficience, acceptance_date) values (267, 2, 8, 0.18, 0.92, '20-Oct-2021');
    insert into Safety_measurements (s_measure_id, collision_test, safety_class, body_durability, brakes_efficience, acceptance_date) values (268, 4, 5, 0.4, 0.06, '01-Jun-2021');
    insert into Safety_measurements (s_measure_id, collision_test, safety_class, body_durability, brakes_efficience, acceptance_date) values (269, 8, 10, 0.55, 0.31, '28-Jul-2020');
    insert into Safety_measurements (s_measure_id, collision_test, safety_class, body_durability, brakes_efficience, acceptance_date) values (270, 6, 10, 0.38, 0.3, '01-Dec-2023');
    insert into Safety_measurements (s_measure_id, collision_test, safety_class, body_durability, brakes_efficience, acceptance_date) values (271, 7, 7, 0.51, 0.7, '30-Dec-2019');
    insert into Safety_measurements (s_measure_id, collision_test, safety_class, body_durability, brakes_efficience, acceptance_date) values (272, 8, 9, 0.38, 0.71, '10-Aug-2024');
    insert into Safety_measurements (s_measure_id, collision_test, safety_class, body_durability, brakes_efficience, acceptance_date) values (273, 6, 6, 0.73, 0.77, '07-May-2023');
    insert into Safety_measurements (s_measure_id, collision_test, safety_class, body_durability, brakes_efficience, acceptance_date) values (274, 9, 9, 0.24, 0.93, '17-Oct-2023');
    insert into Safety_measurements (s_measure_id, collision_test, safety_class, body_durability, brakes_efficience, acceptance_date) values (275, 5, 10, 0.73, 0.13, '28-Sep-2022');
    insert into Safety_measurements (s_measure_id, collision_test, safety_class, body_durability, brakes_efficience, acceptance_date) values (276, 5, 9, 0.12, 0.53, '30-May-2021');
    insert into Safety_measurements (s_measure_id, collision_test, safety_class, body_durability, brakes_efficience, acceptance_date) values (277, 1, 7, 0.78, 0.58, '11-Sep-2022');
    insert into Safety_measurements (s_measure_id, collision_test, safety_class, body_durability, brakes_efficience, acceptance_date) values (278, 10, 7, 0.13, 0.36, '03-Sep-2020');
    insert into Safety_measurements (s_measure_id, collision_test, safety_class, body_durability, brakes_efficience, acceptance_date) values (279, 5, 9, 0.55, 0.98, '30-Nov-2022');
    insert into Safety_measurements (s_measure_id, collision_test, safety_class, body_durability, brakes_efficience, acceptance_date) values (280, 3, 8, 0.69, 0.86, '07-Mar-2024');
    insert into Safety_measurements (s_measure_id, collision_test, safety_class, body_durability, brakes_efficience, acceptance_date) values (281, 10, 9, 0.92, 0.05, '15-Sep-2020');
    insert into Safety_measurements (s_measure_id, collision_test, safety_class, body_durability, brakes_efficience, acceptance_date) values (282, 9, 7, 0.43, 0.55, '28-Aug-2021');
    insert into Safety_measurements (s_measure_id, collision_test, safety_class, body_durability, brakes_efficience, acceptance_date) values (283, 10, 5, 0.69, 0.27, '07-Oct-2020');
    insert into Safety_measurements (s_measure_id, collision_test, safety_class, body_durability, brakes_efficience, acceptance_date) values (284, 2, 10, 0.29, 0.35, '29-Mar-2022');
    insert into Safety_measurements (s_measure_id, collision_test, safety_class, body_durability, brakes_efficience, acceptance_date) values (285, 6, 5, 0.63, 0.38, '21-Nov-2021');
    insert into Safety_measurements (s_measure_id, collision_test, safety_class, body_durability, brakes_efficience, acceptance_date) values (286, 9, 5, 0.1, 0.67, '24-Aug-2020');
    insert into Safety_measurements (s_measure_id, collision_test, safety_class, body_durability, brakes_efficience, acceptance_date) values (287, 3, 9, 0.5, 0.11, '30-Jun-2024');
    insert into Safety_measurements (s_measure_id, collision_test, safety_class, body_durability, brakes_efficience, acceptance_date) values (288, 4, 10, 0.13, 0.87, '24-Jan-2020');
    insert into Safety_measurements (s_measure_id, collision_test, safety_class, body_durability, brakes_efficience, acceptance_date) values (289, 6, 6, 0.63, 0.34, '19-Feb-2023');
    insert into Safety_measurements (s_measure_id, collision_test, safety_class, body_durability, brakes_efficience, acceptance_date) values (290, 8, 5, 0.5, 0.08, '23-Jul-2020');
    insert into Safety_measurements (s_measure_id, collision_test, safety_class, body_durability, brakes_efficience, acceptance_date) values (291, 10, 9, 0.9, 0.37, '24-Mar-2022');
    insert into Safety_measurements (s_measure_id, collision_test, safety_class, body_durability, brakes_efficience, acceptance_date) values (292, 5, 6, 1.0, 0.22, '26-Jul-2021');
    insert into Safety_measurements (s_measure_id, collision_test, safety_class, body_durability, brakes_efficience, acceptance_date) values (293, 8, 7, 0.91, 0.48, '09-Mar-2021');
    insert into Safety_measurements (s_measure_id, collision_test, safety_class, body_durability, brakes_efficience, acceptance_date) values (294, 1, 8, 0.51, 0.3, '29-Dec-2019');
    insert into Safety_measurements (s_measure_id, collision_test, safety_class, body_durability, brakes_efficience, acceptance_date) values (295, 3, 8, 0.8, 0.23, '08-Sep-2021');
    insert into Safety_measurements (s_measure_id, collision_test, safety_class, body_durability, brakes_efficience, acceptance_date) values (296, 3, 5, 0.32, 0.7, '17-Oct-2023');
    insert into Safety_measurements (s_measure_id, collision_test, safety_class, body_durability, brakes_efficience, acceptance_date) values (297, 2, 9, 0.61, 0.4, '11-Aug-2023');
    insert into Safety_measurements (s_measure_id, collision_test, safety_class, body_durability, brakes_efficience, acceptance_date) values (298, 4, 9, 0.16, 0.9, '10-Sep-2020');
    insert into Safety_measurements (s_measure_id, collision_test, safety_class, body_durability, brakes_efficience, acceptance_date) values (299, 10, 7, 0.78, 0.33, '16-Jan-2020');
    insert into Safety_measurements (s_measure_id, collision_test, safety_class, body_durability, brakes_efficience, acceptance_date) values (300, 3, 8, 0.74, 0.78, '27-Oct-2024');
    insert into Safety_measurements (s_measure_id, collision_test, safety_class, body_durability, brakes_efficience, acceptance_date) values (301, 1, 9, 0.97, 0.92, '13-Dec-2019');
    insert into Safety_measurements (s_measure_id, collision_test, safety_class, body_durability, brakes_efficience, acceptance_date) values (302, 7, 7, 0.05, 0.95, '28-Aug-2021');
    insert into Safety_measurements (s_measure_id, collision_test, safety_class, body_durability, brakes_efficience, acceptance_date) values (303, 8, 6, 0.52, 0.07, '20-Dec-2021');
    insert into Safety_measurements (s_measure_id, collision_test, safety_class, body_durability, brakes_efficience, acceptance_date) values (304, 3, 6, 0.15, 0.65, '03-Jan-2023');
    insert into Safety_measurements (s_measure_id, collision_test, safety_class, body_durability, brakes_efficience, acceptance_date) values (305, 1, 10, 0.84, 0.93, '10-Jan-2023');
    insert into Safety_measurements (s_measure_id, collision_test, safety_class, body_durability, brakes_efficience, acceptance_date) values (306, 4, 5, 0.28, 0.53, '29-Oct-2020');
    insert into Safety_measurements (s_measure_id, collision_test, safety_class, body_durability, brakes_efficience, acceptance_date) values (307, 3, 8, 0.3, 0.55, '31-Oct-2020');
    insert into Safety_measurements (s_measure_id, collision_test, safety_class, body_durability, brakes_efficience, acceptance_date) values (308, 8, 6, 0.67, 0.73, '09-Jul-2022');
    insert into Safety_measurements (s_measure_id, collision_test, safety_class, body_durability, brakes_efficience, acceptance_date) values (309, 6, 8, 0.42, 0.03, '26-Dec-2021');
    insert into Safety_measurements (s_measure_id, collision_test, safety_class, body_durability, brakes_efficience, acceptance_date) values (310, 7, 8, 0.65, 0.45, '28-Jun-2022');
    insert into Safety_measurements (s_measure_id, collision_test, safety_class, body_durability, brakes_efficience, acceptance_date) values (311, 2, 10, 0.49, 0.91, '31-Aug-2024');
    insert into Safety_measurements (s_measure_id, collision_test, safety_class, body_durability, brakes_efficience, acceptance_date) values (312, 4, 8, 0.14, 0.41, '11-Jan-2022');
    insert into Safety_measurements (s_measure_id, collision_test, safety_class, body_durability, brakes_efficience, acceptance_date) values (313, 6, 6, 0.3, 0.71, '04-Oct-2021');
    insert into Safety_measurements (s_measure_id, collision_test, safety_class, body_durability, brakes_efficience, acceptance_date) values (314, 10, 7, 0.97, 0.42, '07-May-2021');
    insert into Safety_measurements (s_measure_id, collision_test, safety_class, body_durability, brakes_efficience, acceptance_date) values (315, 5, 7, 0.99, 0.12, '26-Sep-2023');
    insert into Safety_measurements (s_measure_id, collision_test, safety_class, body_durability, brakes_efficience, acceptance_date) values (316, 9, 8, 0.36, 0.52, '12-Sep-2020');
    insert into Safety_measurements (s_measure_id, collision_test, safety_class, body_durability, brakes_efficience, acceptance_date) values (317, 6, 10, 0.43, 0.97, '01-Jan-2020');
    insert into Safety_measurements (s_measure_id, collision_test, safety_class, body_durability, brakes_efficience, acceptance_date) values (318, 2, 5, 0.03, 0.91, '10-Jan-2020');
    insert into Safety_measurements (s_measure_id, collision_test, safety_class, body_durability, brakes_efficience, acceptance_date) values (319, 8, 10, 0.59, 0.2, '19-Nov-2019');
    insert into Safety_measurements (s_measure_id, collision_test, safety_class, body_durability, brakes_efficience, acceptance_date) values (320, 4, 9, 0.35, 0.76, '29-Apr-2023');
    insert into Safety_measurements (s_measure_id, collision_test, safety_class, body_durability, brakes_efficience, acceptance_date) values (321, 1, 8, 0.57, 0.42, '10-Jul-2021');
    insert into Safety_measurements (s_measure_id, collision_test, safety_class, body_durability, brakes_efficience, acceptance_date) values (322, 10, 6, 0.86, 0.65, '27-Dec-2021');
    insert into Safety_measurements (s_measure_id, collision_test, safety_class, body_durability, brakes_efficience, acceptance_date) values (323, 5, 7, 0.12, 0.88, '27-Aug-2020');
    insert into Safety_measurements (s_measure_id, collision_test, safety_class, body_durability, brakes_efficience, acceptance_date) values (324, 3, 9, 0.04, 0.33, '05-Dec-2021');
    insert into Safety_measurements (s_measure_id, collision_test, safety_class, body_durability, brakes_efficience, acceptance_date) values (325, 3, 7, 0.79, 0.93, '08-Mar-2021');
    insert into Safety_measurements (s_measure_id, collision_test, safety_class, body_durability, brakes_efficience, acceptance_date) values (326, 4, 7, 0.72, 0.13, '24-Apr-2023');
    insert into Safety_measurements (s_measure_id, collision_test, safety_class, body_durability, brakes_efficience, acceptance_date) values (327, 1, 10, 0.68, 0.09, '07-Feb-2023');
    insert into Safety_measurements (s_measure_id, collision_test, safety_class, body_durability, brakes_efficience, acceptance_date) values (328, 6, 5, 0.5, 0.08, '21-Jan-2022');
    insert into Safety_measurements (s_measure_id, collision_test, safety_class, body_durability, brakes_efficience, acceptance_date) values (329, 4, 8, 0.93, 0.43, '01-Oct-2022');
    insert into Safety_measurements (s_measure_id, collision_test, safety_class, body_durability, brakes_efficience, acceptance_date) values (330, 10, 5, 0.9, 0.84, '29-Aug-2022');
    insert into Safety_measurements (s_measure_id, collision_test, safety_class, body_durability, brakes_efficience, acceptance_date) values (331, 5, 7, 0.82, 0.53, '25-Nov-2019');
    insert into Safety_measurements (s_measure_id, collision_test, safety_class, body_durability, brakes_efficience, acceptance_date) values (332, 4, 9, 0.79, 0.21, '05-Sep-2022');
    insert into Safety_measurements (s_measure_id, collision_test, safety_class, body_durability, brakes_efficience, acceptance_date) values (333, 5, 5, 0.03, 0.52, '21-May-2020');
    insert into Safety_measurements (s_measure_id, collision_test, safety_class, body_durability, brakes_efficience, acceptance_date) values (334, 1, 7, 0.55, 0.46, '19-Mar-2020');
    insert into Safety_measurements (s_measure_id, collision_test, safety_class, body_durability, brakes_efficience, acceptance_date) values (335, 1, 9, 0.92, 0.75, '16-Sep-2021');
    insert into Safety_measurements (s_measure_id, collision_test, safety_class, body_durability, brakes_efficience, acceptance_date) values (336, 6, 10, 0.42, 0.86, '01-Mar-2021');
    insert into Safety_measurements (s_measure_id, collision_test, safety_class, body_durability, brakes_efficience, acceptance_date) values (337, 1, 6, 0.24, 0.56, '05-Dec-2023');
    insert into Safety_measurements (s_measure_id, collision_test, safety_class, body_durability, brakes_efficience, acceptance_date) values (338, 5, 8, 0.63, 0.33, '18-Jun-2024');
    insert into Safety_measurements (s_measure_id, collision_test, safety_class, body_durability, brakes_efficience, acceptance_date) values (339, 8, 7, 0.94, 0.19, '30-Sep-2024');
    insert into Safety_measurements (s_measure_id, collision_test, safety_class, body_durability, brakes_efficience, acceptance_date) values (340, 10, 5, 0.91, 0.19, '08-Mar-2023');
    insert into Safety_measurements (s_measure_id, collision_test, safety_class, body_durability, brakes_efficience, acceptance_date) values (341, 8, 9, 0.83, 0.39, '06-Apr-2023');
    insert into Safety_measurements (s_measure_id, collision_test, safety_class, body_durability, brakes_efficience, acceptance_date) values (342, 10, 6, 0.81, 0.02, '12-Feb-2023');
    insert into Safety_measurements (s_measure_id, collision_test, safety_class, body_durability, brakes_efficience, acceptance_date) values (343, 7, 9, 0.7, 0.65, '08-Mar-2021');
    insert into Safety_measurements (s_measure_id, collision_test, safety_class, body_durability, brakes_efficience, acceptance_date) values (344, 1, 9, 0.7, 0.2, '30-Aug-2020');
    insert into Safety_measurements (s_measure_id, collision_test, safety_class, body_durability, brakes_efficience, acceptance_date) values (345, 10, 8, 0.2, 0.89, '19-Feb-2020');
    insert into Safety_measurements (s_measure_id, collision_test, safety_class, body_durability, brakes_efficience, acceptance_date) values (346, 1, 9, 0.57, 0.31, '01-May-2024');
    insert into Safety_measurements (s_measure_id, collision_test, safety_class, body_durability, brakes_efficience, acceptance_date) values (347, 2, 9, 0.42, 0.14, '11-Apr-2021');
    insert into Safety_measurements (s_measure_id, collision_test, safety_class, body_durability, brakes_efficience, acceptance_date) values (348, 8, 7, 0.6, 0.1, '12-Jun-2020');
    insert into Safety_measurements (s_measure_id, collision_test, safety_class, body_durability, brakes_efficience, acceptance_date) values (349, 7, 6, 0.35, 0.55, '20-Aug-2021');
    insert into Safety_measurements (s_measure_id, collision_test, safety_class, body_durability, brakes_efficience, acceptance_date) values (350, 5, 7, 0.28, 0.99, '05-Feb-2022');
    insert into Safety_measurements (s_measure_id, collision_test, safety_class, body_durability, brakes_efficience, acceptance_date) values (351, 6, 6, 0.2, 0.76, '23-Nov-2022');
    insert into Safety_measurements (s_measure_id, collision_test, safety_class, body_durability, brakes_efficience, acceptance_date) values (352, 10, 6, 0.41, 0.39, '29-Oct-2023');
    insert into Safety_measurements (s_measure_id, collision_test, safety_class, body_durability, brakes_efficience, acceptance_date) values (353, 7, 8, 0.75, 0.92, '15-Nov-2022');
    insert into Safety_measurements (s_measure_id, collision_test, safety_class, body_durability, brakes_efficience, acceptance_date) values (354, 6, 5, 0.15, 0.76, '04-Apr-2024');
    insert into Safety_measurements (s_measure_id, collision_test, safety_class, body_durability, brakes_efficience, acceptance_date) values (355, 5, 6, 0.21, 0.17, '06-Sep-2023');
    insert into Safety_measurements (s_measure_id, collision_test, safety_class, body_durability, brakes_efficience, acceptance_date) values (356, 3, 6, 0.14, 0.33, '09-Nov-2020');
    insert into Safety_measurements (s_measure_id, collision_test, safety_class, body_durability, brakes_efficience, acceptance_date) values (357, 3, 8, 0.06, 0.13, '25-Aug-2022');
    insert into Safety_measurements (s_measure_id, collision_test, safety_class, body_durability, brakes_efficience, acceptance_date) values (358, 4, 9, 0.86, 1.0, '04-Aug-2020');
    insert into Safety_measurements (s_measure_id, collision_test, safety_class, body_durability, brakes_efficience, acceptance_date) values (359, 9, 7, 0.52, 0.17, '18-Sep-2021');
    insert into Safety_measurements (s_measure_id, collision_test, safety_class, body_durability, brakes_efficience, acceptance_date) values (360, 5, 8, 0.77, 0.3, '26-Dec-2021');
    insert into Safety_measurements (s_measure_id, collision_test, safety_class, body_durability, brakes_efficience, acceptance_date) values (361, 9, 8, 0.76, 0.41, '26-Dec-2020');
    insert into Safety_measurements (s_measure_id, collision_test, safety_class, body_durability, brakes_efficience, acceptance_date) values (362, 2, 7, 0.14, 0.35, '06-Feb-2021');
    insert into Safety_measurements (s_measure_id, collision_test, safety_class, body_durability, brakes_efficience, acceptance_date) values (363, 9, 6, 0.39, 0.35, '27-Jan-2021');
    insert into Safety_measurements (s_measure_id, collision_test, safety_class, body_durability, brakes_efficience, acceptance_date) values (364, 2, 9, 0.75, 0.57, '13-May-2024');
    insert into Safety_measurements (s_measure_id, collision_test, safety_class, body_durability, brakes_efficience, acceptance_date) values (365, 4, 8, 0.96, 0.93, '05-Jan-2024');
    insert into Safety_measurements (s_measure_id, collision_test, safety_class, body_durability, brakes_efficience, acceptance_date) values (366, 3, 8, 0.28, 0.86, '08-Nov-2021');
    insert into Safety_measurements (s_measure_id, collision_test, safety_class, body_durability, brakes_efficience, acceptance_date) values (367, 7, 10, 0.3, 0.47, '02-Mar-2021');
    insert into Safety_measurements (s_measure_id, collision_test, safety_class, body_durability, brakes_efficience, acceptance_date) values (368, 2, 10, 0.09, 0.42, '29-Nov-2021');
    insert into Safety_measurements (s_measure_id, collision_test, safety_class, body_durability, brakes_efficience, acceptance_date) values (369, 10, 9, 0.72, 0.82, '23-Mar-2024');
    insert into Safety_measurements (s_measure_id, collision_test, safety_class, body_durability, brakes_efficience, acceptance_date) values (370, 1, 8, 0.89, 0.05, '27-Jul-2021');
    insert into Safety_measurements (s_measure_id, collision_test, safety_class, body_durability, brakes_efficience, acceptance_date) values (371, 2, 6, 0.93, 0.17, '18-Oct-2020');
    insert into Safety_measurements (s_measure_id, collision_test, safety_class, body_durability, brakes_efficience, acceptance_date) values (372, 2, 9, 0.9, 0.92, '04-Feb-2024');
    insert into Safety_measurements (s_measure_id, collision_test, safety_class, body_durability, brakes_efficience, acceptance_date) values (373, 4, 6, 0.56, 0.16, '12-Aug-2023');
    insert into Safety_measurements (s_measure_id, collision_test, safety_class, body_durability, brakes_efficience, acceptance_date) values (374, 9, 7, 0.9, 0.9, '12-Aug-2020');
    insert into Safety_measurements (s_measure_id, collision_test, safety_class, body_durability, brakes_efficience, acceptance_date) values (375, 8, 5, 0.16, 0.86, '05-Oct-2023');
    insert into Safety_measurements (s_measure_id, collision_test, safety_class, body_durability, brakes_efficience, acceptance_date) values (376, 2, 9, 0.98, 0.57, '21-Nov-2020');
    insert into Safety_measurements (s_measure_id, collision_test, safety_class, body_durability, brakes_efficience, acceptance_date) values (377, 5, 10, 0.26, 0.19, '28-Jan-2024');
    insert into Safety_measurements (s_measure_id, collision_test, safety_class, body_durability, brakes_efficience, acceptance_date) values (378, 3, 5, 0.27, 0.51, '13-Feb-2021');
    insert into Safety_measurements (s_measure_id, collision_test, safety_class, body_durability, brakes_efficience, acceptance_date) values (379, 6, 6, 0.2, 0.1, '08-Nov-2021');
    insert into Safety_measurements (s_measure_id, collision_test, safety_class, body_durability, brakes_efficience, acceptance_date) values (380, 5, 6, 0.6, 0.55, '11-Nov-2021');
    insert into Safety_measurements (s_measure_id, collision_test, safety_class, body_durability, brakes_efficience, acceptance_date) values (381, 1, 6, 0.17, 0.16, '22-Oct-2021');
    insert into Safety_measurements (s_measure_id, collision_test, safety_class, body_durability, brakes_efficience, acceptance_date) values (382, 3, 7, 0.89, 0.86, '31-May-2021');
    insert into Safety_measurements (s_measure_id, collision_test, safety_class, body_durability, brakes_efficience, acceptance_date) values (383, 3, 6, 0.32, 0.99, '26-Oct-2022');
    insert into Safety_measurements (s_measure_id, collision_test, safety_class, body_durability, brakes_efficience, acceptance_date) values (384, 4, 8, 0.48, 0.8, '20-Apr-2022');
    insert into Safety_measurements (s_measure_id, collision_test, safety_class, body_durability, brakes_efficience, acceptance_date) values (385, 10, 7, 0.3, 0.23, '24-Jul-2021');
    insert into Safety_measurements (s_measure_id, collision_test, safety_class, body_durability, brakes_efficience, acceptance_date) values (386, 3, 8, 0.67, 0.35, '01-Jan-2023');
    insert into Safety_measurements (s_measure_id, collision_test, safety_class, body_durability, brakes_efficience, acceptance_date) values (387, 3, 6, 0.58, 0.53, '07-Aug-2021');
    insert into Safety_measurements (s_measure_id, collision_test, safety_class, body_durability, brakes_efficience, acceptance_date) values (388, 7, 10, 0.72, 0.03, '16-May-2023');
    insert into Safety_measurements (s_measure_id, collision_test, safety_class, body_durability, brakes_efficience, acceptance_date) values (389, 8, 8, 0.05, 0.35, '25-Oct-2020');
    insert into Safety_measurements (s_measure_id, collision_test, safety_class, body_durability, brakes_efficience, acceptance_date) values (390, 4, 5, 0.65, 0.38, '12-Jun-2021');
    insert into Safety_measurements (s_measure_id, collision_test, safety_class, body_durability, brakes_efficience, acceptance_date) values (391, 9, 8, 0.63, 0.9, '04-Aug-2020');
    insert into Safety_measurements (s_measure_id, collision_test, safety_class, body_durability, brakes_efficience, acceptance_date) values (392, 3, 5, 0.48, 0.03, '10-Nov-2020');
    insert into Safety_measurements (s_measure_id, collision_test, safety_class, body_durability, brakes_efficience, acceptance_date) values (393, 1, 5, 0.02, 0.4, '16-Mar-2020');
    insert into Safety_measurements (s_measure_id, collision_test, safety_class, body_durability, brakes_efficience, acceptance_date) values (394, 5, 8, 0.54, 0.86, '25-Nov-2023');
    insert into Safety_measurements (s_measure_id, collision_test, safety_class, body_durability, brakes_efficience, acceptance_date) values (395, 9, 7, 0.3, 0.24, '25-Sep-2023');
    insert into Safety_measurements (s_measure_id, collision_test, safety_class, body_durability, brakes_efficience, acceptance_date) values (396, 5, 9, 0.36, 0.77, '18-Sep-2020');
    insert into Safety_measurements (s_measure_id, collision_test, safety_class, body_durability, brakes_efficience, acceptance_date) values (397, 7, 10, 0.65, 0.61, '08-Oct-2020');
    insert into Safety_measurements (s_measure_id, collision_test, safety_class, body_durability, brakes_efficience, acceptance_date) values (398, 10, 5, 0.53, 0.53, '17-Mar-2021');
    insert into Safety_measurements (s_measure_id, collision_test, safety_class, body_durability, brakes_efficience, acceptance_date) values (399, 5, 7, 0.13, 0.33, '17-Mar-2020');
    insert into Safety_measurements (s_measure_id, collision_test, safety_class, body_durability, brakes_efficience, acceptance_date) values (400, 5, 5, 0.34, 0.23, '02-Oct-2020');
    insert into Safety_measurements (s_measure_id, collision_test, safety_class, body_durability, brakes_efficience, acceptance_date) values (401, 8, 6, 0.77, 0.2, '29-Nov-2019');
    insert into Safety_measurements (s_measure_id, collision_test, safety_class, body_durability, brakes_efficience, acceptance_date) values (402, 5, 9, 0.6, 0.92, '22-Feb-2022');
    insert into Safety_measurements (s_measure_id, collision_test, safety_class, body_durability, brakes_efficience, acceptance_date) values (403, 7, 8, 0.63, 0.88, '25-Sep-2022');
    insert into Safety_measurements (s_measure_id, collision_test, safety_class, body_durability, brakes_efficience, acceptance_date) values (404, 7, 8, 0.67, 0.64, '11-May-2022');
    insert into Safety_measurements (s_measure_id, collision_test, safety_class, body_durability, brakes_efficience, acceptance_date) values (405, 1, 9, 0.26, 0.41, '18-Sep-2021');
    insert into Safety_measurements (s_measure_id, collision_test, safety_class, body_durability, brakes_efficience, acceptance_date) values (406, 9, 7, 0.29, 0.44, '12-Dec-2019');
    insert into Safety_measurements (s_measure_id, collision_test, safety_class, body_durability, brakes_efficience, acceptance_date) values (407, 7, 6, 0.36, 0.63, '23-Sep-2024');
    insert into Safety_measurements (s_measure_id, collision_test, safety_class, body_durability, brakes_efficience, acceptance_date) values (408, 5, 5, 0.23, 0.57, '27-Jan-2021');
    insert into Safety_measurements (s_measure_id, collision_test, safety_class, body_durability, brakes_efficience, acceptance_date) values (409, 9, 5, 0.65, 0.96, '22-Nov-2023');
    insert into Safety_measurements (s_measure_id, collision_test, safety_class, body_durability, brakes_efficience, acceptance_date) values (410, 9, 10, 0.67, 0.88, '01-Sep-2023');
    insert into Safety_measurements (s_measure_id, collision_test, safety_class, body_durability, brakes_efficience, acceptance_date) values (411, 9, 8, 0.01, 0.3, '10-Oct-2024');
    insert into Safety_measurements (s_measure_id, collision_test, safety_class, body_durability, brakes_efficience, acceptance_date) values (412, 10, 10, 0.3, 0.98, '23-Jan-2024');
    insert into Safety_measurements (s_measure_id, collision_test, safety_class, body_durability, brakes_efficience, acceptance_date) values (413, 10, 9, 0.79, 0.95, '28-Aug-2023');
    insert into Safety_measurements (s_measure_id, collision_test, safety_class, body_durability, brakes_efficience, acceptance_date) values (414, 3, 6, 0.63, 0.19, '29-Oct-2024');
    insert into Safety_measurements (s_measure_id, collision_test, safety_class, body_durability, brakes_efficience, acceptance_date) values (415, 5, 8, 0.99, 0.13, '18-Mar-2023');
    insert into Safety_measurements (s_measure_id, collision_test, safety_class, body_durability, brakes_efficience, acceptance_date) values (416, 3, 10, 0.09, 0.34, '04-Aug-2024');
    insert into Safety_measurements (s_measure_id, collision_test, safety_class, body_durability, brakes_efficience, acceptance_date) values (417, 6, 7, 0.49, 0.17, '30-Sep-2020');
    insert into Safety_measurements (s_measure_id, collision_test, safety_class, body_durability, brakes_efficience, acceptance_date) values (418, 1, 5, 0.12, 0.88, '16-Feb-2020');
    insert into Safety_measurements (s_measure_id, collision_test, safety_class, body_durability, brakes_efficience, acceptance_date) values (419, 5, 10, 0.6, 0.83, '24-Aug-2021');
    insert into Safety_measurements (s_measure_id, collision_test, safety_class, body_durability, brakes_efficience, acceptance_date) values (420, 7, 9, 0.36, 0.96, '17-Oct-2020');
    insert into Safety_measurements (s_measure_id, collision_test, safety_class, body_durability, brakes_efficience, acceptance_date) values (421, 8, 6, 0.74, 0.36, '23-Feb-2024');
    insert into Safety_measurements (s_measure_id, collision_test, safety_class, body_durability, brakes_efficience, acceptance_date) values (422, 1, 6, 0.54, 0.84, '21-Aug-2020');
    insert into Safety_measurements (s_measure_id, collision_test, safety_class, body_durability, brakes_efficience, acceptance_date) values (423, 4, 9, 0.97, 0.53, '12-Sep-2022');
    insert into Safety_measurements (s_measure_id, collision_test, safety_class, body_durability, brakes_efficience, acceptance_date) values (424, 5, 6, 0.25, 0.72, '26-Feb-2022');
    insert into Safety_measurements (s_measure_id, collision_test, safety_class, body_durability, brakes_efficience, acceptance_date) values (425, 8, 9, 0.62, 0.6, '23-Oct-2022');
    insert into Safety_measurements (s_measure_id, collision_test, safety_class, body_durability, brakes_efficience, acceptance_date) values (426, 5, 10, 0.61, 0.39, '07-Nov-2020');
    insert into Safety_measurements (s_measure_id, collision_test, safety_class, body_durability, brakes_efficience, acceptance_date) values (427, 2, 8, 0.23, 0.58, '05-Jan-2023');
    insert into Safety_measurements (s_measure_id, collision_test, safety_class, body_durability, brakes_efficience, acceptance_date) values (428, 5, 8, 0.57, 0.92, '04-Jun-2021');
    insert into Safety_measurements (s_measure_id, collision_test, safety_class, body_durability, brakes_efficience, acceptance_date) values (429, 9, 6, 0.77, 0.28, '05-Oct-2022');
    insert into Safety_measurements (s_measure_id, collision_test, safety_class, body_durability, brakes_efficience, acceptance_date) values (430, 4, 6, 0.55, 0.04, '07-May-2023');
    insert into Safety_measurements (s_measure_id, collision_test, safety_class, body_durability, brakes_efficience, acceptance_date) values (431, 6, 10, 0.17, 0.11, '27-Aug-2024');
    insert into Safety_measurements (s_measure_id, collision_test, safety_class, body_durability, brakes_efficience, acceptance_date) values (432, 5, 7, 0.05, 0.27, '01-Oct-2022');
    insert into Safety_measurements (s_measure_id, collision_test, safety_class, body_durability, brakes_efficience, acceptance_date) values (433, 7, 7, 0.82, 0.12, '03-Mar-2020');
    insert into Safety_measurements (s_measure_id, collision_test, safety_class, body_durability, brakes_efficience, acceptance_date) values (434, 10, 9, 0.88, 0.03, '22-Sep-2022');
    insert into Safety_measurements (s_measure_id, collision_test, safety_class, body_durability, brakes_efficience, acceptance_date) values (435, 2, 6, 0.14, 0.37, '09-Jun-2022');
    insert into Safety_measurements (s_measure_id, collision_test, safety_class, body_durability, brakes_efficience, acceptance_date) values (436, 7, 9, 0.44, 0.96, '27-Apr-2024');
    insert into Safety_measurements (s_measure_id, collision_test, safety_class, body_durability, brakes_efficience, acceptance_date) values (437, 5, 8, 0.07, 0.32, '23-Sep-2023');
    insert into Safety_measurements (s_measure_id, collision_test, safety_class, body_durability, brakes_efficience, acceptance_date) values (438, 2, 10, 0.94, 0.41, '14-Apr-2021');
    insert into Safety_measurements (s_measure_id, collision_test, safety_class, body_durability, brakes_efficience, acceptance_date) values (439, 5, 6, 0.61, 0.52, '20-Feb-2020');
    insert into Safety_measurements (s_measure_id, collision_test, safety_class, body_durability, brakes_efficience, acceptance_date) values (440, 3, 10, 0.36, 0.47, '20-Aug-2024');
    insert into Safety_measurements (s_measure_id, collision_test, safety_class, body_durability, brakes_efficience, acceptance_date) values (441, 5, 10, 0.33, 0.11, '30-Oct-2020');
    insert into Safety_measurements (s_measure_id, collision_test, safety_class, body_durability, brakes_efficience, acceptance_date) values (442, 8, 7, 0.48, 0.43, '26-Mar-2020');
    insert into Safety_measurements (s_measure_id, collision_test, safety_class, body_durability, brakes_efficience, acceptance_date) values (443, 10, 10, 0.96, 0.99, '29-Jan-2023');
    insert into Safety_measurements (s_measure_id, collision_test, safety_class, body_durability, brakes_efficience, acceptance_date) values (444, 5, 6, 0.71, 0.85, '18-May-2020');
    insert into Safety_measurements (s_measure_id, collision_test, safety_class, body_durability, brakes_efficience, acceptance_date) values (445, 5, 9, 0.19, 0.12, '09-Oct-2024');
    insert into Safety_measurements (s_measure_id, collision_test, safety_class, body_durability, brakes_efficience, acceptance_date) values (446, 9, 5, 0.48, 0.95, '20-Oct-2023');
    insert into Safety_measurements (s_measure_id, collision_test, safety_class, body_durability, brakes_efficience, acceptance_date) values (447, 9, 6, 0.72, 0.1, '08-Dec-2021');
    insert into Safety_measurements (s_measure_id, collision_test, safety_class, body_durability, brakes_efficience, acceptance_date) values (448, 6, 7, 0.9, 0.7, '31-Mar-2023');
    insert into Safety_measurements (s_measure_id, collision_test, safety_class, body_durability, brakes_efficience, acceptance_date) values (449, 10, 9, 0.8, 0.48, '12-Feb-2022');
    insert into Safety_measurements (s_measure_id, collision_test, safety_class, body_durability, brakes_efficience, acceptance_date) values (450, 2, 9, 0.72, 0.4, '02-Jun-2023');
    insert into Safety_measurements (s_measure_id, collision_test, safety_class, body_durability, brakes_efficience, acceptance_date) values (451, 5, 6, 0.27, 0.44, '13-Apr-2022');
    insert into Safety_measurements (s_measure_id, collision_test, safety_class, body_durability, brakes_efficience, acceptance_date) values (452, 1, 7, 0.91, 0.28, '26-Oct-2024');
    insert into Safety_measurements (s_measure_id, collision_test, safety_class, body_durability, brakes_efficience, acceptance_date) values (453, 7, 7, 0.72, 0.91, '30-Jan-2022');
    insert into Safety_measurements (s_measure_id, collision_test, safety_class, body_durability, brakes_efficience, acceptance_date) values (454, 3, 5, 0.6, 0.01, '23-Aug-2024');
    insert into Safety_measurements (s_measure_id, collision_test, safety_class, body_durability, brakes_efficience, acceptance_date) values (455, 4, 5, 0.79, 0.95, '10-Oct-2022');
    insert into Safety_measurements (s_measure_id, collision_test, safety_class, body_durability, brakes_efficience, acceptance_date) values (456, 5, 6, 0.74, 0.03, '08-May-2022');
    insert into Safety_measurements (s_measure_id, collision_test, safety_class, body_durability, brakes_efficience, acceptance_date) values (457, 9, 7, 0.96, 0.48, '07-Dec-2021');
    insert into Safety_measurements (s_measure_id, collision_test, safety_class, body_durability, brakes_efficience, acceptance_date) values (458, 1, 9, 0.27, 0.18, '10-Dec-2022');
    insert into Safety_measurements (s_measure_id, collision_test, safety_class, body_durability, brakes_efficience, acceptance_date) values (459, 3, 8, 0.3, 0.61, '10-Nov-2021');
    insert into Safety_measurements (s_measure_id, collision_test, safety_class, body_durability, brakes_efficience, acceptance_date) values (460, 10, 10, 0.4, 0.85, '09-Sep-2022');
    insert into Safety_measurements (s_measure_id, collision_test, safety_class, body_durability, brakes_efficience, acceptance_date) values (461, 10, 10, 0.34, 0.72, '26-Jan-2024');
    insert into Safety_measurements (s_measure_id, collision_test, safety_class, body_durability, brakes_efficience, acceptance_date) values (462, 8, 6, 0.42, 0.4, '17-Jun-2020');
    insert into Safety_measurements (s_measure_id, collision_test, safety_class, body_durability, brakes_efficience, acceptance_date) values (463, 8, 9, 0.91, 0.92, '15-Jul-2023');
    insert into Safety_measurements (s_measure_id, collision_test, safety_class, body_durability, brakes_efficience, acceptance_date) values (464, 5, 6, 0.47, 0.1, '03-Mar-2024');
    insert into Safety_measurements (s_measure_id, collision_test, safety_class, body_durability, brakes_efficience, acceptance_date) values (465, 8, 8, 0.18, 0.67, '26-Jun-2022');
    insert into Safety_measurements (s_measure_id, collision_test, safety_class, body_durability, brakes_efficience, acceptance_date) values (466, 5, 5, 0.58, 0.34, '21-Apr-2020');
    insert into Safety_measurements (s_measure_id, collision_test, safety_class, body_durability, brakes_efficience, acceptance_date) values (467, 7, 9, 0.65, 0.16, '29-Aug-2021');
    insert into Safety_measurements (s_measure_id, collision_test, safety_class, body_durability, brakes_efficience, acceptance_date) values (468, 8, 5, 0.15, 0.27, '30-Sep-2024');
    insert into Safety_measurements (s_measure_id, collision_test, safety_class, body_durability, brakes_efficience, acceptance_date) values (469, 5, 9, 0.45, 0.56, '30-Sep-2024');
    insert into Safety_measurements (s_measure_id, collision_test, safety_class, body_durability, brakes_efficience, acceptance_date) values (470, 2, 10, 0.47, 0.08, '28-Nov-2021');
    insert into Safety_measurements (s_measure_id, collision_test, safety_class, body_durability, brakes_efficience, acceptance_date) values (471, 10, 6, 0.65, 0.86, '16-Jun-2023');
    insert into Safety_measurements (s_measure_id, collision_test, safety_class, body_durability, brakes_efficience, acceptance_date) values (472, 5, 10, 0.39, 0.37, '08-Sep-2023');
    insert into Safety_measurements (s_measure_id, collision_test, safety_class, body_durability, brakes_efficience, acceptance_date) values (473, 4, 6, 0.86, 0.15, '21-Jun-2021');
    insert into Safety_measurements (s_measure_id, collision_test, safety_class, body_durability, brakes_efficience, acceptance_date) values (474, 3, 7, 0.75, 0.3, '09-Oct-2024');
    insert into Safety_measurements (s_measure_id, collision_test, safety_class, body_durability, brakes_efficience, acceptance_date) values (475, 2, 6, 0.78, 0.97, '04-Apr-2021');
    insert into Safety_measurements (s_measure_id, collision_test, safety_class, body_durability, brakes_efficience, acceptance_date) values (476, 9, 10, 0.13, 0.48, '16-Feb-2021');
    insert into Safety_measurements (s_measure_id, collision_test, safety_class, body_durability, brakes_efficience, acceptance_date) values (477, 6, 10, 0.62, 0.27, '04-Aug-2020');
    insert into Safety_measurements (s_measure_id, collision_test, safety_class, body_durability, brakes_efficience, acceptance_date) values (478, 6, 7, 0.97, 0.97, '19-May-2020');
    insert into Safety_measurements (s_measure_id, collision_test, safety_class, body_durability, brakes_efficience, acceptance_date) values (479, 4, 10, 0.38, 0.87, '14-Feb-2024');
    insert into Safety_measurements (s_measure_id, collision_test, safety_class, body_durability, brakes_efficience, acceptance_date) values (480, 10, 7, 0.04, 0.27, '18-May-2022');
    insert into Safety_measurements (s_measure_id, collision_test, safety_class, body_durability, brakes_efficience, acceptance_date) values (481, 2, 8, 0.62, 0.93, '01-Nov-2020');
    insert into Safety_measurements (s_measure_id, collision_test, safety_class, body_durability, brakes_efficience, acceptance_date) values (482, 3, 7, 0.57, 0.95, '11-Sep-2020');
    insert into Safety_measurements (s_measure_id, collision_test, safety_class, body_durability, brakes_efficience, acceptance_date) values (483, 6, 7, 0.16, 0.17, '01-Oct-2024');
    insert into Safety_measurements (s_measure_id, collision_test, safety_class, body_durability, brakes_efficience, acceptance_date) values (484, 2, 10, 0.23, 0.07, '01-Jan-2024');
    insert into Safety_measurements (s_measure_id, collision_test, safety_class, body_durability, brakes_efficience, acceptance_date) values (485, 5, 7, 0.36, 0.94, '23-Nov-2021');
    insert into Safety_measurements (s_measure_id, collision_test, safety_class, body_durability, brakes_efficience, acceptance_date) values (486, 2, 6, 0.29, 0.54, '10-Feb-2021');
    insert into Safety_measurements (s_measure_id, collision_test, safety_class, body_durability, brakes_efficience, acceptance_date) values (487, 9, 5, 0.15, 0.53, '01-Aug-2023');
    insert into Safety_measurements (s_measure_id, collision_test, safety_class, body_durability, brakes_efficience, acceptance_date) values (488, 8, 10, 0.23, 0.93, '29-Aug-2021');
    insert into Safety_measurements (s_measure_id, collision_test, safety_class, body_durability, brakes_efficience, acceptance_date) values (489, 1, 5, 0.67, 0.65, '01-May-2020');
    insert into Safety_measurements (s_measure_id, collision_test, safety_class, body_durability, brakes_efficience, acceptance_date) values (490, 7, 7, 0.06, 0.47, '20-May-2023');
    insert into Safety_measurements (s_measure_id, collision_test, safety_class, body_durability, brakes_efficience, acceptance_date) values (491, 6, 5, 0.08, 0.03, '29-Aug-2022');
    insert into Safety_measurements (s_measure_id, collision_test, safety_class, body_durability, brakes_efficience, acceptance_date) values (492, 4, 8, 0.18, 0.99, '18-Jun-2024');
    insert into Safety_measurements (s_measure_id, collision_test, safety_class, body_durability, brakes_efficience, acceptance_date) values (493, 9, 8, 0.74, 0.75, '02-Aug-2024');
    insert into Safety_measurements (s_measure_id, collision_test, safety_class, body_durability, brakes_efficience, acceptance_date) values (494, 3, 5, 0.16, 0.59, '19-Sep-2021');
    insert into Safety_measurements (s_measure_id, collision_test, safety_class, body_durability, brakes_efficience, acceptance_date) values (495, 9, 8, 0.09, 0.68, '04-Jan-2022');
    insert into Safety_measurements (s_measure_id, collision_test, safety_class, body_durability, brakes_efficience, acceptance_date) values (496, 2, 9, 0.04, 0.61, '21-Sep-2020');
    insert into Safety_measurements (s_measure_id, collision_test, safety_class, body_durability, brakes_efficience, acceptance_date) values (497, 4, 9, 0.59, 0.99, '19-Nov-2022');
    insert into Safety_measurements (s_measure_id, collision_test, safety_class, body_durability, brakes_efficience, acceptance_date) values (498, 9, 5, 0.61, 0.24, '14-Jul-2021');
    insert into Safety_measurements (s_measure_id, collision_test, safety_class, body_durability, brakes_efficience, acceptance_date) values (499, 9, 8, 0.01, 0.89, '11-Dec-2023');
    insert into Safety_measurements (s_measure_id, collision_test, safety_class, body_durability, brakes_efficience, acceptance_date) values (500, 10, 10, 0.24, 0.7, '22-Feb-2020');
    insert into Safety_measurements (s_measure_id, collision_test, safety_class, body_durability, brakes_efficience, acceptance_date) values (501, 1, 5, 0.95, 0.23, '11-May-2020');
    insert into Safety_measurements (s_measure_id, collision_test, safety_class, body_durability, brakes_efficience, acceptance_date) values (502, 5, 8, 0.8, 0.4, '15-Sep-2022');
    insert into Safety_measurements (s_measure_id, collision_test, safety_class, body_durability, brakes_efficience, acceptance_date) values (503, 8, 7, 0.63, 0.64, '03-Jan-2020');
    insert into Safety_measurements (s_measure_id, collision_test, safety_class, body_durability, brakes_efficience, acceptance_date) values (504, 7, 7, 0.17, 0.5, '09-Jun-2020');
    insert into Safety_measurements (s_measure_id, collision_test, safety_class, body_durability, brakes_efficience, acceptance_date) values (505, 10, 9, 0.65, 0.29, '11-Mar-2020');
    insert into Safety_measurements (s_measure_id, collision_test, safety_class, body_durability, brakes_efficience, acceptance_date) values (506, 10, 8, 0.24, 0.48, '10-Mar-2024');
    insert into Safety_measurements (s_measure_id, collision_test, safety_class, body_durability, brakes_efficience, acceptance_date) values (507, 10, 7, 0.67, 0.73, '03-Feb-2020');
    insert into Safety_measurements (s_measure_id, collision_test, safety_class, body_durability, brakes_efficience, acceptance_date) values (508, 9, 6, 0.03, 0.97, '29-Oct-2021');
    insert into Safety_measurements (s_measure_id, collision_test, safety_class, body_durability, brakes_efficience, acceptance_date) values (509, 1, 5, 0.14, 0.73, '03-Aug-2024');
    insert into Safety_measurements (s_measure_id, collision_test, safety_class, body_durability, brakes_efficience, acceptance_date) values (510, 3, 5, 0.75, 0.38, '29-Jun-2023');
    insert into Safety_measurements (s_measure_id, collision_test, safety_class, body_durability, brakes_efficience, acceptance_date) values (511, 10, 8, 1.0, 0.85, '13-Nov-2021');
    insert into Safety_measurements (s_measure_id, collision_test, safety_class, body_durability, brakes_efficience, acceptance_date) values (512, 4, 10, 0.85, 0.66, '25-Oct-2020');
    insert into Safety_measurements (s_measure_id, collision_test, safety_class, body_durability, brakes_efficience, acceptance_date) values (513, 5, 10, 0.36, 0.22, '27-Apr-2020');
    insert into Safety_measurements (s_measure_id, collision_test, safety_class, body_durability, brakes_efficience, acceptance_date) values (514, 10, 8, 0.42, 0.77, '18-Apr-2024');
    insert into Safety_measurements (s_measure_id, collision_test, safety_class, body_durability, brakes_efficience, acceptance_date) values (515, 7, 9, 0.69, 0.69, '29-Mar-2024');
    insert into Safety_measurements (s_measure_id, collision_test, safety_class, body_durability, brakes_efficience, acceptance_date) values (516, 5, 7, 0.66, 0.43, '01-Jun-2020');
    insert into Safety_measurements (s_measure_id, collision_test, safety_class, body_durability, brakes_efficience, acceptance_date) values (517, 8, 6, 0.01, 0.4, '14-Dec-2023');
    insert into Safety_measurements (s_measure_id, collision_test, safety_class, body_durability, brakes_efficience, acceptance_date) values (518, 1, 9, 0.59, 0.87, '14-Jul-2023');
    insert into Safety_measurements (s_measure_id, collision_test, safety_class, body_durability, brakes_efficience, acceptance_date) values (519, 6, 5, 0.71, 0.24, '27-Aug-2023');
    insert into Safety_measurements (s_measure_id, collision_test, safety_class, body_durability, brakes_efficience, acceptance_date) values (520, 10, 10, 0.49, 0.28, '18-Feb-2022');
    insert into Safety_measurements (s_measure_id, collision_test, safety_class, body_durability, brakes_efficience, acceptance_date) values (521, 1, 9, 0.33, 0.03, '30-Nov-2022');
    insert into Safety_measurements (s_measure_id, collision_test, safety_class, body_durability, brakes_efficience, acceptance_date) values (522, 4, 7, 0.09, 0.58, '27-May-2020');
    insert into Safety_measurements (s_measure_id, collision_test, safety_class, body_durability, brakes_efficience, acceptance_date) values (523, 7, 8, 0.85, 0.97, '29-Oct-2021');
    insert into Safety_measurements (s_measure_id, collision_test, safety_class, body_durability, brakes_efficience, acceptance_date) values (524, 10, 6, 0.85, 0.95, '09-May-2022');
    insert into Safety_measurements (s_measure_id, collision_test, safety_class, body_durability, brakes_efficience, acceptance_date) values (525, 4, 6, 0.48, 0.64, '01-Jun-2023');
    insert into Safety_measurements (s_measure_id, collision_test, safety_class, body_durability, brakes_efficience, acceptance_date) values (526, 10, 6, 0.06, 0.74, '28-Nov-2020');
    insert into Safety_measurements (s_measure_id, collision_test, safety_class, body_durability, brakes_efficience, acceptance_date) values (527, 3, 8, 0.26, 0.5, '08-Jun-2024');
    insert into Safety_measurements (s_measure_id, collision_test, safety_class, body_durability, brakes_efficience, acceptance_date) values (528, 1, 7, 0.17, 0.75, '04-Nov-2020');
    insert into Safety_measurements (s_measure_id, collision_test, safety_class, body_durability, brakes_efficience, acceptance_date) values (529, 10, 6, 0.46, 0.04, '04-Dec-2020');
    insert into Safety_measurements (s_measure_id, collision_test, safety_class, body_durability, brakes_efficience, acceptance_date) values (530, 6, 7, 0.12, 0.11, '13-Jun-2024');
    insert into Safety_measurements (s_measure_id, collision_test, safety_class, body_durability, brakes_efficience, acceptance_date) values (531, 3, 8, 0.3, 0.35, '22-Aug-2024');
    insert into Safety_measurements (s_measure_id, collision_test, safety_class, body_durability, brakes_efficience, acceptance_date) values (532, 3, 10, 0.93, 0.88, '16-Aug-2024');
    insert into Safety_measurements (s_measure_id, collision_test, safety_class, body_durability, brakes_efficience, acceptance_date) values (533, 5, 10, 0.07, 0.15, '06-May-2023');
    insert into Safety_measurements (s_measure_id, collision_test, safety_class, body_durability, brakes_efficience, acceptance_date) values (534, 2, 7, 0.29, 0.9, '23-Dec-2020');
    insert into Safety_measurements (s_measure_id, collision_test, safety_class, body_durability, brakes_efficience, acceptance_date) values (535, 6, 6, 0.84, 0.44, '16-Dec-2021');
    insert into Safety_measurements (s_measure_id, collision_test, safety_class, body_durability, brakes_efficience, acceptance_date) values (536, 5, 7, 0.94, 0.75, '14-Jul-2024');
    insert into Safety_measurements (s_measure_id, collision_test, safety_class, body_durability, brakes_efficience, acceptance_date) values (537, 2, 10, 0.8, 0.66, '13-Oct-2024');
    insert into Safety_measurements (s_measure_id, collision_test, safety_class, body_durability, brakes_efficience, acceptance_date) values (538, 1, 5, 0.38, 0.57, '29-Dec-2023');
    insert into Safety_measurements (s_measure_id, collision_test, safety_class, body_durability, brakes_efficience, acceptance_date) values (539, 6, 5, 0.15, 0.54, '05-Dec-2023');
    insert into Safety_measurements (s_measure_id, collision_test, safety_class, body_durability, brakes_efficience, acceptance_date) values (540, 10, 10, 0.38, 0.21, '30-Aug-2021');
    insert into Safety_measurements (s_measure_id, collision_test, safety_class, body_durability, brakes_efficience, acceptance_date) values (541, 2, 10, 0.28, 0.68, '25-May-2021');
    insert into Safety_measurements (s_measure_id, collision_test, safety_class, body_durability, brakes_efficience, acceptance_date) values (542, 2, 10, 0.74, 0.46, '17-Jun-2021');
    insert into Safety_measurements (s_measure_id, collision_test, safety_class, body_durability, brakes_efficience, acceptance_date) values (543, 6, 9, 0.96, 0.75, '13-Mar-2021');
    insert into Safety_measurements (s_measure_id, collision_test, safety_class, body_durability, brakes_efficience, acceptance_date) values (544, 6, 5, 0.31, 0.28, '02-Oct-2023');
    insert into Safety_measurements (s_measure_id, collision_test, safety_class, body_durability, brakes_efficience, acceptance_date) values (545, 4, 8, 0.49, 0.23, '16-Aug-2024');
    insert into Safety_measurements (s_measure_id, collision_test, safety_class, body_durability, brakes_efficience, acceptance_date) values (546, 8, 5, 0.46, 0.77, '11-Jul-2024');
    insert into Safety_measurements (s_measure_id, collision_test, safety_class, body_durability, brakes_efficience, acceptance_date) values (547, 10, 6, 0.72, 0.47, '19-Dec-2022');
    insert into Safety_measurements (s_measure_id, collision_test, safety_class, body_durability, brakes_efficience, acceptance_date) values (548, 5, 6, 0.16, 0.21, '23-Dec-2022');
    insert into Safety_measurements (s_measure_id, collision_test, safety_class, body_durability, brakes_efficience, acceptance_date) values (549, 5, 8, 0.13, 0.57, '07-Sep-2023');
    insert into Safety_measurements (s_measure_id, collision_test, safety_class, body_durability, brakes_efficience, acceptance_date) values (550, 6, 9, 0.17, 0.55, '25-Sep-2024');
    insert into Safety_measurements (s_measure_id, collision_test, safety_class, body_durability, brakes_efficience, acceptance_date) values (551, 9, 10, 0.2, 0.1, '30-Sep-2021');
    insert into Safety_measurements (s_measure_id, collision_test, safety_class, body_durability, brakes_efficience, acceptance_date) values (552, 10, 6, 0.61, 0.86, '09-Nov-2022');
    insert into Safety_measurements (s_measure_id, collision_test, safety_class, body_durability, brakes_efficience, acceptance_date) values (553, 5, 5, 0.19, 0.08, '18-Aug-2020');
    insert into Safety_measurements (s_measure_id, collision_test, safety_class, body_durability, brakes_efficience, acceptance_date) values (554, 6, 6, 0.32, 0.07, '08-Nov-2022');
    insert into Safety_measurements (s_measure_id, collision_test, safety_class, body_durability, brakes_efficience, acceptance_date) values (555, 9, 7, 0.95, 0.37, '21-Jan-2022');
    insert into Safety_measurements (s_measure_id, collision_test, safety_class, body_durability, brakes_efficience, acceptance_date) values (556, 2, 9, 0.15, 0.12, '21-Jun-2020');
    insert into Safety_measurements (s_measure_id, collision_test, safety_class, body_durability, brakes_efficience, acceptance_date) values (557, 2, 9, 0.46, 0.39, '12-Aug-2021');
    insert into Safety_measurements (s_measure_id, collision_test, safety_class, body_durability, brakes_efficience, acceptance_date) values (558, 4, 10, 0.6, 0.5, '01-Apr-2022');
    insert into Safety_measurements (s_measure_id, collision_test, safety_class, body_durability, brakes_efficience, acceptance_date) values (559, 6, 6, 0.05, 0.4, '18-Oct-2021');
    insert into Safety_measurements (s_measure_id, collision_test, safety_class, body_durability, brakes_efficience, acceptance_date) values (560, 2, 5, 0.35, 0.26, '31-Aug-2022');
    insert into Safety_measurements (s_measure_id, collision_test, safety_class, body_durability, brakes_efficience, acceptance_date) values (561, 4, 10, 0.97, 0.24, '29-Mar-2024');
    insert into Safety_measurements (s_measure_id, collision_test, safety_class, body_durability, brakes_efficience, acceptance_date) values (562, 7, 9, 0.2, 0.95, '29-Apr-2021');
    insert into Safety_measurements (s_measure_id, collision_test, safety_class, body_durability, brakes_efficience, acceptance_date) values (563, 2, 7, 0.5, 0.79, '07-Dec-2022');
    insert into Safety_measurements (s_measure_id, collision_test, safety_class, body_durability, brakes_efficience, acceptance_date) values (564, 8, 10, 0.21, 0.61, '10-Mar-2021');
    insert into Safety_measurements (s_measure_id, collision_test, safety_class, body_durability, brakes_efficience, acceptance_date) values (565, 2, 6, 0.86, 0.56, '02-May-2021');
    insert into Safety_measurements (s_measure_id, collision_test, safety_class, body_durability, brakes_efficience, acceptance_date) values (566, 10, 6, 0.44, 0.8, '31-Mar-2021');
    insert into Safety_measurements (s_measure_id, collision_test, safety_class, body_durability, brakes_efficience, acceptance_date) values (567, 7, 10, 0.42, 0.88, '22-Jan-2024');
    insert into Safety_measurements (s_measure_id, collision_test, safety_class, body_durability, brakes_efficience, acceptance_date) values (568, 5, 5, 0.65, 0.86, '05-Jan-2020');
    insert into Safety_measurements (s_measure_id, collision_test, safety_class, body_durability, brakes_efficience, acceptance_date) values (569, 5, 9, 0.39, 0.01, '03-Mar-2023');
    insert into Safety_measurements (s_measure_id, collision_test, safety_class, body_durability, brakes_efficience, acceptance_date) values (570, 10, 10, 0.73, 0.65, '04-Mar-2022');
    insert into Safety_measurements (s_measure_id, collision_test, safety_class, body_durability, brakes_efficience, acceptance_date) values (571, 10, 9, 0.97, 0.82, '17-May-2023');
    insert into Safety_measurements (s_measure_id, collision_test, safety_class, body_durability, brakes_efficience, acceptance_date) values (572, 5, 10, 0.26, 0.12, '02-Mar-2023');
    insert into Safety_measurements (s_measure_id, collision_test, safety_class, body_durability, brakes_efficience, acceptance_date) values (573, 6, 6, 0.38, 0.85, '01-Jul-2021');
    insert into Safety_measurements (s_measure_id, collision_test, safety_class, body_durability, brakes_efficience, acceptance_date) values (574, 7, 10, 0.31, 0.34, '27-Jan-2021');
    insert into Safety_measurements (s_measure_id, collision_test, safety_class, body_durability, brakes_efficience, acceptance_date) values (575, 2, 5, 0.8, 0.39, '09-Feb-2021');
    insert into Safety_measurements (s_measure_id, collision_test, safety_class, body_durability, brakes_efficience, acceptance_date) values (576, 6, 10, 0.27, 0.31, '23-Jun-2020');
    insert into Safety_measurements (s_measure_id, collision_test, safety_class, body_durability, brakes_efficience, acceptance_date) values (577, 8, 5, 0.44, 0.06, '03-Jan-2023');
    insert into Safety_measurements (s_measure_id, collision_test, safety_class, body_durability, brakes_efficience, acceptance_date) values (578, 4, 8, 0.19, 0.57, '18-Sep-2021');
    insert into Safety_measurements (s_measure_id, collision_test, safety_class, body_durability, brakes_efficience, acceptance_date) values (579, 5, 9, 0.24, 0.41, '16-Oct-2024');
    insert into Safety_measurements (s_measure_id, collision_test, safety_class, body_durability, brakes_efficience, acceptance_date) values (580, 2, 10, 0.98, 0.6, '13-Nov-2023');
    insert into Safety_measurements (s_measure_id, collision_test, safety_class, body_durability, brakes_efficience, acceptance_date) values (581, 2, 6, 0.84, 0.17, '27-Dec-2020');
    insert into Safety_measurements (s_measure_id, collision_test, safety_class, body_durability, brakes_efficience, acceptance_date) values (582, 9, 8, 0.01, 0.02, '06-May-2023');
    insert into Safety_measurements (s_measure_id, collision_test, safety_class, body_durability, brakes_efficience, acceptance_date) values (583, 7, 8, 0.21, 0.08, '28-Oct-2020');
    insert into Safety_measurements (s_measure_id, collision_test, safety_class, body_durability, brakes_efficience, acceptance_date) values (584, 7, 6, 0.48, 0.85, '31-May-2021');
    insert into Safety_measurements (s_measure_id, collision_test, safety_class, body_durability, brakes_efficience, acceptance_date) values (585, 7, 10, 0.28, 0.96, '04-Mar-2020');
    insert into Safety_measurements (s_measure_id, collision_test, safety_class, body_durability, brakes_efficience, acceptance_date) values (586, 5, 5, 0.05, 0.9, '11-Jun-2020');
    insert into Safety_measurements (s_measure_id, collision_test, safety_class, body_durability, brakes_efficience, acceptance_date) values (587, 7, 10, 0.11, 0.59, '24-Jun-2020');
    insert into Safety_measurements (s_measure_id, collision_test, safety_class, body_durability, brakes_efficience, acceptance_date) values (588, 1, 7, 0.48, 0.27, '20-Jan-2020');
    insert into Safety_measurements (s_measure_id, collision_test, safety_class, body_durability, brakes_efficience, acceptance_date) values (589, 4, 5, 0.53, 0.41, '31-Oct-2021');
    insert into Safety_measurements (s_measure_id, collision_test, safety_class, body_durability, brakes_efficience, acceptance_date) values (590, 8, 5, 0.66, 0.6, '30-Dec-2019');
    insert into Safety_measurements (s_measure_id, collision_test, safety_class, body_durability, brakes_efficience, acceptance_date) values (591, 9, 8, 0.34, 0.2, '17-Apr-2020');
    insert into Safety_measurements (s_measure_id, collision_test, safety_class, body_durability, brakes_efficience, acceptance_date) values (592, 10, 9, 0.47, 0.14, '07-Jan-2024');
    insert into Safety_measurements (s_measure_id, collision_test, safety_class, body_durability, brakes_efficience, acceptance_date) values (593, 9, 6, 0.87, 0.72, '10-Aug-2022');
    insert into Safety_measurements (s_measure_id, collision_test, safety_class, body_durability, brakes_efficience, acceptance_date) values (594, 7, 10, 0.6, 0.91, '27-Nov-2021');
    insert into Safety_measurements (s_measure_id, collision_test, safety_class, body_durability, brakes_efficience, acceptance_date) values (595, 6, 7, 0.65, 0.27, '19-Jun-2023');
    insert into Safety_measurements (s_measure_id, collision_test, safety_class, body_durability, brakes_efficience, acceptance_date) values (596, 1, 10, 0.56, 1.0, '03-Apr-2021');
    insert into Safety_measurements (s_measure_id, collision_test, safety_class, body_durability, brakes_efficience, acceptance_date) values (597, 8, 7, 0.28, 0.07, '21-Mar-2024');
    insert into Safety_measurements (s_measure_id, collision_test, safety_class, body_durability, brakes_efficience, acceptance_date) values (598, 2, 5, 0.2, 0.1, '20-Jan-2023');
    insert into Safety_measurements (s_measure_id, collision_test, safety_class, body_durability, brakes_efficience, acceptance_date) values (599, 4, 7, 0.24, 0.0, '29-Dec-2022');
    insert into Safety_measurements (s_measure_id, collision_test, safety_class, body_durability, brakes_efficience, acceptance_date) values (600, 10, 6, 0.82, 0.74, '02-Dec-2023');
    insert into Safety_measurements (s_measure_id, collision_test, safety_class, body_durability, brakes_efficience, acceptance_date) values (601, 1, 6, 0.4, 0.06, '28-Sep-2021');
    insert into Safety_measurements (s_measure_id, collision_test, safety_class, body_durability, brakes_efficience, acceptance_date) values (602, 2, 7, 0.56, 0.23, '19-Jun-2020');
    insert into Safety_measurements (s_measure_id, collision_test, safety_class, body_durability, brakes_efficience, acceptance_date) values (603, 9, 10, 0.42, 0.22, '18-Jun-2024');
    insert into Safety_measurements (s_measure_id, collision_test, safety_class, body_durability, brakes_efficience, acceptance_date) values (604, 4, 10, 0.97, 0.54, '07-Aug-2021');
    insert into Safety_measurements (s_measure_id, collision_test, safety_class, body_durability, brakes_efficience, acceptance_date) values (605, 1, 10, 0.26, 0.8, '31-Mar-2022');
    insert into Safety_measurements (s_measure_id, collision_test, safety_class, body_durability, brakes_efficience, acceptance_date) values (606, 8, 8, 0.08, 0.34, '26-Jul-2023');
    insert into Safety_measurements (s_measure_id, collision_test, safety_class, body_durability, brakes_efficience, acceptance_date) values (607, 6, 5, 0.99, 0.71, '20-Sep-2020');
    insert into Safety_measurements (s_measure_id, collision_test, safety_class, body_durability, brakes_efficience, acceptance_date) values (608, 4, 10, 0.49, 0.52, '16-Apr-2024');
    insert into Safety_measurements (s_measure_id, collision_test, safety_class, body_durability, brakes_efficience, acceptance_date) values (609, 8, 5, 0.83, 0.68, '27-Aug-2022');
    insert into Safety_measurements (s_measure_id, collision_test, safety_class, body_durability, brakes_efficience, acceptance_date) values (610, 7, 10, 0.01, 0.87, '07-Sep-2022');
    insert into Safety_measurements (s_measure_id, collision_test, safety_class, body_durability, brakes_efficience, acceptance_date) values (611, 9, 6, 0.13, 0.88, '25-Mar-2022');
    insert into Safety_measurements (s_measure_id, collision_test, safety_class, body_durability, brakes_efficience, acceptance_date) values (612, 10, 8, 0.51, 0.82, '01-Jul-2022');
    insert into Safety_measurements (s_measure_id, collision_test, safety_class, body_durability, brakes_efficience, acceptance_date) values (613, 1, 6, 0.36, 0.56, '22-Aug-2023');
    insert into Safety_measurements (s_measure_id, collision_test, safety_class, body_durability, brakes_efficience, acceptance_date) values (614, 10, 8, 0.58, 0.47, '02-Jul-2021');
    insert into Safety_measurements (s_measure_id, collision_test, safety_class, body_durability, brakes_efficience, acceptance_date) values (615, 4, 6, 0.49, 0.55, '23-Oct-2020');
    insert into Safety_measurements (s_measure_id, collision_test, safety_class, body_durability, brakes_efficience, acceptance_date) values (616, 6, 5, 0.42, 0.12, '27-Jul-2020');
    insert into Safety_measurements (s_measure_id, collision_test, safety_class, body_durability, brakes_efficience, acceptance_date) values (617, 6, 8, 0.74, 0.63, '26-Aug-2020');
    insert into Safety_measurements (s_measure_id, collision_test, safety_class, body_durability, brakes_efficience, acceptance_date) values (618, 7, 9, 0.5, 0.57, '29-Dec-2021');
    insert into Safety_measurements (s_measure_id, collision_test, safety_class, body_durability, brakes_efficience, acceptance_date) values (619, 8, 7, 0.88, 0.29, '09-Dec-2019');
    insert into Safety_measurements (s_measure_id, collision_test, safety_class, body_durability, brakes_efficience, acceptance_date) values (620, 1, 10, 0.09, 0.98, '19-Apr-2022');
    insert into Safety_measurements (s_measure_id, collision_test, safety_class, body_durability, brakes_efficience, acceptance_date) values (621, 4, 10, 0.53, 0.22, '08-Jan-2020');
    insert into Safety_measurements (s_measure_id, collision_test, safety_class, body_durability, brakes_efficience, acceptance_date) values (622, 10, 10, 0.56, 0.85, '19-May-2024');
    insert into Safety_measurements (s_measure_id, collision_test, safety_class, body_durability, brakes_efficience, acceptance_date) values (623, 2, 8, 0.4, 0.54, '30-Nov-2020');
    insert into Safety_measurements (s_measure_id, collision_test, safety_class, body_durability, brakes_efficience, acceptance_date) values (624, 2, 7, 0.88, 0.47, '19-Aug-2020');
    insert into Safety_measurements (s_measure_id, collision_test, safety_class, body_durability, brakes_efficience, acceptance_date) values (625, 6, 6, 0.69, 0.42, '22-May-2024');
    insert into Safety_measurements (s_measure_id, collision_test, safety_class, body_durability, brakes_efficience, acceptance_date) values (626, 4, 9, 0.18, 0.69, '18-Dec-2021');
    insert into Safety_measurements (s_measure_id, collision_test, safety_class, body_durability, brakes_efficience, acceptance_date) values (627, 6, 6, 0.97, 0.14, '10-Apr-2021');
    insert into Safety_measurements (s_measure_id, collision_test, safety_class, body_durability, brakes_efficience, acceptance_date) values (628, 6, 5, 0.35, 0.35, '03-Aug-2022');
    insert into Safety_measurements (s_measure_id, collision_test, safety_class, body_durability, brakes_efficience, acceptance_date) values (629, 10, 6, 0.28, 0.88, '25-Sep-2020');
    insert into Safety_measurements (s_measure_id, collision_test, safety_class, body_durability, brakes_efficience, acceptance_date) values (630, 7, 5, 0.33, 0.85, '08-Mar-2020');
    insert into Safety_measurements (s_measure_id, collision_test, safety_class, body_durability, brakes_efficience, acceptance_date) values (631, 9, 10, 0.01, 0.48, '13-Jun-2021');
    insert into Safety_measurements (s_measure_id, collision_test, safety_class, body_durability, brakes_efficience, acceptance_date) values (632, 5, 9, 0.91, 0.68, '30-Mar-2021');
    insert into Safety_measurements (s_measure_id, collision_test, safety_class, body_durability, brakes_efficience, acceptance_date) values (633, 3, 8, 0.95, 0.18, '21-Jul-2023');
    insert into Safety_measurements (s_measure_id, collision_test, safety_class, body_durability, brakes_efficience, acceptance_date) values (634, 9, 10, 0.66, 0.08, '08-Oct-2023');
    insert into Safety_measurements (s_measure_id, collision_test, safety_class, body_durability, brakes_efficience, acceptance_date) values (635, 2, 10, 0.11, 0.88, '27-Nov-2019');
    insert into Safety_measurements (s_measure_id, collision_test, safety_class, body_durability, brakes_efficience, acceptance_date) values (636, 5, 9, 0.03, 0.21, '01-Aug-2021');
    insert into Safety_measurements (s_measure_id, collision_test, safety_class, body_durability, brakes_efficience, acceptance_date) values (637, 3, 9, 0.81, 0.57, '17-Mar-2021');
    insert into Safety_measurements (s_measure_id, collision_test, safety_class, body_durability, brakes_efficience, acceptance_date) values (638, 8, 6, 0.67, 0.25, '05-Sep-2023');
    insert into Safety_measurements (s_measure_id, collision_test, safety_class, body_durability, brakes_efficience, acceptance_date) values (639, 3, 6, 0.19, 0.55, '19-Feb-2023');
    insert into Safety_measurements (s_measure_id, collision_test, safety_class, body_durability, brakes_efficience, acceptance_date) values (640, 10, 8, 0.6, 0.16, '24-Jun-2022');
    insert into Safety_measurements (s_measure_id, collision_test, safety_class, body_durability, brakes_efficience, acceptance_date) values (641, 3, 10, 0.48, 0.0, '30-Nov-2023');
    insert into Safety_measurements (s_measure_id, collision_test, safety_class, body_durability, brakes_efficience, acceptance_date) values (642, 6, 7, 0.65, 0.32, '02-Mar-2024');
    insert into Safety_measurements (s_measure_id, collision_test, safety_class, body_durability, brakes_efficience, acceptance_date) values (643, 4, 10, 0.95, 0.66, '05-Nov-2023');
    insert into Safety_measurements (s_measure_id, collision_test, safety_class, body_durability, brakes_efficience, acceptance_date) values (644, 1, 9, 0.42, 0.32, '07-Mar-2024');
    insert into Safety_measurements (s_measure_id, collision_test, safety_class, body_durability, brakes_efficience, acceptance_date) values (645, 1, 9, 0.64, 0.45, '11-Mar-2024');
    insert into Safety_measurements (s_measure_id, collision_test, safety_class, body_durability, brakes_efficience, acceptance_date) values (646, 8, 8, 0.3, 0.34, '20-May-2020');
    insert into Safety_measurements (s_measure_id, collision_test, safety_class, body_durability, brakes_efficience, acceptance_date) values (647, 3, 7, 0.92, 0.33, '12-Jun-2022');
    insert into Safety_measurements (s_measure_id, collision_test, safety_class, body_durability, brakes_efficience, acceptance_date) values (648, 7, 6, 0.02, 0.87, '02-Nov-2020');
    insert into Safety_measurements (s_measure_id, collision_test, safety_class, body_durability, brakes_efficience, acceptance_date) values (649, 8, 10, 0.29, 0.4, '23-Oct-2023');
    insert into Safety_measurements (s_measure_id, collision_test, safety_class, body_durability, brakes_efficience, acceptance_date) values (650, 4, 7, 0.75, 1.0, '29-Oct-2022');
    insert into Safety_measurements (s_measure_id, collision_test, safety_class, body_durability, brakes_efficience, acceptance_date) values (651, 4, 6, 0.04, 0.67, '17-Mar-2022');
    insert into Safety_measurements (s_measure_id, collision_test, safety_class, body_durability, brakes_efficience, acceptance_date) values (652, 9, 5, 0.93, 0.05, '18-Jul-2024');
    insert into Safety_measurements (s_measure_id, collision_test, safety_class, body_durability, brakes_efficience, acceptance_date) values (653, 2, 6, 0.89, 0.52, '20-Mar-2023');
    insert into Safety_measurements (s_measure_id, collision_test, safety_class, body_durability, brakes_efficience, acceptance_date) values (654, 10, 10, 1.0, 0.21, '30-Jan-2024');
    insert into Safety_measurements (s_measure_id, collision_test, safety_class, body_durability, brakes_efficience, acceptance_date) values (655, 5, 7, 0.17, 0.55, '15-Jul-2020');
    insert into Safety_measurements (s_measure_id, collision_test, safety_class, body_durability, brakes_efficience, acceptance_date) values (656, 10, 7, 0.54, 0.88, '09-May-2023');
    insert into Safety_measurements (s_measure_id, collision_test, safety_class, body_durability, brakes_efficience, acceptance_date) values (657, 10, 10, 0.92, 0.38, '08-Jul-2020');
    insert into Safety_measurements (s_measure_id, collision_test, safety_class, body_durability, brakes_efficience, acceptance_date) values (658, 2, 7, 0.22, 0.54, '07-Nov-2020');
    insert into Safety_measurements (s_measure_id, collision_test, safety_class, body_durability, brakes_efficience, acceptance_date) values (659, 1, 6, 0.97, 0.48, '17-Nov-2023');
    insert into Safety_measurements (s_measure_id, collision_test, safety_class, body_durability, brakes_efficience, acceptance_date) values (660, 5, 6, 0.35, 0.89, '15-Feb-2023');
    insert into Safety_measurements (s_measure_id, collision_test, safety_class, body_durability, brakes_efficience, acceptance_date) values (661, 1, 5, 0.21, 0.2, '22-Sep-2022');
    insert into Safety_measurements (s_measure_id, collision_test, safety_class, body_durability, brakes_efficience, acceptance_date) values (662, 2, 10, 0.52, 0.11, '27-Jan-2022');
    insert into Safety_measurements (s_measure_id, collision_test, safety_class, body_durability, brakes_efficience, acceptance_date) values (663, 9, 9, 0.55, 0.92, '05-Apr-2020');
    insert into Safety_measurements (s_measure_id, collision_test, safety_class, body_durability, brakes_efficience, acceptance_date) values (664, 7, 6, 0.44, 0.6, '25-Sep-2022');
    insert into Safety_measurements (s_measure_id, collision_test, safety_class, body_durability, brakes_efficience, acceptance_date) values (665, 10, 5, 0.49, 0.65, '27-Sep-2021');
    insert into Safety_measurements (s_measure_id, collision_test, safety_class, body_durability, brakes_efficience, acceptance_date) values (666, 3, 5, 0.8, 0.35, '21-Jan-2020');
    insert into Safety_measurements (s_measure_id, collision_test, safety_class, body_durability, brakes_efficience, acceptance_date) values (667, 1, 7, 0.19, 0.18, '06-Nov-2020');
    insert into Safety_measurements (s_measure_id, collision_test, safety_class, body_durability, brakes_efficience, acceptance_date) values (668, 8, 7, 0.49, 0.05, '30-Dec-2023');
    insert into Safety_measurements (s_measure_id, collision_test, safety_class, body_durability, brakes_efficience, acceptance_date) values (669, 5, 10, 0.53, 0.83, '04-Jan-2020');
    insert into Safety_measurements (s_measure_id, collision_test, safety_class, body_durability, brakes_efficience, acceptance_date) values (670, 5, 6, 0.28, 0.09, '27-Jan-2024');
    insert into Safety_measurements (s_measure_id, collision_test, safety_class, body_durability, brakes_efficience, acceptance_date) values (671, 9, 8, 0.06, 0.77, '26-Oct-2022');
    insert into Safety_measurements (s_measure_id, collision_test, safety_class, body_durability, brakes_efficience, acceptance_date) values (672, 2, 6, 0.82, 0.98, '29-Jun-2023');
    insert into Safety_measurements (s_measure_id, collision_test, safety_class, body_durability, brakes_efficience, acceptance_date) values (673, 5, 5, 0.91, 0.07, '07-Dec-2023');
    insert into Safety_measurements (s_measure_id, collision_test, safety_class, body_durability, brakes_efficience, acceptance_date) values (674, 8, 10, 0.45, 0.04, '14-Sep-2023');
    insert into Safety_measurements (s_measure_id, collision_test, safety_class, body_durability, brakes_efficience, acceptance_date) values (675, 8, 6, 0.76, 0.72, '30-Dec-2021');
    insert into Safety_measurements (s_measure_id, collision_test, safety_class, body_durability, brakes_efficience, acceptance_date) values (676, 7, 10, 0.42, 0.69, '01-May-2021');
    insert into Safety_measurements (s_measure_id, collision_test, safety_class, body_durability, brakes_efficience, acceptance_date) values (677, 3, 10, 0.17, 0.92, '12-Nov-2023');
    insert into Safety_measurements (s_measure_id, collision_test, safety_class, body_durability, brakes_efficience, acceptance_date) values (678, 6, 10, 0.32, 0.45, '02-Mar-2021');
    insert into Safety_measurements (s_measure_id, collision_test, safety_class, body_durability, brakes_efficience, acceptance_date) values (679, 4, 7, 0.78, 0.04, '26-Jun-2021');
    insert into Safety_measurements (s_measure_id, collision_test, safety_class, body_durability, brakes_efficience, acceptance_date) values (680, 7, 7, 0.49, 0.35, '17-Oct-2020');
    insert into Safety_measurements (s_measure_id, collision_test, safety_class, body_durability, brakes_efficience, acceptance_date) values (681, 3, 6, 0.26, 0.21, '29-Jul-2022');
    insert into Safety_measurements (s_measure_id, collision_test, safety_class, body_durability, brakes_efficience, acceptance_date) values (682, 10, 9, 0.12, 0.7, '27-Apr-2022');
    insert into Safety_measurements (s_measure_id, collision_test, safety_class, body_durability, brakes_efficience, acceptance_date) values (683, 7, 10, 0.81, 0.32, '02-Aug-2024');
    insert into Safety_measurements (s_measure_id, collision_test, safety_class, body_durability, brakes_efficience, acceptance_date) values (684, 3, 7, 0.57, 0.46, '23-Feb-2022');
    insert into Safety_measurements (s_measure_id, collision_test, safety_class, body_durability, brakes_efficience, acceptance_date) values (685, 2, 6, 0.02, 0.98, '24-Nov-2020');
    insert into Safety_measurements (s_measure_id, collision_test, safety_class, body_durability, brakes_efficience, acceptance_date) values (686, 5, 6, 0.18, 0.47, '01-Jul-2022');
    insert into Safety_measurements (s_measure_id, collision_test, safety_class, body_durability, brakes_efficience, acceptance_date) values (687, 9, 5, 0.38, 0.27, '22-Oct-2020');
    insert into Safety_measurements (s_measure_id, collision_test, safety_class, body_durability, brakes_efficience, acceptance_date) values (688, 5, 8, 0.75, 0.62, '12-Jan-2022');
    insert into Safety_measurements (s_measure_id, collision_test, safety_class, body_durability, brakes_efficience, acceptance_date) values (689, 2, 10, 0.24, 0.56, '30-Dec-2021');
    insert into Safety_measurements (s_measure_id, collision_test, safety_class, body_durability, brakes_efficience, acceptance_date) values (690, 9, 7, 0.26, 0.1, '24-May-2020');
    insert into Safety_measurements (s_measure_id, collision_test, safety_class, body_durability, brakes_efficience, acceptance_date) values (691, 8, 10, 0.73, 0.24, '14-Dec-2020');
    insert into Safety_measurements (s_measure_id, collision_test, safety_class, body_durability, brakes_efficience, acceptance_date) values (692, 2, 10, 0.48, 0.39, '30-Dec-2023');
    insert into Safety_measurements (s_measure_id, collision_test, safety_class, body_durability, brakes_efficience, acceptance_date) values (693, 4, 7, 0.34, 0.43, '11-Aug-2023');
    insert into Safety_measurements (s_measure_id, collision_test, safety_class, body_durability, brakes_efficience, acceptance_date) values (694, 1, 6, 0.38, 0.36, '01-Sep-2021');
    insert into Safety_measurements (s_measure_id, collision_test, safety_class, body_durability, brakes_efficience, acceptance_date) values (695, 10, 5, 0.26, 0.85, '04-Mar-2024');
    
    
    
    insert into Stock (serialNumber_id, serialNumber, production_date, factory_id, sku_id, s_measure_id) values (1, '3VW1K7AJ1FM208714', '25-Apr-2020', 91, 5, 692);
    insert into Stock (serialNumber_id, serialNumber, production_date, factory_id, sku_id, s_measure_id) values (2, 'WAULFAFR3BA954663', '03-Dec-2023', 18, 90, 411);
    insert into Stock (serialNumber_id, serialNumber, production_date, factory_id, sku_id, s_measure_id) values (3, 'WBAGN63493D233807', '13-May-2022', 83, 60, 278);
    insert into Stock (serialNumber_id, serialNumber, production_date, factory_id, sku_id, s_measure_id) values (4, '1FTEX1CM8DF325467', '17-Sep-2022', 79, 55, 301);
    insert into Stock (serialNumber_id, serialNumber, production_date, factory_id, sku_id, s_measure_id) values (5, '2HNYD18211H715086', '28-Apr-2021', 86, 32, 151);
    insert into Stock (serialNumber_id, serialNumber, production_date, factory_id, sku_id, s_measure_id) values (6, 'WBAEN33475P466608', '10-Sep-2021', 81, 72, 548);
    insert into Stock (serialNumber_id, serialNumber, production_date, factory_id, sku_id, s_measure_id) values (7, 'SCFAB01A86G017944', '10-Mar-2022', 86, 27, 305);
    insert into Stock (serialNumber_id, serialNumber, production_date, factory_id, sku_id, s_measure_id) values (8, '2G4GR5GX3F9232669', '29-Nov-2020', 64, 93, 72);
    insert into Stock (serialNumber_id, serialNumber, production_date, factory_id, sku_id, s_measure_id) values (9, 'SCBLE47K98C795608', '15-Sep-2023', 89, 64, 360);
    insert into Stock (serialNumber_id, serialNumber, production_date, factory_id, sku_id, s_measure_id) values (10, '4USDU53538L250153', '22-Dec-2019', 4, 54, 46);
    insert into Stock (serialNumber_id, serialNumber, production_date, factory_id, sku_id, s_measure_id) values (11, 'JM3TB2MA6A0892639', '22-May-2022', 7, 89, 681);
    insert into Stock (serialNumber_id, serialNumber, production_date, factory_id, sku_id, s_measure_id) values (12, '2HNYD18822H484009', '09-May-2023', 27, 50, 254);
    insert into Stock (serialNumber_id, serialNumber, production_date, factory_id, sku_id, s_measure_id) values (13, '1FTMF1E80AF891438', '09-Apr-2020', 67, 93, 399);
    insert into Stock (serialNumber_id, serialNumber, production_date, factory_id, sku_id, s_measure_id) values (14, 'TRURD38J691354189', '20-Jun-2023', 52, 64, 11);
    insert into Stock (serialNumber_id, serialNumber, production_date, factory_id, sku_id, s_measure_id) values (15, '2T1BURHE7FC517814', '10-Dec-2023', 28, 9, 313);
    insert into Stock (serialNumber_id, serialNumber, production_date, factory_id, sku_id, s_measure_id) values (16, 'WDDHF0EB7FB894982', '28-Dec-2021', 57, 23, 106);
    insert into Stock (serialNumber_id, serialNumber, production_date, factory_id, sku_id, s_measure_id) values (17, 'WBAFU9C59DD394779', '27-Jun-2021', 71, 83, 318);
    insert into Stock (serialNumber_id, serialNumber, production_date, factory_id, sku_id, s_measure_id) values (18, '1G6KF54973U010554', '08-May-2023', 82, 42, 234);
    insert into Stock (serialNumber_id, serialNumber, production_date, factory_id, sku_id, s_measure_id) values (19, '1D7RV1GT4AS231204', '01-Jun-2020', 27, 95, 145);
    insert into Stock (serialNumber_id, serialNumber, production_date, factory_id, sku_id, s_measure_id) values (20, '3D4PH6FV0AT765889', '14-Jun-2020', 30, 55, 82);
    insert into Stock (serialNumber_id, serialNumber, production_date, factory_id, sku_id, s_measure_id) values (21, 'JN8AZ2KR2BT366825', '21-Jul-2023', 56, 52, 246);
    insert into Stock (serialNumber_id, serialNumber, production_date, factory_id, sku_id, s_measure_id) values (22, 'SCBCP7ZA1AC039504', '13-Jan-2021', 52, 9, 402);
    insert into Stock (serialNumber_id, serialNumber, production_date, factory_id, sku_id, s_measure_id) values (23, 'JHMFA3F28AS426072', '26-Jun-2021', 53, 93, 215);
    insert into Stock (serialNumber_id, serialNumber, production_date, factory_id, sku_id, s_measure_id) values (24, '1HGCP2F39BA513820', '09-Aug-2020', 18, 16, 24);
    insert into Stock (serialNumber_id, serialNumber, production_date, factory_id, sku_id, s_measure_id) values (25, '4USDU53548L577841', '26-Feb-2021', 60, 40, 182);
    insert into Stock (serialNumber_id, serialNumber, production_date, factory_id, sku_id, s_measure_id) values (26, 'JTEBU5JRXE5072756', '09-Jul-2023', 64, 67, 195);
    insert into Stock (serialNumber_id, serialNumber, production_date, factory_id, sku_id, s_measure_id) values (27, '2G61T5S3XF9336871', '22-Nov-2022', 68, 23, 457);
    insert into Stock (serialNumber_id, serialNumber, production_date, factory_id, sku_id, s_measure_id) values (28, 'WBAUP7C56AV220175', '23-Apr-2022', 95, 45, 51);
    insert into Stock (serialNumber_id, serialNumber, production_date, factory_id, sku_id, s_measure_id) values (29, 'WBA5B1C51FD818865', '04-Dec-2020', 31, 90, 45);
    insert into Stock (serialNumber_id, serialNumber, production_date, factory_id, sku_id, s_measure_id) values (30, '1G6DV1EP2C0324251', '26-May-2021', 4, 75, 440);
    insert into Stock (serialNumber_id, serialNumber, production_date, factory_id, sku_id, s_measure_id) values (31, '1G6AZ5S30F0587228', '22-Dec-2021', 71, 94, 496);
    insert into Stock (serialNumber_id, serialNumber, production_date, factory_id, sku_id, s_measure_id) values (32, 'WAUPEAFM5BA740203', '18-Dec-2023', 19, 69, 559);
    insert into Stock (serialNumber_id, serialNumber, production_date, factory_id, sku_id, s_measure_id) values (33, '1FTMF1EW7AF833017', '22-Aug-2021', 67, 15, 178);
    insert into Stock (serialNumber_id, serialNumber, production_date, factory_id, sku_id, s_measure_id) values (34, '1N6AA0CH8EN600355', '18-Jul-2022', 14, 45, 179);
    insert into Stock (serialNumber_id, serialNumber, production_date, factory_id, sku_id, s_measure_id) values (35, '5N1BA0NC5FN330183', '27-Mar-2023', 16, 2, 423);
    insert into Stock (serialNumber_id, serialNumber, production_date, factory_id, sku_id, s_measure_id) values (36, '3FAHP0CG8CR688587', '25-Mar-2023', 73, 42, 30);
    insert into Stock (serialNumber_id, serialNumber, production_date, factory_id, sku_id, s_measure_id) values (37, 'WAUBGAFC9CN197945', '02-Dec-2023', 53, 63, 268);
    insert into Stock (serialNumber_id, serialNumber, production_date, factory_id, sku_id, s_measure_id) values (38, '3C4PDDDG7ET588541', '19-Nov-2022', 83, 70, 35);
    insert into Stock (serialNumber_id, serialNumber, production_date, factory_id, sku_id, s_measure_id) values (39, 'WAUEFBFL5CN122892', '07-Jun-2023', 52, 95, 502);
    insert into Stock (serialNumber_id, serialNumber, production_date, factory_id, sku_id, s_measure_id) values (40, 'JN8AF5MV8FT400079', '07-Dec-2023', 5, 88, 288);
    insert into Stock (serialNumber_id, serialNumber, production_date, factory_id, sku_id, s_measure_id) values (41, 'SALGR2VF3FA456261', '13-May-2021', 63, 60, 294);
    insert into Stock (serialNumber_id, serialNumber, production_date, factory_id, sku_id, s_measure_id) values (42, '1G6KF57973U125473', '05-Dec-2019', 60, 39, 342);
    insert into Stock (serialNumber_id, serialNumber, production_date, factory_id, sku_id, s_measure_id) values (43, 'WVWAP7AN5DE973466', '04-May-2020', 1, 72, 196);
    insert into Stock (serialNumber_id, serialNumber, production_date, factory_id, sku_id, s_measure_id) values (44, 'WP0AA2A99CS238853', '09-Jan-2023', 12, 32, 522);
    insert into Stock (serialNumber_id, serialNumber, production_date, factory_id, sku_id, s_measure_id) values (45, 'WAUDGAFL9DA085485', '14-Jun-2023', 89, 16, 58);
    insert into Stock (serialNumber_id, serialNumber, production_date, factory_id, sku_id, s_measure_id) values (46, 'JN1CV6AP9BM776929', '20-Jul-2022', 17, 52, 310);
    insert into Stock (serialNumber_id, serialNumber, production_date, factory_id, sku_id, s_measure_id) values (47, '3D7TP2CT9BG737776', '03-Oct-2021', 37, 88, 128);
    insert into Stock (serialNumber_id, serialNumber, production_date, factory_id, sku_id, s_measure_id) values (48, 'JN1AZ4FH3FM031326', '01-May-2023', 78, 69, 365);
    insert into Stock (serialNumber_id, serialNumber, production_date, factory_id, sku_id, s_measure_id) values (49, '19UYA42523A410413', '14-Nov-2023', 77, 84, 409);
    insert into Stock (serialNumber_id, serialNumber, production_date, factory_id, sku_id, s_measure_id) values (50, 'WAUEF78EX6A864597', '24-Aug-2023', 28, 30, 168);
    insert into Stock (serialNumber_id, serialNumber, production_date, factory_id, sku_id, s_measure_id) values (51, 'WAUKFAFL7DA592900', '21-Feb-2021', 70, 66, 330);
    insert into Stock (serialNumber_id, serialNumber, production_date, factory_id, sku_id, s_measure_id) values (52, '3VWJX7AJ1AM942523', '23-May-2022', 98, 84, 304);
    insert into Stock (serialNumber_id, serialNumber, production_date, factory_id, sku_id, s_measure_id) values (53, 'SAJWA0E76D8818144', '13-Jun-2023', 47, 24, 655);
    insert into Stock (serialNumber_id, serialNumber, production_date, factory_id, sku_id, s_measure_id) values (54, '5GAKRBKD8FJ953750', '10-Jan-2024', 17, 47, 199);
    insert into Stock (serialNumber_id, serialNumber, production_date, factory_id, sku_id, s_measure_id) values (55, 'WBAEW534X5P496436', '04-May-2022', 65, 78, 114);
    insert into Stock (serialNumber_id, serialNumber, production_date, factory_id, sku_id, s_measure_id) values (56, '3C63D3FL3CG229364', '19-Oct-2020', 74, 25, 583);
    insert into Stock (serialNumber_id, serialNumber, production_date, factory_id, sku_id, s_measure_id) values (57, '19UUA66276A677559', '25-Dec-2020', 23, 40, 507);
    insert into Stock (serialNumber_id, serialNumber, production_date, factory_id, sku_id, s_measure_id) values (58, 'WA1YL64BX4N213694', '03-Nov-2020', 79, 70, 188);
    insert into Stock (serialNumber_id, serialNumber, production_date, factory_id, sku_id, s_measure_id) values (59, 'SCBZK25E32C436377', '26-Apr-2022', 17, 57, 213);
    insert into Stock (serialNumber_id, serialNumber, production_date, factory_id, sku_id, s_measure_id) values (60, '3N1AB7APXFY107951', '13-Sep-2023', 28, 94, 394);
    insert into Stock (serialNumber_id, serialNumber, production_date, factory_id, sku_id, s_measure_id) values (61, '2LMDJ8JK5FB931730', '20-Mar-2020', 79, 88, 542);
    insert into Stock (serialNumber_id, serialNumber, production_date, factory_id, sku_id, s_measure_id) values (62, '2G4GW5EV9B9792815', '27-Jun-2023', 43, 92, 74);
    insert into Stock (serialNumber_id, serialNumber, production_date, factory_id, sku_id, s_measure_id) values (63, 'WAUAFAFH5DN808436', '13-Dec-2023', 40, 14, 580);
    insert into Stock (serialNumber_id, serialNumber, production_date, factory_id, sku_id, s_measure_id) values (64, 'WBSPM93589E062625', '18-Dec-2022', 83, 78, 132);
    insert into Stock (serialNumber_id, serialNumber, production_date, factory_id, sku_id, s_measure_id) values (65, '19UUA56702A734426', '03-Sep-2020', 41, 24, 3);
    insert into Stock (serialNumber_id, serialNumber, production_date, factory_id, sku_id, s_measure_id) values (66, 'JN8AZ1FY3CW588799', '08-May-2021', 39, 67, 31);
    insert into Stock (serialNumber_id, serialNumber, production_date, factory_id, sku_id, s_measure_id) values (67, 'WBAWL73578P242902', '29-Aug-2023', 56, 55, 117);
    insert into Stock (serialNumber_id, serialNumber, production_date, factory_id, sku_id, s_measure_id) values (68, 'WBAKA4C50CC590916', '09-Dec-2019', 27, 27, 476);
    insert into Stock (serialNumber_id, serialNumber, production_date, factory_id, sku_id, s_measure_id) values (69, 'JN8AE2KP3B9033668', '31-Mar-2022', 53, 12, 209);
    insert into Stock (serialNumber_id, serialNumber, production_date, factory_id, sku_id, s_measure_id) values (70, '1C4RDHDG4EC974748', '05-May-2021', 91, 25, 585);
    insert into Stock (serialNumber_id, serialNumber, production_date, factory_id, sku_id, s_measure_id) values (71, 'JTHKD5BH6E2701214', '18-Feb-2020', 49, 4, 340);
    insert into Stock (serialNumber_id, serialNumber, production_date, factory_id, sku_id, s_measure_id) values (72, '1G6AB5RA0D0678957', '05-Jul-2021', 39, 59, 594);
    insert into Stock (serialNumber_id, serialNumber, production_date, factory_id, sku_id, s_measure_id) values (73, 'WAUVC58E12A116618', '12-Jul-2021', 36, 45, 445);
    insert into Stock (serialNumber_id, serialNumber, production_date, factory_id, sku_id, s_measure_id) values (74, 'WUARL48H15K299562', '04-Feb-2021', 16, 94, 395);
    insert into Stock (serialNumber_id, serialNumber, production_date, factory_id, sku_id, s_measure_id) values (75, 'JN8AZ1MU2CW909456', '17-May-2023', 62, 82, 370);
    insert into Stock (serialNumber_id, serialNumber, production_date, factory_id, sku_id, s_measure_id) values (76, 'NM0KS9BN9DT944106', '31-May-2021', 89, 88, 399);
    insert into Stock (serialNumber_id, serialNumber, production_date, factory_id, sku_id, s_measure_id) values (77, 'SCFEBBCF0CG850252', '06-Jul-2021', 93, 78, 123);
    insert into Stock (serialNumber_id, serialNumber, production_date, factory_id, sku_id, s_measure_id) values (78, 'WA1VFAFL9EA979119', '14-Apr-2023', 33, 76, 237);
    insert into Stock (serialNumber_id, serialNumber, production_date, factory_id, sku_id, s_measure_id) values (79, '3GYFNCE32FS304345', '29-Mar-2022', 26, 56, 288);
    insert into Stock (serialNumber_id, serialNumber, production_date, factory_id, sku_id, s_measure_id) values (80, '2C3CDXFG1EH664426', '13-Jan-2024', 19, 23, 396);
    insert into Stock (serialNumber_id, serialNumber, production_date, factory_id, sku_id, s_measure_id) values (81, '2G4G05GV2B9561222', '29-Aug-2020', 40, 73, 468);
    insert into Stock (serialNumber_id, serialNumber, production_date, factory_id, sku_id, s_measure_id) values (82, '5GADT13S562143018', '05-Jul-2021', 46, 35, 278);
    insert into Stock (serialNumber_id, serialNumber, production_date, factory_id, sku_id, s_measure_id) values (83, 'JTEBU5JR9C5884949', '25-Feb-2020', 70, 30, 178);
    insert into Stock (serialNumber_id, serialNumber, production_date, factory_id, sku_id, s_measure_id) values (84, 'WBA5M4C50FD658599', '16-Jun-2021', 12, 5, 620);
    insert into Stock (serialNumber_id, serialNumber, production_date, factory_id, sku_id, s_measure_id) values (85, 'SCFEDCAD3AG423744', '16-Oct-2021', 75, 93, 411);
    insert into Stock (serialNumber_id, serialNumber, production_date, factory_id, sku_id, s_measure_id) values (86, '5LMJJ3H53DE514493', '19-Oct-2023', 80, 46, 236);
    insert into Stock (serialNumber_id, serialNumber, production_date, factory_id, sku_id, s_measure_id) values (87, 'WBASN0C5XDD890469', '10-Dec-2023', 30, 33, 420);
    insert into Stock (serialNumber_id, serialNumber, production_date, factory_id, sku_id, s_measure_id) values (88, '2C3CDXCT1EH908268', '09-Jun-2021', 22, 53, 640);
    insert into Stock (serialNumber_id, serialNumber, production_date, factory_id, sku_id, s_measure_id) values (89, '1D7CE2BK2AS286678', '11-Sep-2020', 72, 54, 546);
    insert into Stock (serialNumber_id, serialNumber, production_date, factory_id, sku_id, s_measure_id) values (90, '5FPYK1F21BB514723', '29-Jan-2021', 21, 17, 170);
    insert into Stock (serialNumber_id, serialNumber, production_date, factory_id, sku_id, s_measure_id) values (91, 'WBAUU3C51AA961620', '19-Sep-2022', 90, 84, 11);
    insert into Stock (serialNumber_id, serialNumber, production_date, factory_id, sku_id, s_measure_id) values (92, 'WBA6A0C59ED860846', '04-Sep-2022', 31, 6, 386);
    insert into Stock (serialNumber_id, serialNumber, production_date, factory_id, sku_id, s_measure_id) values (93, '5TDBKRFH1FS051033', '06-Jan-2021', 38, 71, 435);
    insert into Stock (serialNumber_id, serialNumber, production_date, factory_id, sku_id, s_measure_id) values (94, 'KMHHT6KJ2FU023845', '02-Apr-2020', 52, 95, 568);
    insert into Stock (serialNumber_id, serialNumber, production_date, factory_id, sku_id, s_measure_id) values (95, 'WP0CA2A87DK409813', '15-Apr-2023', 43, 29, 460);
    insert into Stock (serialNumber_id, serialNumber, production_date, factory_id, sku_id, s_measure_id) values (96, 'WA1EV74L07D226931', '30-Nov-2019', 25, 10, 152);
    insert into Stock (serialNumber_id, serialNumber, production_date, factory_id, sku_id, s_measure_id) values (97, '3D73Y4EL0BG212045', '22-Jan-2023', 89, 81, 468);
    insert into Stock (serialNumber_id, serialNumber, production_date, factory_id, sku_id, s_measure_id) values (98, '1GD422CG6EF858122', '19-Dec-2020', 10, 1, 251);
    insert into Stock (serialNumber_id, serialNumber, production_date, factory_id, sku_id, s_measure_id) values (99, 'KNAFX6A84E5766544', '01-Sep-2021', 82, 14, 495);
    insert into Stock (serialNumber_id, serialNumber, production_date, factory_id, sku_id, s_measure_id) values (100, 'SALFR2BG7DH679853', '31-May-2020', 80, 23, 14);
    insert into Stock (serialNumber_id, serialNumber, production_date, factory_id, sku_id, s_measure_id) values (101, 'WAULT68E15A556629', '16-May-2020', 67, 5, 305);
    insert into Stock (serialNumber_id, serialNumber, production_date, factory_id, sku_id, s_measure_id) values (102, 'JM1CR2W31A0155772', '02-Nov-2020', 31, 52, 120);
    insert into Stock (serialNumber_id, serialNumber, production_date, factory_id, sku_id, s_measure_id) values (103, 'WDDGF5EB6BR319914', '30-Aug-2023', 15, 37, 199);
    insert into Stock (serialNumber_id, serialNumber, production_date, factory_id, sku_id, s_measure_id) values (104, 'WBANW53559C266955', '17-Feb-2021', 31, 89, 431);
    insert into Stock (serialNumber_id, serialNumber, production_date, factory_id, sku_id, s_measure_id) values (105, 'JN1CV6EK5BM385095', '17-Nov-2022', 36, 45, 510);
    insert into Stock (serialNumber_id, serialNumber, production_date, factory_id, sku_id, s_measure_id) values (106, '5TFCW5F13CX417889', '08-Oct-2022', 34, 84, 422);
    insert into Stock (serialNumber_id, serialNumber, production_date, factory_id, sku_id, s_measure_id) values (107, '5LMJJ2HT5FE936907', '19-Jul-2021', 61, 70, 21);
    insert into Stock (serialNumber_id, serialNumber, production_date, factory_id, sku_id, s_measure_id) values (108, 'JN1CV6EK7AM203878', '13-May-2022', 59, 6, 646);
    insert into Stock (serialNumber_id, serialNumber, production_date, factory_id, sku_id, s_measure_id) values (109, 'WAUNF78P17A267616', '21-Nov-2022', 83, 62, 651);
    insert into Stock (serialNumber_id, serialNumber, production_date, factory_id, sku_id, s_measure_id) values (110, '5N1AZ2MG4FN231181', '09-Dec-2020', 98, 34, 126);
    insert into Stock (serialNumber_id, serialNumber, production_date, factory_id, sku_id, s_measure_id) values (111, 'KNAFK4A63E5304283', '06-May-2020', 68, 90, 151);
    insert into Stock (serialNumber_id, serialNumber, production_date, factory_id, sku_id, s_measure_id) values (112, 'WBAHN03566D794111', '27-Mar-2020', 94, 64, 580);
    insert into Stock (serialNumber_id, serialNumber, production_date, factory_id, sku_id, s_measure_id) values (113, 'WBA3C1C59FP369213', '02-Nov-2023', 66, 72, 690);
    insert into Stock (serialNumber_id, serialNumber, production_date, factory_id, sku_id, s_measure_id) values (114, 'WVWAB7AJ8CW829186', '10-Dec-2021', 86, 49, 423);
    insert into Stock (serialNumber_id, serialNumber, production_date, factory_id, sku_id, s_measure_id) values (115, '1FMEU7EEXAU972067', '05-May-2022', 60, 34, 235);
    insert into Stock (serialNumber_id, serialNumber, production_date, factory_id, sku_id, s_measure_id) values (116, 'WA1LKBFP6AA518787', '17-May-2020', 14, 73, 671);
    insert into Stock (serialNumber_id, serialNumber, production_date, factory_id, sku_id, s_measure_id) values (117, 'WBANB33545C760783', '01-Jul-2020', 38, 60, 424);
    insert into Stock (serialNumber_id, serialNumber, production_date, factory_id, sku_id, s_measure_id) values (118, '2B3CJ5DT9BH846428', '22-Jun-2020', 23, 89, 258);
    insert into Stock (serialNumber_id, serialNumber, production_date, factory_id, sku_id, s_measure_id) values (119, '1G6AT5S30E0926991', '12-Jul-2021', 29, 66, 67);
    insert into Stock (serialNumber_id, serialNumber, production_date, factory_id, sku_id, s_measure_id) values (120, '1G6DL5E33C0945069', '10-Apr-2020', 9, 70, 589);
    insert into Stock (serialNumber_id, serialNumber, production_date, factory_id, sku_id, s_measure_id) values (121, '2G61U5S30D9191978', '01-Mar-2021', 14, 95, 516);
    insert into Stock (serialNumber_id, serialNumber, production_date, factory_id, sku_id, s_measure_id) values (122, 'WAUGFAFR5EA439220', '29-Oct-2021', 14, 14, 320);
    insert into Stock (serialNumber_id, serialNumber, production_date, factory_id, sku_id, s_measure_id) values (123, '1FTWW3A56AE271425', '16-Mar-2021', 22, 32, 163);
    insert into Stock (serialNumber_id, serialNumber, production_date, factory_id, sku_id, s_measure_id) values (124, '1GD311CG5FZ371020', '21-May-2022', 25, 3, 491);
    insert into Stock (serialNumber_id, serialNumber, production_date, factory_id, sku_id, s_measure_id) values (125, 'WAUKF78E48A528837', '01-Jun-2022', 55, 36, 461);
    insert into Stock (serialNumber_id, serialNumber, production_date, factory_id, sku_id, s_measure_id) values (126, '1GYS4AEF4ER330057', '05-Jan-2020', 27, 85, 503);
    insert into Stock (serialNumber_id, serialNumber, production_date, factory_id, sku_id, s_measure_id) values (127, '1G4GL5E30DF450073', '02-Jul-2023', 75, 86, 425);
    insert into Stock (serialNumber_id, serialNumber, production_date, factory_id, sku_id, s_measure_id) values (128, '5FRYD4H91GB561755', '24-May-2021', 77, 64, 42);
    insert into Stock (serialNumber_id, serialNumber, production_date, factory_id, sku_id, s_measure_id) values (129, '5J8TB4H30FL766767', '22-May-2022', 35, 12, 653);
    insert into Stock (serialNumber_id, serialNumber, production_date, factory_id, sku_id, s_measure_id) values (130, 'JN1AZ4EH2DM978193', '28-Apr-2021', 1, 64, 540);
    insert into Stock (serialNumber_id, serialNumber, production_date, factory_id, sku_id, s_measure_id) values (131, 'WBAKE5C58BE998576', '21-Jul-2022', 17, 93, 602);
    insert into Stock (serialNumber_id, serialNumber, production_date, factory_id, sku_id, s_measure_id) values (132, '19VDE1F55EE237361', '25-Nov-2020', 47, 90, 137);
    insert into Stock (serialNumber_id, serialNumber, production_date, factory_id, sku_id, s_measure_id) values (133, 'WVWED7AJ7BW060349', '09-May-2020', 67, 56, 118);
    insert into Stock (serialNumber_id, serialNumber, production_date, factory_id, sku_id, s_measure_id) values (134, 'WBAFU9C53CD618014', '08-Jul-2020', 47, 85, 157);
    insert into Stock (serialNumber_id, serialNumber, production_date, factory_id, sku_id, s_measure_id) values (135, '5J6TF2H54DL262626', '18-Jan-2022', 85, 48, 521);
    insert into Stock (serialNumber_id, serialNumber, production_date, factory_id, sku_id, s_measure_id) values (136, 'KM8JT3AB1CU486081', '26-Nov-2021', 55, 56, 632);
    insert into Stock (serialNumber_id, serialNumber, production_date, factory_id, sku_id, s_measure_id) values (137, '1G6AK5S39D0846848', '07-Jan-2024', 100, 5, 568);
    insert into Stock (serialNumber_id, serialNumber, production_date, factory_id, sku_id, s_measure_id) values (138, '1HGCR2E33FA232274', '06-Oct-2021', 73, 70, 535);
    insert into Stock (serialNumber_id, serialNumber, production_date, factory_id, sku_id, s_measure_id) values (139, 'WAUSF98K49A908991', '17-Aug-2020', 53, 23, 172);
    insert into Stock (serialNumber_id, serialNumber, production_date, factory_id, sku_id, s_measure_id) values (140, 'WA1WGAFP6DA342580', '24-Dec-2022', 8, 26, 161);
    insert into Stock (serialNumber_id, serialNumber, production_date, factory_id, sku_id, s_measure_id) values (141, '1N6AA0EC8EN686350', '21-Sep-2020', 84, 88, 564);
    insert into Stock (serialNumber_id, serialNumber, production_date, factory_id, sku_id, s_measure_id) values (142, '5UXFG2C5XCL837137', '10-Sep-2022', 4, 89, 647);
    insert into Stock (serialNumber_id, serialNumber, production_date, factory_id, sku_id, s_measure_id) values (143, 'WAUKH68D41A220455', '17-Sep-2022', 65, 56, 453);
    insert into Stock (serialNumber_id, serialNumber, production_date, factory_id, sku_id, s_measure_id) values (144, 'WBABW33486P598262', '05-Jan-2023', 44, 35, 530);
    insert into Stock (serialNumber_id, serialNumber, production_date, factory_id, sku_id, s_measure_id) values (145, '1J4NF1FB2BD113456', '02-Nov-2020', 69, 3, 216);
    insert into Stock (serialNumber_id, serialNumber, production_date, factory_id, sku_id, s_measure_id) values (146, 'WBA3B5C53FP371534', '29-May-2023', 5, 77, 219);
    insert into Stock (serialNumber_id, serialNumber, production_date, factory_id, sku_id, s_measure_id) values (147, '1FTSX2A51AE644814', '14-Feb-2021', 37, 15, 351);
    insert into Stock (serialNumber_id, serialNumber, production_date, factory_id, sku_id, s_measure_id) values (148, 'WAUAH94F56N222459', '17-Jan-2023', 75, 4, 662);
    insert into Stock (serialNumber_id, serialNumber, production_date, factory_id, sku_id, s_measure_id) values (149, '5FNRL5H22CB343450', '10-Jan-2022', 17, 78, 281);
    insert into Stock (serialNumber_id, serialNumber, production_date, factory_id, sku_id, s_measure_id) values (150, 'JH4DC23151S886037', '07-Dec-2019', 75, 27, 350);
    insert into Stock (serialNumber_id, serialNumber, production_date, factory_id, sku_id, s_measure_id) values (151, '1G6AT5SX9E0616633', '14-Sep-2023', 70, 35, 598);
    insert into Stock (serialNumber_id, serialNumber, production_date, factory_id, sku_id, s_measure_id) values (152, 'JA4AS2AW0AZ224597', '30-Apr-2021', 80, 63, 217);
    insert into Stock (serialNumber_id, serialNumber, production_date, factory_id, sku_id, s_measure_id) values (153, 'JN8AE2KP4D9418806', '15-May-2020', 10, 83, 101);
    insert into Stock (serialNumber_id, serialNumber, production_date, factory_id, sku_id, s_measure_id) values (154, '1GYS3AEF3BR596202', '25-Jun-2022', 43, 66, 267);
    insert into Stock (serialNumber_id, serialNumber, production_date, factory_id, sku_id, s_measure_id) values (155, '1G4HB5EM5AU197694', '20-Aug-2021', 41, 86, 207);
    insert into Stock (serialNumber_id, serialNumber, production_date, factory_id, sku_id, s_measure_id) values (156, '4A31K3DT6AE392505', '17-Jan-2020', 33, 41, 432);
    insert into Stock (serialNumber_id, serialNumber, production_date, factory_id, sku_id, s_measure_id) values (157, '1D4SE6GT9BC641777', '31-Mar-2022', 32, 18, 483);
    insert into Stock (serialNumber_id, serialNumber, production_date, factory_id, sku_id, s_measure_id) values (158, '1G4HF579X9U003590', '27-May-2020', 84, 67, 581);
    insert into Stock (serialNumber_id, serialNumber, production_date, factory_id, sku_id, s_measure_id) values (159, 'SCFEBBAC5AG341151', '18-Dec-2019', 83, 65, 254);
    insert into Stock (serialNumber_id, serialNumber, production_date, factory_id, sku_id, s_measure_id) values (160, 'ZHWGU5BZ1CL316738', '21-May-2020', 53, 74, 6);
    insert into Stock (serialNumber_id, serialNumber, production_date, factory_id, sku_id, s_measure_id) values (161, 'JN1CV6FE2EM769252', '20-May-2020', 67, 52, 301);
    insert into Stock (serialNumber_id, serialNumber, production_date, factory_id, sku_id, s_measure_id) values (162, 'WBSWD93508P449135', '28-Aug-2022', 94, 66, 438);
    insert into Stock (serialNumber_id, serialNumber, production_date, factory_id, sku_id, s_measure_id) values (163, 'JA4AD3A31FZ787722', '26-May-2021', 49, 17, 178);
    insert into Stock (serialNumber_id, serialNumber, production_date, factory_id, sku_id, s_measure_id) values (164, 'JTDKDTB36C1580813', '28-Nov-2023', 45, 22, 592);
    insert into Stock (serialNumber_id, serialNumber, production_date, factory_id, sku_id, s_measure_id) values (165, '1FTMF1E81AK139920', '27-Oct-2020', 62, 90, 77);
    insert into Stock (serialNumber_id, serialNumber, production_date, factory_id, sku_id, s_measure_id) values (166, 'YV4852CZ6A1859788', '02-Feb-2022', 62, 72, 190);
    insert into Stock (serialNumber_id, serialNumber, production_date, factory_id, sku_id, s_measure_id) values (167, 'WAUGL78E56A150197', '10-Jan-2021', 70, 59, 384);
    insert into Stock (serialNumber_id, serialNumber, production_date, factory_id, sku_id, s_measure_id) values (168, '1FADP3E28FL656565', '09-Jun-2021', 61, 83, 284);
    insert into Stock (serialNumber_id, serialNumber, production_date, factory_id, sku_id, s_measure_id) values (169, 'WAUJT68EX5A292060', '15-Nov-2020', 12, 21, 257);
    insert into Stock (serialNumber_id, serialNumber, production_date, factory_id, sku_id, s_measure_id) values (170, '1FTWX3B50AE749026', '19-Jul-2022', 33, 20, 411);
    insert into Stock (serialNumber_id, serialNumber, production_date, factory_id, sku_id, s_measure_id) values (171, 'JTHBL5EF7C5922507', '30-Oct-2023', 92, 14, 31);
    insert into Stock (serialNumber_id, serialNumber, production_date, factory_id, sku_id, s_measure_id) values (172, 'WBAKE3C52DE437149', '02-Sep-2021', 84, 44, 191);
    insert into Stock (serialNumber_id, serialNumber, production_date, factory_id, sku_id, s_measure_id) values (173, 'WBAVM5C53FV232034', '29-Oct-2021', 28, 62, 499);
    insert into Stock (serialNumber_id, serialNumber, production_date, factory_id, sku_id, s_measure_id) values (174, 'WAUKFAFL8DA814862', '01-Jul-2020', 74, 6, 215);
    insert into Stock (serialNumber_id, serialNumber, production_date, factory_id, sku_id, s_measure_id) values (175, '1G6KS54Y74U169370', '20-Jun-2023', 75, 88, 254);
    insert into Stock (serialNumber_id, serialNumber, production_date, factory_id, sku_id, s_measure_id) values (176, 'VNKJTUD3XFA306902', '30-Mar-2020', 38, 47, 648);
    insert into Stock (serialNumber_id, serialNumber, production_date, factory_id, sku_id, s_measure_id) values (177, '1N6AA0CC5DN581055', '05-Aug-2023', 29, 80, 386);
    insert into Stock (serialNumber_id, serialNumber, production_date, factory_id, sku_id, s_measure_id) values (178, '1G6AB5S39D0673686', '12-Jan-2024', 91, 94, 450);
    insert into Stock (serialNumber_id, serialNumber, production_date, factory_id, sku_id, s_measure_id) values (179, 'WBA3C3G57FN575079', '15-Aug-2022', 5, 90, 276);
    insert into Stock (serialNumber_id, serialNumber, production_date, factory_id, sku_id, s_measure_id) values (180, 'WDDUG7JB7EA640123', '07-May-2021', 52, 19, 155);
    insert into Stock (serialNumber_id, serialNumber, production_date, factory_id, sku_id, s_measure_id) values (181, '1G6AJ5S31F0345555', '04-Mar-2022', 28, 92, 263);
    insert into Stock (serialNumber_id, serialNumber, production_date, factory_id, sku_id, s_measure_id) values (182, '3FA6P0LU7DR825369', '02-Jun-2022', 58, 67, 403);
    insert into Stock (serialNumber_id, serialNumber, production_date, factory_id, sku_id, s_measure_id) values (183, '1GYS4FEJXCR384266', '25-Oct-2020', 24, 15, 46);
    insert into Stock (serialNumber_id, serialNumber, production_date, factory_id, sku_id, s_measure_id) values (184, '1C4RDHDG9DC920909', '02-Aug-2021', 70, 25, 203);
    insert into Stock (serialNumber_id, serialNumber, production_date, factory_id, sku_id, s_measure_id) values (185, '5UXZV4C51BL480539', '09-Jan-2021', 20, 40, 409);
    insert into Stock (serialNumber_id, serialNumber, production_date, factory_id, sku_id, s_measure_id) values (186, 'WBAUN7C53DV310684', '28-Jan-2023', 32, 61, 336);
    insert into Stock (serialNumber_id, serialNumber, production_date, factory_id, sku_id, s_measure_id) values (187, '1G6DH8EG7A0305370', '14-Oct-2021', 58, 31, 290);
    insert into Stock (serialNumber_id, serialNumber, production_date, factory_id, sku_id, s_measure_id) values (188, '1G4GE5GD7BF878915', '16-Jun-2020', 81, 95, 539);
    insert into Stock (serialNumber_id, serialNumber, production_date, factory_id, sku_id, s_measure_id) values (189, '5N1AN0NU3EN619229', '21-Feb-2021', 87, 81, 121);
    insert into Stock (serialNumber_id, serialNumber, production_date, factory_id, sku_id, s_measure_id) values (190, '1C3CDFBBXED340165', '20-May-2023', 72, 72, 154);
    insert into Stock (serialNumber_id, serialNumber, production_date, factory_id, sku_id, s_measure_id) values (191, '3N1BC1AP3BL217746', '04-May-2021', 6, 38, 378);
    insert into Stock (serialNumber_id, serialNumber, production_date, factory_id, sku_id, s_measure_id) values (192, '3VW467AT2DM167560', '20-Aug-2021', 25, 11, 468);
    insert into Stock (serialNumber_id, serialNumber, production_date, factory_id, sku_id, s_measure_id) values (193, 'WDDGF5EB0BA139326', '21-Mar-2020', 72, 20, 461);
    insert into Stock (serialNumber_id, serialNumber, production_date, factory_id, sku_id, s_measure_id) values (194, '1N6AD0CU1DN167514', '25-Jan-2022', 15, 94, 178);
    insert into Stock (serialNumber_id, serialNumber, production_date, factory_id, sku_id, s_measure_id) values (195, 'WA1BV74L48D567494', '07-Apr-2020', 29, 62, 349);
    insert into Stock (serialNumber_id, serialNumber, production_date, factory_id, sku_id, s_measure_id) values (196, 'WBABN33433J597411', '21-Sep-2020', 8, 42, 526);
    insert into Stock (serialNumber_id, serialNumber, production_date, factory_id, sku_id, s_measure_id) values (197, 'WBAAV33441F117212', '26-Apr-2020', 41, 85, 96);
    insert into Stock (serialNumber_id, serialNumber, production_date, factory_id, sku_id, s_measure_id) values (198, '1GYFC26209R226371', '26-Oct-2021', 99, 70, 232);
    insert into Stock (serialNumber_id, serialNumber, production_date, factory_id, sku_id, s_measure_id) values (199, 'WBA3C1G57EN714940', '16-Nov-2019', 34, 51, 487);
    insert into Stock (serialNumber_id, serialNumber, production_date, factory_id, sku_id, s_measure_id) values (200, 'WAU3FAFR1DA603186', '18-May-2020', 63, 23, 605);
    insert into Stock (serialNumber_id, serialNumber, production_date, factory_id, sku_id, s_measure_id) values (201, 'KNADM5A38D6302213', '27-Feb-2020', 43, 44, 627);
    insert into Stock (serialNumber_id, serialNumber, production_date, factory_id, sku_id, s_measure_id) values (202, '1FTEW1C8XFF387073', '28-Dec-2021', 49, 7, 458);
    insert into Stock (serialNumber_id, serialNumber, production_date, factory_id, sku_id, s_measure_id) values (203, '1G6YV36A965136969', '27-Mar-2023', 18, 76, 352);
    insert into Stock (serialNumber_id, serialNumber, production_date, factory_id, sku_id, s_measure_id) values (204, '19XFB4F27EE522093', '07-Mar-2022', 34, 58, 636);
    insert into Stock (serialNumber_id, serialNumber, production_date, factory_id, sku_id, s_measure_id) values (205, 'WAUVT58E33A950570', '01-Feb-2020', 66, 63, 643);
    insert into Stock (serialNumber_id, serialNumber, production_date, factory_id, sku_id, s_measure_id) values (206, '2C3CDYBT5CH924400', '09-Jan-2023', 55, 2, 220);
    insert into Stock (serialNumber_id, serialNumber, production_date, factory_id, sku_id, s_measure_id) values (207, '1FAHP3GN5AW424313', '26-May-2023', 23, 7, 153);
    insert into Stock (serialNumber_id, serialNumber, production_date, factory_id, sku_id, s_measure_id) values (208, '1FTEX1CM8BF536326', '21-Feb-2020', 12, 58, 488);
    insert into Stock (serialNumber_id, serialNumber, production_date, factory_id, sku_id, s_measure_id) values (209, 'WBAXG5C53CD532237', '14-Apr-2022', 59, 32, 444);
    insert into Stock (serialNumber_id, serialNumber, production_date, factory_id, sku_id, s_measure_id) values (210, '3VW517AT4FM038354', '19-Aug-2021', 42, 7, 468);
    insert into Stock (serialNumber_id, serialNumber, production_date, factory_id, sku_id, s_measure_id) values (211, '5GAKRBED8BJ838135', '21-Mar-2020', 97, 20, 52);
    insert into Stock (serialNumber_id, serialNumber, production_date, factory_id, sku_id, s_measure_id) values (212, 'SCFKDCEP0EG803704', '11-Apr-2023', 18, 57, 90);
    insert into Stock (serialNumber_id, serialNumber, production_date, factory_id, sku_id, s_measure_id) values (213, '5N1AR2MM3EC491894', '19-Aug-2021', 26, 86, 132);
    insert into Stock (serialNumber_id, serialNumber, production_date, factory_id, sku_id, s_measure_id) values (214, '19VDE3F75EE333116', '12-Nov-2023', 24, 90, 173);
    insert into Stock (serialNumber_id, serialNumber, production_date, factory_id, sku_id, s_measure_id) values (215, '1G6YX36D695462298', '06-Aug-2023', 45, 56, 138);
    insert into Stock (serialNumber_id, serialNumber, production_date, factory_id, sku_id, s_measure_id) values (216, 'WAUJC58E94A117369', '10-Mar-2022', 83, 15, 470);
    insert into Stock (serialNumber_id, serialNumber, production_date, factory_id, sku_id, s_measure_id) values (217, '1G4GD5G39FF179334', '09-Dec-2022', 78, 19, 545);
    insert into Stock (serialNumber_id, serialNumber, production_date, factory_id, sku_id, s_measure_id) values (218, 'WAUAFAFL8BN479457', '25-Mar-2021', 71, 83, 283);
    insert into Stock (serialNumber_id, serialNumber, production_date, factory_id, sku_id, s_measure_id) values (219, 'WBA4C9C58FD688817', '01-Mar-2020', 72, 67, 449);
    insert into Stock (serialNumber_id, serialNumber, production_date, factory_id, sku_id, s_measure_id) values (220, '3VW1K7AJXFM169721', '01-Dec-2022', 24, 58, 299);
    insert into Stock (serialNumber_id, serialNumber, production_date, factory_id, sku_id, s_measure_id) values (221, 'WBANE535X6B099271', '27-Jan-2022', 44, 43, 232);
    insert into Stock (serialNumber_id, serialNumber, production_date, factory_id, sku_id, s_measure_id) values (222, 'SCBBR93WX78208260', '30-Nov-2020', 17, 52, 288);
    insert into Stock (serialNumber_id, serialNumber, production_date, factory_id, sku_id, s_measure_id) values (223, 'JN8AF5MR1BT855126', '06-May-2021', 39, 59, 383);
    insert into Stock (serialNumber_id, serialNumber, production_date, factory_id, sku_id, s_measure_id) values (224, 'WBAKG7C51DE351803', '29-Jul-2022', 72, 10, 375);
    insert into Stock (serialNumber_id, serialNumber, production_date, factory_id, sku_id, s_measure_id) values (225, 'WAUDK78T29A351452', '18-Oct-2021', 91, 74, 337);
    insert into Stock (serialNumber_id, serialNumber, production_date, factory_id, sku_id, s_measure_id) values (226, '5UMDU93578L560654', '09-Dec-2021', 92, 58, 264);
    insert into Stock (serialNumber_id, serialNumber, production_date, factory_id, sku_id, s_measure_id) values (227, '1GKS2FEJ3CR543306', '27-Nov-2020', 99, 55, 181);
    insert into Stock (serialNumber_id, serialNumber, production_date, factory_id, sku_id, s_measure_id) values (228, '5N1AA0NC5FN366256', '22-May-2021', 25, 27, 256);
    insert into Stock (serialNumber_id, serialNumber, production_date, factory_id, sku_id, s_measure_id) values (229, 'KMHDB8AE4CU575375', '20-May-2021', 13, 72, 465);
    insert into Stock (serialNumber_id, serialNumber, production_date, factory_id, sku_id, s_measure_id) values (230, '2T1BURHE0EC954939', '08-Dec-2020', 50, 11, 668);
    insert into Stock (serialNumber_id, serialNumber, production_date, factory_id, sku_id, s_measure_id) values (231, '3VWML7AJ8DM517717', '23-Feb-2021', 44, 23, 660);
    insert into Stock (serialNumber_id, serialNumber, production_date, factory_id, sku_id, s_measure_id) values (232, 'JTDKTUD38DD920288', '31-Mar-2023', 10, 71, 363);
    insert into Stock (serialNumber_id, serialNumber, production_date, factory_id, sku_id, s_measure_id) values (233, 'WAUGL78E65A800332', '30-Jan-2023', 98, 58, 360);
    insert into Stock (serialNumber_id, serialNumber, production_date, factory_id, sku_id, s_measure_id) values (234, 'WBABW53456P209444', '05-Jan-2022', 57, 65, 79);
    insert into Stock (serialNumber_id, serialNumber, production_date, factory_id, sku_id, s_measure_id) values (235, 'JN8BS1MW5DM270948', '12-Aug-2022', 48, 4, 438);
    insert into Stock (serialNumber_id, serialNumber, production_date, factory_id, sku_id, s_measure_id) values (236, 'WAUEG78E46A406180', '12-Jun-2021', 74, 20, 560);
    insert into Stock (serialNumber_id, serialNumber, production_date, factory_id, sku_id, s_measure_id) values (237, 'W04GS5EC9B1371979', '17-Apr-2023', 66, 26, 562);
    insert into Stock (serialNumber_id, serialNumber, production_date, factory_id, sku_id, s_measure_id) values (238, '1G6AL5S3XE0752055', '26-Aug-2021', 87, 91, 463);
    insert into Stock (serialNumber_id, serialNumber, production_date, factory_id, sku_id, s_measure_id) values (239, '2C3CDYCJ0CH999678', '01-Oct-2022', 59, 24, 687);
    insert into Stock (serialNumber_id, serialNumber, production_date, factory_id, sku_id, s_measure_id) values (240, '1G4CU541324470838', '30-Nov-2020', 2, 46, 469);
    insert into Stock (serialNumber_id, serialNumber, production_date, factory_id, sku_id, s_measure_id) values (241, 'SCFEFBBC5AG711307', '31-Dec-2021', 67, 35, 381);
    insert into Stock (serialNumber_id, serialNumber, production_date, factory_id, sku_id, s_measure_id) values (242, '4T1BK3DB4BU964107', '25-Sep-2023', 11, 89, 683);
    insert into Stock (serialNumber_id, serialNumber, production_date, factory_id, sku_id, s_measure_id) values (243, 'JH4KA966X1C673978', '10-Apr-2022', 28, 38, 238);
    insert into Stock (serialNumber_id, serialNumber, production_date, factory_id, sku_id, s_measure_id) values (244, 'WAUDG74F55N082108', '13-Mar-2021', 10, 27, 4);
    insert into Stock (serialNumber_id, serialNumber, production_date, factory_id, sku_id, s_measure_id) values (245, 'WP0CB2A81CS577068', '20-Oct-2023', 67, 54, 511);
    insert into Stock (serialNumber_id, serialNumber, production_date, factory_id, sku_id, s_measure_id) values (246, 'WA1WYAFE4AD689993', '31-Aug-2020', 44, 77, 489);
    insert into Stock (serialNumber_id, serialNumber, production_date, factory_id, sku_id, s_measure_id) values (247, 'WBSBR93424P702893', '23-Apr-2022', 82, 92, 149);
    insert into Stock (serialNumber_id, serialNumber, production_date, factory_id, sku_id, s_measure_id) values (248, 'WAUFFAFL2EA366072', '19-Oct-2021', 11, 81, 168);
    insert into Stock (serialNumber_id, serialNumber, production_date, factory_id, sku_id, s_measure_id) values (249, 'WAUEFBFL5BN618810', '03-Sep-2022', 4, 18, 593);
    insert into Stock (serialNumber_id, serialNumber, production_date, factory_id, sku_id, s_measure_id) values (250, 'JM3TB2BA3C0144386', '29-Nov-2020', 40, 28, 12);
    insert into Stock (serialNumber_id, serialNumber, production_date, factory_id, sku_id, s_measure_id) values (251, 'WBAWR3C54AP023036', '22-May-2022', 41, 35, 194);
    insert into Stock (serialNumber_id, serialNumber, production_date, factory_id, sku_id, s_measure_id) values (252, 'JN1BJ0HP1DM806230', '17-Jan-2020', 73, 85, 221);
    insert into Stock (serialNumber_id, serialNumber, production_date, factory_id, sku_id, s_measure_id) values (253, 'WVGAV7AX7FW759062', '14-Sep-2021', 46, 45, 672);
    insert into Stock (serialNumber_id, serialNumber, production_date, factory_id, sku_id, s_measure_id) values (254, 'KNADH4A3XA6405014', '29-May-2021', 71, 48, 284);
    insert into Stock (serialNumber_id, serialNumber, production_date, factory_id, sku_id, s_measure_id) values (255, 'WDDEJ7KB9DA475453', '25-Dec-2022', 81, 79, 285);
    insert into Stock (serialNumber_id, serialNumber, production_date, factory_id, sku_id, s_measure_id) values (256, '1FTWF3A55AE953244', '21-Aug-2023', 93, 56, 319);
    insert into Stock (serialNumber_id, serialNumber, production_date, factory_id, sku_id, s_measure_id) values (257, 'YV1902AH0C1542697', '18-Jan-2021', 42, 65, 632);
    insert into Stock (serialNumber_id, serialNumber, production_date, factory_id, sku_id, s_measure_id) values (258, '1G4PP5SKXD4643424', '20-Nov-2023', 29, 55, 332);
    insert into Stock (serialNumber_id, serialNumber, production_date, factory_id, sku_id, s_measure_id) values (259, '19UUA56672A230446', '26-Oct-2022', 75, 85, 271);
    insert into Stock (serialNumber_id, serialNumber, production_date, factory_id, sku_id, s_measure_id) values (260, '1C4PJLAK1CW000958', '07-Oct-2021', 89, 75, 324);
    insert into Stock (serialNumber_id, serialNumber, production_date, factory_id, sku_id, s_measure_id) values (261, 'SCBGU3ZA2EC760391', '14-Apr-2023', 56, 89, 528);
    insert into Stock (serialNumber_id, serialNumber, production_date, factory_id, sku_id, s_measure_id) values (262, '1G4GC5ER6CF457581', '06-Jan-2023', 65, 84, 237);
    insert into Stock (serialNumber_id, serialNumber, production_date, factory_id, sku_id, s_measure_id) values (263, '1D7RE5GK7AS470891', '23-Feb-2021', 15, 55, 366);
    insert into Stock (serialNumber_id, serialNumber, production_date, factory_id, sku_id, s_measure_id) values (264, '1VWAH7A31EC915697', '02-Apr-2022', 74, 18, 116);
    insert into Stock (serialNumber_id, serialNumber, production_date, factory_id, sku_id, s_measure_id) values (265, '1GYS4AKJ5FR484383', '02-Dec-2023', 66, 59, 637);
    insert into Stock (serialNumber_id, serialNumber, production_date, factory_id, sku_id, s_measure_id) values (266, 'JN1CV6EK7EM347226', '05-Jan-2024', 19, 70, 649);
    insert into Stock (serialNumber_id, serialNumber, production_date, factory_id, sku_id, s_measure_id) values (267, 'KNAGM4AD3D5329874', '28-Aug-2020', 100, 29, 36);
    insert into Stock (serialNumber_id, serialNumber, production_date, factory_id, sku_id, s_measure_id) values (268, 'JTDKN3DU1B0209873', '22-Nov-2023', 76, 79, 487);
    insert into Stock (serialNumber_id, serialNumber, production_date, factory_id, sku_id, s_measure_id) values (269, 'SALGR2VF2EA054004', '15-Jan-2021', 13, 9, 252);
    insert into Stock (serialNumber_id, serialNumber, production_date, factory_id, sku_id, s_measure_id) values (270, '2C3CCADT5CH141021', '26-Aug-2022', 73, 29, 361);
    insert into Stock (serialNumber_id, serialNumber, production_date, factory_id, sku_id, s_measure_id) values (271, 'WAUDF98E07A673036', '29-Sep-2022', 93, 42, 194);
    insert into Stock (serialNumber_id, serialNumber, production_date, factory_id, sku_id, s_measure_id) values (272, 'KMHHT6KD1DU191337', '17-Oct-2020', 44, 66, 28);
    insert into Stock (serialNumber_id, serialNumber, production_date, factory_id, sku_id, s_measure_id) values (273, 'WBA3F9C56DF392859', '20-Aug-2023', 2, 71, 409);
    insert into Stock (serialNumber_id, serialNumber, production_date, factory_id, sku_id, s_measure_id) values (274, '1C4RJEAG9CC711325', '16-Mar-2020', 16, 94, 70);
    insert into Stock (serialNumber_id, serialNumber, production_date, factory_id, sku_id, s_measure_id) values (275, '3GYFNAE3XES288172', '18-Jun-2023', 8, 44, 147);
    insert into Stock (serialNumber_id, serialNumber, production_date, factory_id, sku_id, s_measure_id) values (276, 'WAULFAFH3AN001062', '30-Jun-2023', 81, 16, 379);
    insert into Stock (serialNumber_id, serialNumber, production_date, factory_id, sku_id, s_measure_id) values (277, 'WBAWR33597P860857', '22-Jul-2020', 5, 5, 638);
    insert into Stock (serialNumber_id, serialNumber, production_date, factory_id, sku_id, s_measure_id) values (278, 'WA1CGAFE7ED959424', '26-Feb-2022', 53, 10, 56);
    insert into Stock (serialNumber_id, serialNumber, production_date, factory_id, sku_id, s_measure_id) values (279, '1GYFK63898R795348', '30-Mar-2020', 6, 1, 531);
    insert into Stock (serialNumber_id, serialNumber, production_date, factory_id, sku_id, s_measure_id) values (280, '1GYFC23279R117250', '29-May-2020', 6, 33, 580);
    insert into Stock (serialNumber_id, serialNumber, production_date, factory_id, sku_id, s_measure_id) values (281, '5FRYD3H60GB079987', '27-Feb-2020', 65, 31, 271);
    insert into Stock (serialNumber_id, serialNumber, production_date, factory_id, sku_id, s_measure_id) values (282, 'WBAWL13539P524288', '05-Jun-2020', 38, 84, 209);
    insert into Stock (serialNumber_id, serialNumber, production_date, factory_id, sku_id, s_measure_id) values (283, 'WBAGG83431D193808', '07-Oct-2023', 52, 29, 428);
    insert into Stock (serialNumber_id, serialNumber, production_date, factory_id, sku_id, s_measure_id) values (284, '5GNRNJEEXA8177256', '08-May-2022', 62, 89, 209);
    insert into Stock (serialNumber_id, serialNumber, production_date, factory_id, sku_id, s_measure_id) values (285, '1N6AF0KY2EN029559', '28-Dec-2019', 7, 14, 385);
    insert into Stock (serialNumber_id, serialNumber, production_date, factory_id, sku_id, s_measure_id) values (286, 'JTEBU5JR7A5736845', '26-Apr-2021', 12, 6, 316);
    insert into Stock (serialNumber_id, serialNumber, production_date, factory_id, sku_id, s_measure_id) values (287, 'WAUFFAFL9EA572103', '30-Nov-2022', 84, 88, 620);
    insert into Stock (serialNumber_id, serialNumber, production_date, factory_id, sku_id, s_measure_id) values (288, 'WBAEW53433P869779', '19-Nov-2023', 21, 5, 162);
    insert into Stock (serialNumber_id, serialNumber, production_date, factory_id, sku_id, s_measure_id) values (289, 'WAUBH74F27N825265', '17-May-2022', 99, 84, 180);
    insert into Stock (serialNumber_id, serialNumber, production_date, factory_id, sku_id, s_measure_id) values (290, '2B3CJ7DW4AH403706', '06-Jun-2022', 11, 37, 280);
    insert into Stock (serialNumber_id, serialNumber, production_date, factory_id, sku_id, s_measure_id) values (291, '19UUA56713A869853', '03-Jul-2023', 27, 95, 657);
    insert into Stock (serialNumber_id, serialNumber, production_date, factory_id, sku_id, s_measure_id) values (292, 'WAUDH48HX8K748716', '10-Feb-2023', 23, 5, 287);
    insert into Stock (serialNumber_id, serialNumber, production_date, factory_id, sku_id, s_measure_id) values (293, 'JM3TB2BV4D0016761', '01-Jun-2023', 67, 18, 662);
    insert into Stock (serialNumber_id, serialNumber, production_date, factory_id, sku_id, s_measure_id) values (294, '5GADV23L45D835637', '20-Jun-2023', 60, 59, 467);
    insert into Stock (serialNumber_id, serialNumber, production_date, factory_id, sku_id, s_measure_id) values (295, '19XFA1F32AE326891', '20-Dec-2020', 53, 28, 269);
    insert into Stock (serialNumber_id, serialNumber, production_date, factory_id, sku_id, s_measure_id) values (296, '1G6DP5E32D0451825', '26-Sep-2023', 74, 66, 631);
    insert into Stock (serialNumber_id, serialNumber, production_date, factory_id, sku_id, s_measure_id) values (297, '1G4HK5E93AU449065', '31-Jan-2022', 24, 55, 602);
    insert into Stock (serialNumber_id, serialNumber, production_date, factory_id, sku_id, s_measure_id) values (298, '3N1BC1CP8CK015702', '30-Jan-2020', 17, 19, 603);
    insert into Stock (serialNumber_id, serialNumber, production_date, factory_id, sku_id, s_measure_id) values (299, 'WA1VGBFP0EA239125', '07-Aug-2021', 56, 75, 137);
    insert into Stock (serialNumber_id, serialNumber, production_date, factory_id, sku_id, s_measure_id) values (300, 'WBA3D5C52FK787016', '06-Apr-2020', 91, 95, 467);
    insert into Stock (serialNumber_id, serialNumber, production_date, factory_id, sku_id, s_measure_id) values (301, 'SAJWA6AT5F8967038', '12-Dec-2023', 8, 29, 556);
    insert into Stock (serialNumber_id, serialNumber, production_date, factory_id, sku_id, s_measure_id) values (302, '5BZBF0AA0EN752645', '08-Nov-2022', 99, 89, 651);
    insert into Stock (serialNumber_id, serialNumber, production_date, factory_id, sku_id, s_measure_id) values (303, 'WDDHH8HBXBA096965', '02-Aug-2021', 86, 89, 496);
    insert into Stock (serialNumber_id, serialNumber, production_date, factory_id, sku_id, s_measure_id) values (304, 'WAUDG78E76A867787', '02-Feb-2022', 80, 42, 669);
    insert into Stock (serialNumber_id, serialNumber, production_date, factory_id, sku_id, s_measure_id) values (305, '5UXZV8C53DL815973', '04-Jul-2022', 80, 10, 124);
    insert into Stock (serialNumber_id, serialNumber, production_date, factory_id, sku_id, s_measure_id) values (306, 'WAUJC58E33A414233', '11-Mar-2023', 2, 49, 235);
    insert into Stock (serialNumber_id, serialNumber, production_date, factory_id, sku_id, s_measure_id) values (307, 'JN8AZ2ND0F9988505', '07-Feb-2022', 75, 20, 104);
    insert into Stock (serialNumber_id, serialNumber, production_date, factory_id, sku_id, s_measure_id) values (308, '3C63DPJL1CG811610', '11-Nov-2022', 6, 74, 649);
    insert into Stock (serialNumber_id, serialNumber, production_date, factory_id, sku_id, s_measure_id) values (309, 'WVWED7AJ9CW076148', '31-Mar-2021', 30, 50, 62);
    insert into Stock (serialNumber_id, serialNumber, production_date, factory_id, sku_id, s_measure_id) values (310, 'WBAVL1C59DV446390', '30-Aug-2020', 33, 83, 461);
    insert into Stock (serialNumber_id, serialNumber, production_date, factory_id, sku_id, s_measure_id) values (311, 'WAUDF78E18A569368', '04-Aug-2021', 48, 85, 528);
    insert into Stock (serialNumber_id, serialNumber, production_date, factory_id, sku_id, s_measure_id) values (312, 'JN8CS1MU5EM936906', '26-Aug-2020', 65, 68, 462);
    insert into Stock (serialNumber_id, serialNumber, production_date, factory_id, sku_id, s_measure_id) values (313, 'WAUFMAFC5EN235958', '13-Nov-2023', 78, 82, 520);
    insert into Stock (serialNumber_id, serialNumber, production_date, factory_id, sku_id, s_measure_id) values (314, 'WA1CMBFP7EA607199', '24-Jan-2021', 62, 52, 305);
    insert into Stock (serialNumber_id, serialNumber, production_date, factory_id, sku_id, s_measure_id) values (315, 'WAUAKAFB9AN057621', '13-Oct-2022', 94, 62, 604);
    insert into Stock (serialNumber_id, serialNumber, production_date, factory_id, sku_id, s_measure_id) values (316, 'WBADN63413G723966', '01-Jan-2022', 60, 2, 369);
    insert into Stock (serialNumber_id, serialNumber, production_date, factory_id, sku_id, s_measure_id) values (317, '1FTMF1CW4AK499541', '05-Feb-2022', 43, 88, 534);
    insert into Stock (serialNumber_id, serialNumber, production_date, factory_id, sku_id, s_measure_id) values (318, '4T1BF1FKXEU509322', '03-Oct-2021', 71, 56, 101);
    insert into Stock (serialNumber_id, serialNumber, production_date, factory_id, sku_id, s_measure_id) values (319, 'JN1BV7AP8FM013016', '21-Jan-2021', 100, 59, 221);
    insert into Stock (serialNumber_id, serialNumber, production_date, factory_id, sku_id, s_measure_id) values (320, 'NM0KS7DN9AT049552', '26-Dec-2019', 46, 94, 279);
    insert into Stock (serialNumber_id, serialNumber, production_date, factory_id, sku_id, s_measure_id) values (321, '4T1BF3EK7AU570537', '30-Aug-2020', 84, 23, 350);
    insert into Stock (serialNumber_id, serialNumber, production_date, factory_id, sku_id, s_measure_id) values (322, 'WUADUAFG0EN989799', '13-Apr-2020', 29, 33, 15);
    insert into Stock (serialNumber_id, serialNumber, production_date, factory_id, sku_id, s_measure_id) values (323, 'SCFBF03B18G586832', '07-Sep-2022', 51, 36, 318);
    insert into Stock (serialNumber_id, serialNumber, production_date, factory_id, sku_id, s_measure_id) values (324, 'WBA3X9C53FD030063', '15-Mar-2021', 25, 11, 109);
    insert into Stock (serialNumber_id, serialNumber, production_date, factory_id, sku_id, s_measure_id) values (325, '2G4GX5GV8B9650918', '27-Mar-2023', 94, 14, 412);
    insert into Stock (serialNumber_id, serialNumber, production_date, factory_id, sku_id, s_measure_id) values (326, 'WAUVC58EX2A273063', '26-Jul-2020', 87, 88, 670);
    insert into Stock (serialNumber_id, serialNumber, production_date, factory_id, sku_id, s_measure_id) values (327, 'WAUDK78T19A417232', '23-Sep-2021', 3, 80, 308);
    insert into Stock (serialNumber_id, serialNumber, production_date, factory_id, sku_id, s_measure_id) values (328, 'WVGEP9BP2FD189957', '12-Jun-2023', 32, 83, 623);
    insert into Stock (serialNumber_id, serialNumber, production_date, factory_id, sku_id, s_measure_id) values (329, '4T3BA3BB6FU183916', '10-Mar-2021', 38, 31, 104);
    insert into Stock (serialNumber_id, serialNumber, production_date, factory_id, sku_id, s_measure_id) values (330, '2B3CK5CT1AH291245', '04-Feb-2023', 61, 12, 73);
    insert into Stock (serialNumber_id, serialNumber, production_date, factory_id, sku_id, s_measure_id) values (331, '5NPDH4AE4EH286134', '28-Jan-2020', 13, 25, 424);
    insert into Stock (serialNumber_id, serialNumber, production_date, factory_id, sku_id, s_measure_id) values (332, 'WA1WGAFP9DA608383', '11-Oct-2023', 39, 39, 278);
    insert into Stock (serialNumber_id, serialNumber, production_date, factory_id, sku_id, s_measure_id) values (333, 'WAUBFAFL0EA190668', '05-Sep-2023', 99, 15, 103);
    insert into Stock (serialNumber_id, serialNumber, production_date, factory_id, sku_id, s_measure_id) values (334, '1HGCP2E74BA760358', '06-Nov-2021', 56, 76, 478);
    insert into Stock (serialNumber_id, serialNumber, production_date, factory_id, sku_id, s_measure_id) values (335, 'WBA5B3C53ED818960', '02-Jan-2022', 62, 87, 444);
    insert into Stock (serialNumber_id, serialNumber, production_date, factory_id, sku_id, s_measure_id) values (336, '1G6DP5EV0A0362087', '25-Mar-2022', 96, 34, 280);
    insert into Stock (serialNumber_id, serialNumber, production_date, factory_id, sku_id, s_measure_id) values (337, 'WBAYP9C54ED132265', '04-Oct-2020', 75, 48, 177);
    insert into Stock (serialNumber_id, serialNumber, production_date, factory_id, sku_id, s_measure_id) values (338, '1HGCR6F5XEA729490', '25-Nov-2023', 70, 36, 522);
    insert into Stock (serialNumber_id, serialNumber, production_date, factory_id, sku_id, s_measure_id) values (339, 'WA1VKAFPXAA032180', '31-Dec-2020', 90, 55, 412);
    insert into Stock (serialNumber_id, serialNumber, production_date, factory_id, sku_id, s_measure_id) values (340, 'KMHTC6AD5DU272031', '08-Aug-2020', 90, 73, 677);
    insert into Stock (serialNumber_id, serialNumber, production_date, factory_id, sku_id, s_measure_id) values (341, '5N1BA0NC5FN457158', '20-Mar-2020', 83, 57, 563);
    insert into Stock (serialNumber_id, serialNumber, production_date, factory_id, sku_id, s_measure_id) values (342, 'KNADH4A3XA6820995', '30-Mar-2023', 25, 12, 22);
    insert into Stock (serialNumber_id, serialNumber, production_date, factory_id, sku_id, s_measure_id) values (343, 'JTEBU5JR7E5606148', '30-Mar-2022', 92, 25, 86);
    insert into Stock (serialNumber_id, serialNumber, production_date, factory_id, sku_id, s_measure_id) values (344, '2T1BU4EEXDC960379', '29-Jun-2021', 68, 22, 183);
    insert into Stock (serialNumber_id, serialNumber, production_date, factory_id, sku_id, s_measure_id) values (345, 'KM8JT3AB8BU837177', '25-Jul-2021', 1, 69, 305);
    insert into Stock (serialNumber_id, serialNumber, production_date, factory_id, sku_id, s_measure_id) values (346, '1N6AA0CA9FN854256', '05-Jul-2021', 41, 29, 53);
    insert into Stock (serialNumber_id, serialNumber, production_date, factory_id, sku_id, s_measure_id) values (347, '5J6TF1H39FL876700', '09-Jul-2023', 75, 69, 349);
    insert into Stock (serialNumber_id, serialNumber, production_date, factory_id, sku_id, s_measure_id) values (348, 'WBAUP73518V338645', '23-Nov-2021', 11, 55, 445);
    insert into Stock (serialNumber_id, serialNumber, production_date, factory_id, sku_id, s_measure_id) values (349, 'SCBFT7ZA3DC500408', '15-Dec-2021', 95, 10, 367);
    insert into Stock (serialNumber_id, serialNumber, production_date, factory_id, sku_id, s_measure_id) values (350, 'JM3ER2A58C0709983', '25-Aug-2021', 92, 50, 59);
    insert into Stock (serialNumber_id, serialNumber, production_date, factory_id, sku_id, s_measure_id) values (351, '1G6KD54Y12U608814', '21-Sep-2020', 29, 73, 284);
    insert into Stock (serialNumber_id, serialNumber, production_date, factory_id, sku_id, s_measure_id) values (352, 'YV1612FH5E2535721', '04-Jul-2023', 20, 3, 330);
    insert into Stock (serialNumber_id, serialNumber, production_date, factory_id, sku_id, s_measure_id) values (353, 'JHMZE2H36DS381249', '12-Apr-2022', 41, 93, 353);
    insert into Stock (serialNumber_id, serialNumber, production_date, factory_id, sku_id, s_measure_id) values (354, 'WA1CFBFP7DA654077', '07-Feb-2023', 30, 87, 450);
    insert into Stock (serialNumber_id, serialNumber, production_date, factory_id, sku_id, s_measure_id) values (355, '2C3CCAFJ5CH638212', '07-Aug-2023', 62, 5, 47);
    insert into Stock (serialNumber_id, serialNumber, production_date, factory_id, sku_id, s_measure_id) values (356, '5UXZV8C56BL282238', '13-Mar-2023', 51, 61, 521);
    insert into Stock (serialNumber_id, serialNumber, production_date, factory_id, sku_id, s_measure_id) values (357, 'WBAUN13538V676826', '14-Nov-2020', 11, 74, 500);
    insert into Stock (serialNumber_id, serialNumber, production_date, factory_id, sku_id, s_measure_id) values (358, 'SCFAD06D69G573977', '19-Apr-2021', 37, 61, 132);
    insert into Stock (serialNumber_id, serialNumber, production_date, factory_id, sku_id, s_measure_id) values (359, '1N6AF0KX5EN523566', '23-Apr-2023', 84, 62, 28);
    insert into Stock (serialNumber_id, serialNumber, production_date, factory_id, sku_id, s_measure_id) values (360, 'JTDZN3EU3E3517885', '17-Jul-2020', 74, 69, 193);
    insert into Stock (serialNumber_id, serialNumber, production_date, factory_id, sku_id, s_measure_id) values (361, 'JTDKN3DP6F3857479', '06-Dec-2023', 7, 52, 102);
    insert into Stock (serialNumber_id, serialNumber, production_date, factory_id, sku_id, s_measure_id) values (362, 'WBADR63403G817843', '21-Jan-2022', 76, 80, 359);
    insert into Stock (serialNumber_id, serialNumber, production_date, factory_id, sku_id, s_measure_id) values (363, 'JN8AZ2NE9F9836182', '15-Aug-2020', 22, 32, 620);
    insert into Stock (serialNumber_id, serialNumber, production_date, factory_id, sku_id, s_measure_id) values (364, '2T1BU4EE7CC130568', '01-May-2021', 15, 47, 21);
    insert into Stock (serialNumber_id, serialNumber, production_date, factory_id, sku_id, s_measure_id) values (365, '3VWML7AJ8BM537141', '14-May-2020', 11, 46, 84);
    insert into Stock (serialNumber_id, serialNumber, production_date, factory_id, sku_id, s_measure_id) values (366, 'KNAGM4A7XB5575795', '05-Feb-2022', 75, 27, 342);
    insert into Stock (serialNumber_id, serialNumber, production_date, factory_id, sku_id, s_measure_id) values (367, 'WBAUP73539V625759', '24-Jun-2021', 65, 6, 461);
    insert into Stock (serialNumber_id, serialNumber, production_date, factory_id, sku_id, s_measure_id) values (368, '1G6DA8E54C0735878', '06-Sep-2022', 56, 12, 173);
    insert into Stock (serialNumber_id, serialNumber, production_date, factory_id, sku_id, s_measure_id) values (369, 'WAUGL58E55A648919', '29-Dec-2022', 1, 18, 483);
    insert into Stock (serialNumber_id, serialNumber, production_date, factory_id, sku_id, s_measure_id) values (370, 'WBAPL3C5XAA863363', '19-Dec-2022', 31, 44, 531);
    insert into Stock (serialNumber_id, serialNumber, production_date, factory_id, sku_id, s_measure_id) values (371, '1GYFK33279R481709', '06-May-2020', 97, 70, 629);
    insert into Stock (serialNumber_id, serialNumber, production_date, factory_id, sku_id, s_measure_id) values (372, 'SCBEC9ZA4EC116758', '15-Oct-2020', 30, 64, 189);
    insert into Stock (serialNumber_id, serialNumber, production_date, factory_id, sku_id, s_measure_id) values (373, '3VWKX7AJ7CM419613', '26-Mar-2023', 73, 12, 613);
    insert into Stock (serialNumber_id, serialNumber, production_date, factory_id, sku_id, s_measure_id) values (374, 'JH4KC1F7XEC777347', '02-Mar-2020', 77, 57, 458);
    insert into Stock (serialNumber_id, serialNumber, production_date, factory_id, sku_id, s_measure_id) values (375, 'WA1LGBFE4DD111053', '14-Mar-2020', 82, 32, 677);
    insert into Stock (serialNumber_id, serialNumber, production_date, factory_id, sku_id, s_measure_id) values (376, 'JTDKN3DU4A0330069', '18-Apr-2023', 74, 8, 538);
    insert into Stock (serialNumber_id, serialNumber, production_date, factory_id, sku_id, s_measure_id) values (377, 'WAUKH94F18N752743', '12-Apr-2021', 81, 54, 169);
    insert into Stock (serialNumber_id, serialNumber, production_date, factory_id, sku_id, s_measure_id) values (378, '2G4WF551321230528', '19-Nov-2023', 13, 68, 156);
    insert into Stock (serialNumber_id, serialNumber, production_date, factory_id, sku_id, s_measure_id) values (379, 'WAUSG74F89N489949', '12-Aug-2020', 58, 9, 142);
    insert into Stock (serialNumber_id, serialNumber, production_date, factory_id, sku_id, s_measure_id) values (380, '19XFB4F29DE738901', '28-Apr-2023', 13, 74, 357);
    insert into Stock (serialNumber_id, serialNumber, production_date, factory_id, sku_id, s_measure_id) values (381, 'WAUEFAFL0EN412521', '12-Mar-2023', 58, 90, 160);
    insert into Stock (serialNumber_id, serialNumber, production_date, factory_id, sku_id, s_measure_id) values (382, '1G6DB8E52E0954516', '13-Dec-2023', 98, 89, 176);
    insert into Stock (serialNumber_id, serialNumber, production_date, factory_id, sku_id, s_measure_id) values (383, 'WP1AA2A2XEL086089', '26-Nov-2020', 24, 28, 524);
    insert into Stock (serialNumber_id, serialNumber, production_date, factory_id, sku_id, s_measure_id) values (384, 'JTHBE5C23A5619425', '05-Oct-2023', 49, 65, 101);
    insert into Stock (serialNumber_id, serialNumber, production_date, factory_id, sku_id, s_measure_id) values (385, '1N4AA5AP1CC235316', '13-Nov-2023', 76, 85, 608);
    insert into Stock (serialNumber_id, serialNumber, production_date, factory_id, sku_id, s_measure_id) values (386, 'WBAXA5C54FD959268', '12-Aug-2023', 48, 80, 263);
    insert into Stock (serialNumber_id, serialNumber, production_date, factory_id, sku_id, s_measure_id) values (387, 'WAUEF78E78A015398', '07-Jun-2022', 57, 2, 439);
    insert into Stock (serialNumber_id, serialNumber, production_date, factory_id, sku_id, s_measure_id) values (388, 'WAUBFAFL1CA857115', '01-Nov-2021', 58, 61, 230);
    insert into Stock (serialNumber_id, serialNumber, production_date, factory_id, sku_id, s_measure_id) values (389, '1GYFK46868R277066', '28-Dec-2022', 49, 60, 661);
    insert into Stock (serialNumber_id, serialNumber, production_date, factory_id, sku_id, s_measure_id) values (390, 'JH4DC43591S309140', '28-Oct-2023', 15, 51, 130);
    insert into Stock (serialNumber_id, serialNumber, production_date, factory_id, sku_id, s_measure_id) values (391, '1FTMF1EW7AF267845', '06-Dec-2020', 34, 86, 382);
    insert into Stock (serialNumber_id, serialNumber, production_date, factory_id, sku_id, s_measure_id) values (392, '1G6DK67V690581858', '21-Feb-2023', 81, 51, 433);
    insert into Stock (serialNumber_id, serialNumber, production_date, factory_id, sku_id, s_measure_id) values (393, '1G6DN57U870021801', '22-Feb-2021', 54, 87, 667);
    insert into Stock (serialNumber_id, serialNumber, production_date, factory_id, sku_id, s_measure_id) values (394, '3D73M3HL8BG324500', '24-Jan-2020', 36, 31, 577);
    insert into Stock (serialNumber_id, serialNumber, production_date, factory_id, sku_id, s_measure_id) values (395, 'SCBZK25E71C445792', '11-Jan-2020', 89, 79, 372);
    insert into Stock (serialNumber_id, serialNumber, production_date, factory_id, sku_id, s_measure_id) values (396, '5UXZV4C51BL717837', '25-May-2023', 99, 4, 433);
    insert into Stock (serialNumber_id, serialNumber, production_date, factory_id, sku_id, s_measure_id) values (397, 'SCBBR9ZA0BC369055', '30-Apr-2023', 14, 19, 110);
    insert into Stock (serialNumber_id, serialNumber, production_date, factory_id, sku_id, s_measure_id) values (398, 'JH4CU2E67BC846765', '26-Jan-2021', 43, 22, 527);
    insert into Stock (serialNumber_id, serialNumber, production_date, factory_id, sku_id, s_measure_id) values (399, 'NM0KS6AN1AT939087', '21-Jun-2023', 40, 3, 76);
    insert into Stock (serialNumber_id, serialNumber, production_date, factory_id, sku_id, s_measure_id) values (400, '3C6TD5CT0CG514927', '04-Feb-2020', 56, 65, 414);
    insert into Stock (serialNumber_id, serialNumber, production_date, factory_id, sku_id, s_measure_id) values (401, 'WAUYGBFC6DN224410', '27-Jan-2020', 64, 76, 594);
    insert into Stock (serialNumber_id, serialNumber, production_date, factory_id, sku_id, s_measure_id) values (402, '1G6DG8E53C0951641', '21-Sep-2020', 66, 79, 433);
    insert into Stock (serialNumber_id, serialNumber, production_date, factory_id, sku_id, s_measure_id) values (403, '2C3CCADG0EH936287', '20-Oct-2021', 55, 28, 486);
    insert into Stock (serialNumber_id, serialNumber, production_date, factory_id, sku_id, s_measure_id) values (404, '1G4GC5G34FF260373', '12-Jan-2021', 60, 60, 21);
    insert into Stock (serialNumber_id, serialNumber, production_date, factory_id, sku_id, s_measure_id) values (405, 'KMHFC4DD4AA582911', '13-Dec-2019', 61, 35, 54);
    insert into Stock (serialNumber_id, serialNumber, production_date, factory_id, sku_id, s_measure_id) values (406, '1G4GE5E39CF913921', '21-Dec-2022', 51, 16, 60);
    insert into Stock (serialNumber_id, serialNumber, production_date, factory_id, sku_id, s_measure_id) values (407, '1G6DK5EV1A0441492', '11-Apr-2020', 58, 14, 510);
    insert into Stock (serialNumber_id, serialNumber, production_date, factory_id, sku_id, s_measure_id) values (408, '1LNHL9DK2FG539600', '23-Sep-2021', 17, 38, 571);
    insert into Stock (serialNumber_id, serialNumber, production_date, factory_id, sku_id, s_measure_id) values (409, 'WAURV78T38A142572', '04-Dec-2022', 26, 42, 182);
    insert into Stock (serialNumber_id, serialNumber, production_date, factory_id, sku_id, s_measure_id) values (410, 'WAU2MAFC1EN819255', '17-Sep-2020', 87, 57, 359);
    insert into Stock (serialNumber_id, serialNumber, production_date, factory_id, sku_id, s_measure_id) values (411, 'JN8AF5MR1CT709312', '22-May-2022', 46, 49, 485);
    insert into Stock (serialNumber_id, serialNumber, production_date, factory_id, sku_id, s_measure_id) values (412, '1G6AZ5S35E0834807', '03-Feb-2021', 85, 8, 385);
    insert into Stock (serialNumber_id, serialNumber, production_date, factory_id, sku_id, s_measure_id) values (413, '1G6DJ577580321867', '31-Jan-2020', 61, 73, 127);
    insert into Stock (serialNumber_id, serialNumber, production_date, factory_id, sku_id, s_measure_id) values (414, '1N6AF0LX5FN923935', '21-Oct-2020', 68, 16, 598);
    insert into Stock (serialNumber_id, serialNumber, production_date, factory_id, sku_id, s_measure_id) values (415, 'WVWAB7AJ6DW615041', '07-Jan-2021', 10, 8, 690);
    insert into Stock (serialNumber_id, serialNumber, production_date, factory_id, sku_id, s_measure_id) values (416, 'WBADT33481G604989', '28-Jan-2020', 21, 20, 189);
    insert into Stock (serialNumber_id, serialNumber, production_date, factory_id, sku_id, s_measure_id) values (417, '5GAKRAED1CJ636412', '26-Aug-2022', 14, 42, 641);
    insert into Stock (serialNumber_id, serialNumber, production_date, factory_id, sku_id, s_measure_id) values (418, 'JHMZF1C69CS053444', '26-Jan-2020', 94, 78, 361);
    insert into Stock (serialNumber_id, serialNumber, production_date, factory_id, sku_id, s_measure_id) values (419, 'WAUMFAFL3DA595351', '28-May-2022', 74, 45, 264);
    insert into Stock (serialNumber_id, serialNumber, production_date, factory_id, sku_id, s_measure_id) values (420, '1N6AA0CJ0EN347843', '25-Jun-2022', 26, 82, 540);
    insert into Stock (serialNumber_id, serialNumber, production_date, factory_id, sku_id, s_measure_id) values (421, '1N6AF0KX5EN430305', '26-Jul-2020', 96, 50, 265);
    insert into Stock (serialNumber_id, serialNumber, production_date, factory_id, sku_id, s_measure_id) values (422, '1G4GA5GR0CF670223', '04-Sep-2020', 65, 61, 223);
    insert into Stock (serialNumber_id, serialNumber, production_date, factory_id, sku_id, s_measure_id) values (423, '5UXFG8C53DL894431', '05-Jul-2021', 9, 22, 532);
    insert into Stock (serialNumber_id, serialNumber, production_date, factory_id, sku_id, s_measure_id) values (424, '5N1AT2MK2EC017306', '06-Dec-2022', 16, 18, 638);
    insert into Stock (serialNumber_id, serialNumber, production_date, factory_id, sku_id, s_measure_id) values (425, 'WA1LFAFP3CA982735', '19-Jan-2023', 40, 61, 373);
    insert into Stock (serialNumber_id, serialNumber, production_date, factory_id, sku_id, s_measure_id) values (426, '1N4AL2AP2AN170650', '12-Nov-2020', 53, 49, 92);
    insert into Stock (serialNumber_id, serialNumber, production_date, factory_id, sku_id, s_measure_id) values (427, 'WVWAN7AN3DE266906', '15-Oct-2023', 10, 82, 680);
    insert into Stock (serialNumber_id, serialNumber, production_date, factory_id, sku_id, s_measure_id) values (428, '2C3CCAFJ6CH066597', '23-Jan-2020', 56, 69, 528);
    insert into Stock (serialNumber_id, serialNumber, production_date, factory_id, sku_id, s_measure_id) values (429, 'WAURVAFA4AN347704', '17-Dec-2023', 63, 15, 236);
    insert into Stock (serialNumber_id, serialNumber, production_date, factory_id, sku_id, s_measure_id) values (430, 'WAUWMAFC0FN214338', '13-Nov-2021', 27, 34, 252);
    insert into Stock (serialNumber_id, serialNumber, production_date, factory_id, sku_id, s_measure_id) values (431, '1G6DH8E38E0375382', '17-Jan-2021', 62, 82, 515);
    insert into Stock (serialNumber_id, serialNumber, production_date, factory_id, sku_id, s_measure_id) values (432, '4F2CY0C72BK166462', '31-Oct-2022', 93, 44, 86);
    insert into Stock (serialNumber_id, serialNumber, production_date, factory_id, sku_id, s_measure_id) values (433, '5TDBKRFH1ES992657', '14-Oct-2022', 39, 88, 29);
    insert into Stock (serialNumber_id, serialNumber, production_date, factory_id, sku_id, s_measure_id) values (434, '1N6BF0KL9FN784332', '07-May-2023', 63, 39, 491);
    insert into Stock (serialNumber_id, serialNumber, production_date, factory_id, sku_id, s_measure_id) values (435, '1G4CW54K124767027', '16-Feb-2022', 97, 90, 392);
    insert into Stock (serialNumber_id, serialNumber, production_date, factory_id, sku_id, s_measure_id) values (436, 'WDDLJ7DB9EA188751', '18-Dec-2019', 58, 10, 549);
    insert into Stock (serialNumber_id, serialNumber, production_date, factory_id, sku_id, s_measure_id) values (437, '1G6AZ5S39E0758055', '28-Jun-2021', 15, 52, 248);
    insert into Stock (serialNumber_id, serialNumber, production_date, factory_id, sku_id, s_measure_id) values (438, 'SALAG2D40CA306650', '22-Aug-2022', 39, 62, 234);
    insert into Stock (serialNumber_id, serialNumber, production_date, factory_id, sku_id, s_measure_id) values (439, '1GT01XEG6FZ225751', '16-May-2023', 8, 20, 96);
    insert into Stock (serialNumber_id, serialNumber, production_date, factory_id, sku_id, s_measure_id) values (440, '5N1AR2MM5EC607709', '13-Jan-2024', 77, 36, 327);
    insert into Stock (serialNumber_id, serialNumber, production_date, factory_id, sku_id, s_measure_id) values (441, '1G6DM5EG4A0332861', '29-Jul-2023', 85, 22, 632);
    insert into Stock (serialNumber_id, serialNumber, production_date, factory_id, sku_id, s_measure_id) values (442, '4A31K3DT9BE178142', '04-Sep-2023', 74, 36, 536);
    insert into Stock (serialNumber_id, serialNumber, production_date, factory_id, sku_id, s_measure_id) values (443, 'WBADT43471G601541', '02-Mar-2023', 6, 93, 265);
    insert into Stock (serialNumber_id, serialNumber, production_date, factory_id, sku_id, s_measure_id) values (444, '1N6AD0CU6AC166091', '13-Mar-2022', 64, 53, 432);
    insert into Stock (serialNumber_id, serialNumber, production_date, factory_id, sku_id, s_measure_id) values (445, 'JN1CV6FEXAM147718', '27-Oct-2022', 48, 61, 257);
    insert into Stock (serialNumber_id, serialNumber, production_date, factory_id, sku_id, s_measure_id) values (446, 'WBAUC7C5XAV322669', '11-Aug-2022', 45, 37, 3);
    insert into Stock (serialNumber_id, serialNumber, production_date, factory_id, sku_id, s_measure_id) values (447, 'WBAUN7C57DV889209', '21-Aug-2023', 15, 68, 471);
    insert into Stock (serialNumber_id, serialNumber, production_date, factory_id, sku_id, s_measure_id) values (448, 'SALAC2D40CA037528', '31-Aug-2020', 25, 94, 247);
    insert into Stock (serialNumber_id, serialNumber, production_date, factory_id, sku_id, s_measure_id) values (449, '2G4WD552171078321', '01-Dec-2019', 16, 6, 44);
    insert into Stock (serialNumber_id, serialNumber, production_date, factory_id, sku_id, s_measure_id) values (450, 'JTEBU4BF1BK624527', '16-Aug-2021', 98, 79, 521);
    insert into Stock (serialNumber_id, serialNumber, production_date, factory_id, sku_id, s_measure_id) values (451, '3LN6L2LU1ER692879', '02-May-2021', 23, 22, 246);
    insert into Stock (serialNumber_id, serialNumber, production_date, factory_id, sku_id, s_measure_id) values (452, 'YV126MFB7F1475584', '22-May-2022', 38, 10, 504);
    insert into Stock (serialNumber_id, serialNumber, production_date, factory_id, sku_id, s_measure_id) values (453, '1FTWW3B56AE248953', '01-Aug-2020', 45, 52, 327);
    insert into Stock (serialNumber_id, serialNumber, production_date, factory_id, sku_id, s_measure_id) values (454, '2HNYD28858H118897', '17-Jan-2020', 78, 49, 506);
    insert into Stock (serialNumber_id, serialNumber, production_date, factory_id, sku_id, s_measure_id) values (455, '1GYS3DEF3ER630404', '26-Oct-2023', 6, 6, 364);
    insert into Stock (serialNumber_id, serialNumber, production_date, factory_id, sku_id, s_measure_id) values (456, '1G6AJ5SX3E0520759', '26-Dec-2019', 56, 38, 418);
    insert into Stock (serialNumber_id, serialNumber, production_date, factory_id, sku_id, s_measure_id) values (457, 'WAUBVBFB8BN309801', '23-Nov-2021', 37, 62, 530);
    insert into Stock (serialNumber_id, serialNumber, production_date, factory_id, sku_id, s_measure_id) values (458, 'JTDZN3EU2D3389525', '14-Nov-2020', 65, 31, 664);
    insert into Stock (serialNumber_id, serialNumber, production_date, factory_id, sku_id, s_measure_id) values (459, 'WBSBL934X6P611035', '05-Jul-2021', 68, 5, 444);
    insert into Stock (serialNumber_id, serialNumber, production_date, factory_id, sku_id, s_measure_id) values (460, 'WBAEH73484B989310', '12-Jun-2023', 77, 26, 341);
    insert into Stock (serialNumber_id, serialNumber, production_date, factory_id, sku_id, s_measure_id) values (461, '4T1BD1FK9DU311352', '11-Sep-2022', 59, 26, 391);
    insert into Stock (serialNumber_id, serialNumber, production_date, factory_id, sku_id, s_measure_id) values (462, '1GKS1EEF7BR926107', '14-Oct-2020', 24, 19, 11);
    insert into Stock (serialNumber_id, serialNumber, production_date, factory_id, sku_id, s_measure_id) values (463, 'WBAVA33557F126600', '17-Oct-2020', 48, 79, 479);
    insert into Stock (serialNumber_id, serialNumber, production_date, factory_id, sku_id, s_measure_id) values (464, '1G4GD5GGXAF538640', '06-Aug-2023', 39, 5, 675);
    insert into Stock (serialNumber_id, serialNumber, production_date, factory_id, sku_id, s_measure_id) values (465, '5GADV23W57D231155', '19-Feb-2022', 49, 9, 473);
    insert into Stock (serialNumber_id, serialNumber, production_date, factory_id, sku_id, s_measure_id) values (466, '3MZBM1L77EM400666', '24-Aug-2022', 85, 29, 164);
    insert into Stock (serialNumber_id, serialNumber, production_date, factory_id, sku_id, s_measure_id) values (467, 'WVWEU9AN5AE229447', '15-Jan-2020', 5, 40, 442);
    insert into Stock (serialNumber_id, serialNumber, production_date, factory_id, sku_id, s_measure_id) values (468, 'WAUML64B92N692429', '15-Apr-2023', 42, 45, 154);
    insert into Stock (serialNumber_id, serialNumber, production_date, factory_id, sku_id, s_measure_id) values (469, 'WBA3A5C56CF781765', '19-Jul-2023', 93, 40, 190);
    insert into Stock (serialNumber_id, serialNumber, production_date, factory_id, sku_id, s_measure_id) values (470, 'WAUDGAFL7AA584863', '25-Aug-2022', 28, 41, 113);
    insert into Stock (serialNumber_id, serialNumber, production_date, factory_id, sku_id, s_measure_id) values (471, '1GYFC36269R069922', '13-Nov-2021', 56, 12, 169);
    insert into Stock (serialNumber_id, serialNumber, production_date, factory_id, sku_id, s_measure_id) values (472, 'JN1AZ4EH0FM473630', '27-Jun-2023', 35, 48, 30);
    insert into Stock (serialNumber_id, serialNumber, production_date, factory_id, sku_id, s_measure_id) values (473, 'WBABV13476J764135', '01-Jan-2022', 78, 19, 331);
    insert into Stock (serialNumber_id, serialNumber, production_date, factory_id, sku_id, s_measure_id) values (474, '1GYS4EEJ7DR848948', '24-Dec-2021', 39, 16, 140);
    insert into Stock (serialNumber_id, serialNumber, production_date, factory_id, sku_id, s_measure_id) values (475, 'WAURV78T88A684802', '31-Jan-2022', 56, 25, 225);
    insert into Stock (serialNumber_id, serialNumber, production_date, factory_id, sku_id, s_measure_id) values (476, 'WBAVC53518A202513', '02-Feb-2023', 97, 95, 400);
    insert into Stock (serialNumber_id, serialNumber, production_date, factory_id, sku_id, s_measure_id) values (477, 'WA1UFAFL4EA764064', '17-Jan-2020', 49, 51, 377);
    insert into Stock (serialNumber_id, serialNumber, production_date, factory_id, sku_id, s_measure_id) values (478, 'WBA3C3C55FK143730', '30-Nov-2021', 34, 46, 340);
    insert into Stock (serialNumber_id, serialNumber, production_date, factory_id, sku_id, s_measure_id) values (479, 'WBAPK53519A102814', '22-Aug-2020', 33, 70, 148);
    insert into Stock (serialNumber_id, serialNumber, production_date, factory_id, sku_id, s_measure_id) values (480, 'SAJWA0FA7AH680913', '29-Jun-2021', 46, 76, 283);
    insert into Stock (serialNumber_id, serialNumber, production_date, factory_id, sku_id, s_measure_id) values (481, '2G4GU5EV2C9276481', '02-May-2020', 88, 6, 299);
    insert into Stock (serialNumber_id, serialNumber, production_date, factory_id, sku_id, s_measure_id) values (482, '1GKS1AE04BR565777', '28-May-2022', 92, 50, 289);
    insert into Stock (serialNumber_id, serialNumber, production_date, factory_id, sku_id, s_measure_id) values (483, '1HGCP2E34AA010096', '30-Apr-2020', 59, 39, 299);
    insert into Stock (serialNumber_id, serialNumber, production_date, factory_id, sku_id, s_measure_id) values (484, 'WAUDC68D41A575844', '12-Jan-2021', 11, 70, 253);
    insert into Stock (serialNumber_id, serialNumber, production_date, factory_id, sku_id, s_measure_id) values (485, '5UXFF0C56AL277119', '19-Dec-2021', 8, 6, 9);
    insert into Stock (serialNumber_id, serialNumber, production_date, factory_id, sku_id, s_measure_id) values (486, '5GAKRAEDXCJ938880', '15-Mar-2023', 66, 17, 327);
    insert into Stock (serialNumber_id, serialNumber, production_date, factory_id, sku_id, s_measure_id) values (487, '2T1KU4EE6DC986400', '29-Jun-2023', 93, 6, 502);
    insert into Stock (serialNumber_id, serialNumber, production_date, factory_id, sku_id, s_measure_id) values (488, '1G6DS8E38D0068620', '01-Mar-2023', 75, 39, 302);
    insert into Stock (serialNumber_id, serialNumber, production_date, factory_id, sku_id, s_measure_id) values (489, 'SAJWA8JH0EM678985', '28-Apr-2020', 46, 66, 577);
    insert into Stock (serialNumber_id, serialNumber, production_date, factory_id, sku_id, s_measure_id) values (490, 'WAU3FAFR2CA237205', '10-Jul-2023', 77, 43, 111);
    insert into Stock (serialNumber_id, serialNumber, production_date, factory_id, sku_id, s_measure_id) values (491, '1FTEW1CM5DK891855', '13-Sep-2020', 57, 83, 647);
    insert into Stock (serialNumber_id, serialNumber, production_date, factory_id, sku_id, s_measure_id) values (492, '1GKS1HE01ER783947', '23-Aug-2022', 16, 68, 641);
    insert into Stock (serialNumber_id, serialNumber, production_date, factory_id, sku_id, s_measure_id) values (493, '1N6AD0CU0AC079111', '10-Aug-2021', 28, 25, 397);
    insert into Stock (serialNumber_id, serialNumber, production_date, factory_id, sku_id, s_measure_id) values (494, '2G4WS52J221914566', '29-Jul-2020', 64, 78, 162);
    insert into Stock (serialNumber_id, serialNumber, production_date, factory_id, sku_id, s_measure_id) values (495, 'WAUBH78E16A638106', '11-May-2023', 4, 90, 166);
    insert into Stock (serialNumber_id, serialNumber, production_date, factory_id, sku_id, s_measure_id) values (496, '1C6RD7JT3CS437309', '27-Dec-2020', 86, 77, 689);
    insert into Stock (serialNumber_id, serialNumber, production_date, factory_id, sku_id, s_measure_id) values (497, 'JN1BJ0HR1DM705254', '13-Aug-2023', 63, 43, 30);
    insert into Stock (serialNumber_id, serialNumber, production_date, factory_id, sku_id, s_measure_id) values (498, '2T1BURHE3EC064709', '02-Sep-2022', 63, 38, 472);
    insert into Stock (serialNumber_id, serialNumber, production_date, factory_id, sku_id, s_measure_id) values (499, 'WAUSH78E68A697199', '12-Jan-2020', 10, 27, 8);
    insert into Stock (serialNumber_id, serialNumber, production_date, factory_id, sku_id, s_measure_id) values (500, 'JTDJTUD36ED758402', '11-Aug-2023', 57, 31, 272);
    insert into Stock (serialNumber_id, serialNumber, production_date, factory_id, sku_id, s_measure_id) values (501, 'JHMZF1C62FS154748', '12-Apr-2023', 81, 13, 2);
    insert into Stock (serialNumber_id, serialNumber, production_date, factory_id, sku_id, s_measure_id) values (502, 'WAULD54B44N550186', '23-Jan-2022', 99, 65, 583);
    insert into Stock (serialNumber_id, serialNumber, production_date, factory_id, sku_id, s_measure_id) values (503, '5GAKRCKD4EJ735924', '03-Jul-2021', 77, 23, 618);
    insert into Stock (serialNumber_id, serialNumber, production_date, factory_id, sku_id, s_measure_id) values (504, 'JHMFA3F2XBS742980', '01-Feb-2021', 91, 25, 512);
    insert into Stock (serialNumber_id, serialNumber, production_date, factory_id, sku_id, s_measure_id) values (505, '5BZAF0AA3FN461876', '02-Jan-2024', 6, 30, 619);
    insert into Stock (serialNumber_id, serialNumber, production_date, factory_id, sku_id, s_measure_id) values (506, '5BZBF0AA1FN974838', '23-Nov-2019', 24, 68, 256);
    insert into Stock (serialNumber_id, serialNumber, production_date, factory_id, sku_id, s_measure_id) values (507, 'JTHBE1BL9FA143246', '03-May-2021', 84, 20, 665);
    insert into Stock (serialNumber_id, serialNumber, production_date, factory_id, sku_id, s_measure_id) values (508, '1D7CW2GK4AS352878', '29-Oct-2023', 87, 89, 365);
    insert into Stock (serialNumber_id, serialNumber, production_date, factory_id, sku_id, s_measure_id) values (509, 'JM1CR2W37A0188789', '22-Nov-2019', 68, 59, 463);
    insert into Stock (serialNumber_id, serialNumber, production_date, factory_id, sku_id, s_measure_id) values (510, 'WA1MKBFP7AA973359', '06-Jun-2021', 89, 80, 453);
    insert into Stock (serialNumber_id, serialNumber, production_date, factory_id, sku_id, s_measure_id) values (511, 'WAUDN74F38N033726', '10-Aug-2022', 40, 83, 121);
    insert into Stock (serialNumber_id, serialNumber, production_date, factory_id, sku_id, s_measure_id) values (512, '1N6AA0CH4EN084804', '23-Nov-2023', 67, 85, 155);
    insert into Stock (serialNumber_id, serialNumber, production_date, factory_id, sku_id, s_measure_id) values (513, 'WA1AY94L98D066079', '19-Nov-2023', 97, 65, 591);
    insert into Stock (serialNumber_id, serialNumber, production_date, factory_id, sku_id, s_measure_id) values (514, '1YVHZ8BH8D5900769', '21-Dec-2020', 36, 64, 111);
    insert into Stock (serialNumber_id, serialNumber, production_date, factory_id, sku_id, s_measure_id) values (515, '3VW517AT8FM480814', '22-Aug-2023', 91, 54, 354);
    insert into Stock (serialNumber_id, serialNumber, production_date, factory_id, sku_id, s_measure_id) values (516, 'JH4KA96531C624290', '07-Jun-2020', 53, 40, 606);
    insert into Stock (serialNumber_id, serialNumber, production_date, factory_id, sku_id, s_measure_id) values (517, '1D7RB1CP8AS656331', '17-Jun-2021', 70, 93, 158);
    insert into Stock (serialNumber_id, serialNumber, production_date, factory_id, sku_id, s_measure_id) values (518, '1G6KD57Y87U015597', '26-Nov-2022', 29, 30, 607);
    insert into Stock (serialNumber_id, serialNumber, production_date, factory_id, sku_id, s_measure_id) values (519, '2C3CDXEJ9CH682876', '11-Jan-2022', 87, 28, 471);
    insert into Stock (serialNumber_id, serialNumber, production_date, factory_id, sku_id, s_measure_id) values (520, 'WUADUAFGXAN021431', '22-Jul-2021', 19, 37, 617);
    insert into Stock (serialNumber_id, serialNumber, production_date, factory_id, sku_id, s_measure_id) values (521, 'SALAB2V67EA583085', '15-Mar-2021', 53, 1, 198);
    insert into Stock (serialNumber_id, serialNumber, production_date, factory_id, sku_id, s_measure_id) values (522, '1GTC5MF97C8559529', '01-Nov-2020', 87, 75, 470);
    insert into Stock (serialNumber_id, serialNumber, production_date, factory_id, sku_id, s_measure_id) values (523, '1G6DW6ED6B0106926', '27-May-2020', 15, 49, 378);
    insert into Stock (serialNumber_id, serialNumber, production_date, factory_id, sku_id, s_measure_id) values (524, 'JH4CL95887C630508', '29-May-2021', 21, 41, 669);
    insert into Stock (serialNumber_id, serialNumber, production_date, factory_id, sku_id, s_measure_id) values (525, 'WAUED64B41N893249', '05-Aug-2020', 29, 1, 251);
    insert into Stock (serialNumber_id, serialNumber, production_date, factory_id, sku_id, s_measure_id) values (526, '1GYS3MKJ5FR939205', '08-Apr-2021', 66, 43, 595);
    insert into Stock (serialNumber_id, serialNumber, production_date, factory_id, sku_id, s_measure_id) values (527, 'JN1CV6EK5AM866611', '27-Sep-2023', 53, 73, 91);
    insert into Stock (serialNumber_id, serialNumber, production_date, factory_id, sku_id, s_measure_id) values (528, 'WA1LFBFP3BA988619', '27-Aug-2020', 1, 53, 155);
    insert into Stock (serialNumber_id, serialNumber, production_date, factory_id, sku_id, s_measure_id) values (529, '1C3BC5ED8AN699993', '07-Dec-2021', 49, 34, 113);
    insert into Stock (serialNumber_id, serialNumber, production_date, factory_id, sku_id, s_measure_id) values (530, '4JGDF2EE1DA287960', '10-Feb-2020', 32, 39, 241);
    insert into Stock (serialNumber_id, serialNumber, production_date, factory_id, sku_id, s_measure_id) values (531, 'SCBCR73W77C888978', '26-May-2022', 83, 70, 100);
    insert into Stock (serialNumber_id, serialNumber, production_date, factory_id, sku_id, s_measure_id) values (532, '2T1BURHE4EC473169', '25-May-2020', 34, 29, 85);
    insert into Stock (serialNumber_id, serialNumber, production_date, factory_id, sku_id, s_measure_id) values (533, '1G6AG5RX4D0948438', '02-Sep-2020', 79, 94, 602);
    insert into Stock (serialNumber_id, serialNumber, production_date, factory_id, sku_id, s_measure_id) values (534, 'WAUED64B41N633420', '01-Mar-2020', 12, 90, 659);
    insert into Stock (serialNumber_id, serialNumber, production_date, factory_id, sku_id, s_measure_id) values (535, '2G4GS5EV0C9150674', '30-Nov-2023', 7, 70, 115);
    insert into Stock (serialNumber_id, serialNumber, production_date, factory_id, sku_id, s_measure_id) values (536, 'JH4CU2E80EC989630', '24-May-2023', 46, 74, 331);
    insert into Stock (serialNumber_id, serialNumber, production_date, factory_id, sku_id, s_measure_id) values (537, '2FMGK5BC6CB248035', '25-Apr-2022', 96, 29, 334);
    insert into Stock (serialNumber_id, serialNumber, production_date, factory_id, sku_id, s_measure_id) values (538, '1HGCR6F56FA744229', '11-Feb-2023', 10, 79, 314);
    insert into Stock (serialNumber_id, serialNumber, production_date, factory_id, sku_id, s_measure_id) values (539, 'JM1GJ1T55E1336933', '28-Nov-2023', 26, 87, 562);
    insert into Stock (serialNumber_id, serialNumber, production_date, factory_id, sku_id, s_measure_id) values (540, '1G6DA67V580195434', '13-Oct-2022', 26, 64, 498);
    insert into Stock (serialNumber_id, serialNumber, production_date, factory_id, sku_id, s_measure_id) values (541, '19XFB4F24FE329692', '27-Jun-2020', 38, 36, 300);
    insert into Stock (serialNumber_id, serialNumber, production_date, factory_id, sku_id, s_measure_id) values (542, 'WVWAP7AN7EE809461', '09-Nov-2022', 31, 76, 142);
    insert into Stock (serialNumber_id, serialNumber, production_date, factory_id, sku_id, s_measure_id) values (543, 'SCBLF34F63C466646', '24-Aug-2021', 74, 89, 569);
    insert into Stock (serialNumber_id, serialNumber, production_date, factory_id, sku_id, s_measure_id) values (544, '1G4GA5GC9BF008716', '26-Mar-2020', 7, 19, 337);
    insert into Stock (serialNumber_id, serialNumber, production_date, factory_id, sku_id, s_measure_id) values (545, '1FTEW1C8XAF895620', '29-Jul-2023', 80, 15, 146);
    insert into Stock (serialNumber_id, serialNumber, production_date, factory_id, sku_id, s_measure_id) values (546, 'SCBZB25E72C350750', '18-Sep-2021', 85, 29, 87);
    insert into Stock (serialNumber_id, serialNumber, production_date, factory_id, sku_id, s_measure_id) values (547, 'ZHWGU5BZ6CL656824', '30-Oct-2020', 74, 11, 140);
    insert into Stock (serialNumber_id, serialNumber, production_date, factory_id, sku_id, s_measure_id) values (548, 'SCFEBBBC6AG019603', '26-Sep-2022', 97, 24, 626);
    insert into Stock (serialNumber_id, serialNumber, production_date, factory_id, sku_id, s_measure_id) values (549, 'WAUSF98E27A430593', '01-Dec-2020', 6, 6, 224);
    insert into Stock (serialNumber_id, serialNumber, production_date, factory_id, sku_id, s_measure_id) values (550, 'WBXPC93418W525749', '21-Aug-2020', 60, 18, 295);
    insert into Stock (serialNumber_id, serialNumber, production_date, factory_id, sku_id, s_measure_id) values (551, '1GD01ZCG7DF595471', '27-Jan-2022', 51, 27, 573);
    insert into Stock (serialNumber_id, serialNumber, production_date, factory_id, sku_id, s_measure_id) values (552, '1G6KD57996U417880', '05-Dec-2019', 50, 51, 270);
    insert into Stock (serialNumber_id, serialNumber, production_date, factory_id, sku_id, s_measure_id) values (553, 'WAUWFAFLXBA961070', '27-Sep-2020', 72, 75, 111);
    insert into Stock (serialNumber_id, serialNumber, production_date, factory_id, sku_id, s_measure_id) values (554, 'JN1AZ4FH9FM504646', '26-Sep-2022', 60, 24, 554);
    insert into Stock (serialNumber_id, serialNumber, production_date, factory_id, sku_id, s_measure_id) values (555, '1G6AP5SX4F0887489', '12-Jan-2020', 1, 16, 667);
    insert into Stock (serialNumber_id, serialNumber, production_date, factory_id, sku_id, s_measure_id) values (556, '4T1BF1FK7EU617462', '02-Mar-2020', 73, 17, 188);
    insert into Stock (serialNumber_id, serialNumber, production_date, factory_id, sku_id, s_measure_id) values (557, '3N1AB6AP3CL874219', '16-Nov-2021', 51, 64, 63);
    insert into Stock (serialNumber_id, serialNumber, production_date, factory_id, sku_id, s_measure_id) values (558, 'WA1KK98R99A778499', '31-Jan-2021', 36, 30, 347);
    insert into Stock (serialNumber_id, serialNumber, production_date, factory_id, sku_id, s_measure_id) values (559, '1D7RV1CT0AS993399', '26-May-2023', 93, 84, 272);
    insert into Stock (serialNumber_id, serialNumber, production_date, factory_id, sku_id, s_measure_id) values (560, 'WA1DGAFE9ED389043', '22-Feb-2023', 16, 18, 555);
    insert into Stock (serialNumber_id, serialNumber, production_date, factory_id, sku_id, s_measure_id) values (561, '3C63D3CL2CG284893', '19-Sep-2023', 77, 31, 321);
    insert into Stock (serialNumber_id, serialNumber, production_date, factory_id, sku_id, s_measure_id) values (562, 'WBAUU3C52CA349784', '09-Apr-2020', 89, 13, 307);
    insert into Stock (serialNumber_id, serialNumber, production_date, factory_id, sku_id, s_measure_id) values (563, 'JN8AE2KP1B9030574', '28-Jul-2022', 45, 8, 479);
    insert into Stock (serialNumber_id, serialNumber, production_date, factory_id, sku_id, s_measure_id) values (564, '1GD21XEG1FZ068926', '11-Oct-2020', 17, 85, 169);
    insert into Stock (serialNumber_id, serialNumber, production_date, factory_id, sku_id, s_measure_id) values (565, 'WBAWR33557P199442', '11-Dec-2020', 53, 36, 695);
    insert into Stock (serialNumber_id, serialNumber, production_date, factory_id, sku_id, s_measure_id) values (566, 'WBAEV53462K427562', '20-Aug-2023', 70, 52, 67);
    insert into Stock (serialNumber_id, serialNumber, production_date, factory_id, sku_id, s_measure_id) values (567, 'WAUDF98E46A301844', '10-Feb-2021', 95, 70, 488);
    insert into Stock (serialNumber_id, serialNumber, production_date, factory_id, sku_id, s_measure_id) values (568, 'JA4AS2AW9CU743910', '02-Apr-2022', 83, 69, 104);
    insert into Stock (serialNumber_id, serialNumber, production_date, factory_id, sku_id, s_measure_id) values (569, '3VW517AT1EM358844', '19-Jun-2020', 34, 72, 590);
    insert into Stock (serialNumber_id, serialNumber, production_date, factory_id, sku_id, s_measure_id) values (570, 'WAUDH98E47A227952', '13-Sep-2020', 18, 41, 129);
    insert into Stock (serialNumber_id, serialNumber, production_date, factory_id, sku_id, s_measure_id) values (571, '5TDDW5G11FS215324', '08-Aug-2022', 10, 28, 394);
    insert into Stock (serialNumber_id, serialNumber, production_date, factory_id, sku_id, s_measure_id) values (572, '1G4GB5EG2AF981356', '25-Dec-2023', 89, 73, 248);
    insert into Stock (serialNumber_id, serialNumber, production_date, factory_id, sku_id, s_measure_id) values (573, '5UXZV4C51D0263609', '27-Oct-2022', 37, 35, 397);
    insert into Stock (serialNumber_id, serialNumber, production_date, factory_id, sku_id, s_measure_id) values (574, 'WBAKA4C51CC281004', '02-Nov-2022', 10, 29, 484);
    insert into Stock (serialNumber_id, serialNumber, production_date, factory_id, sku_id, s_measure_id) values (575, 'YV4952CZ8E1006058', '01-Feb-2023', 33, 20, 300);
    insert into Stock (serialNumber_id, serialNumber, production_date, factory_id, sku_id, s_measure_id) values (576, '1C4SDHCT1FC554737', '26-Aug-2021', 25, 72, 81);
    insert into Stock (serialNumber_id, serialNumber, production_date, factory_id, sku_id, s_measure_id) values (577, 'WAUDK78T39A142771', '30-Jun-2021', 59, 93, 90);
    insert into Stock (serialNumber_id, serialNumber, production_date, factory_id, sku_id, s_measure_id) values (578, 'WAUWKAFR7AA688829', '09-May-2023', 81, 13, 598);
    insert into Stock (serialNumber_id, serialNumber, production_date, factory_id, sku_id, s_measure_id) values (579, '5FRYD4H6XGB917335', '21-May-2023', 72, 84, 113);
    insert into Stock (serialNumber_id, serialNumber, production_date, factory_id, sku_id, s_measure_id) values (580, '1FMJK1F55AE031846', '20-Jan-2023', 14, 5, 633);
    insert into Stock (serialNumber_id, serialNumber, production_date, factory_id, sku_id, s_measure_id) values (581, 'WBA3B5C59DF240868', '21-Jun-2022', 6, 66, 198);
    insert into Stock (serialNumber_id, serialNumber, production_date, factory_id, sku_id, s_measure_id) values (582, 'WBABN33402P424974', '30-Apr-2020', 6, 78, 445);
    insert into Stock (serialNumber_id, serialNumber, production_date, factory_id, sku_id, s_measure_id) values (583, '1C4AJWAG1FL647904', '26-Aug-2020', 40, 11, 648);
    insert into Stock (serialNumber_id, serialNumber, production_date, factory_id, sku_id, s_measure_id) values (584, '1G6AC5SXXF0454738', '07-Jan-2021', 20, 83, 415);
    insert into Stock (serialNumber_id, serialNumber, production_date, factory_id, sku_id, s_measure_id) values (585, '1FTSF3A52AE511813', '20-Mar-2021', 5, 54, 163);
    insert into Stock (serialNumber_id, serialNumber, production_date, factory_id, sku_id, s_measure_id) values (586, '1GYUKHEF1AR891821', '31-May-2020', 91, 21, 469);
    insert into Stock (serialNumber_id, serialNumber, production_date, factory_id, sku_id, s_measure_id) values (587, 'WA1WMAFEXAD633407', '09-Nov-2022', 31, 50, 162);
    insert into Stock (serialNumber_id, serialNumber, production_date, factory_id, sku_id, s_measure_id) values (588, 'WAUBC48H16K368571', '28-Apr-2023', 1, 41, 363);
    insert into Stock (serialNumber_id, serialNumber, production_date, factory_id, sku_id, s_measure_id) values (589, 'WAUMF68P06A223546', '06-Jan-2020', 17, 79, 646);
    insert into Stock (serialNumber_id, serialNumber, production_date, factory_id, sku_id, s_measure_id) values (590, '1N4AL2AP8BN069422', '19-Jun-2020', 65, 79, 27);
    insert into Stock (serialNumber_id, serialNumber, production_date, factory_id, sku_id, s_measure_id) values (591, 'JM1GJ1T56E1792343', '22-Dec-2022', 100, 4, 631);
    insert into Stock (serialNumber_id, serialNumber, production_date, factory_id, sku_id, s_measure_id) values (592, 'WA1WMAFE1DD959245', '16-Aug-2022', 18, 22, 566);
    insert into Stock (serialNumber_id, serialNumber, production_date, factory_id, sku_id, s_measure_id) values (593, 'YV1902MC2F1251039', '11-Jul-2023', 19, 3, 63);
    insert into Stock (serialNumber_id, serialNumber, production_date, factory_id, sku_id, s_measure_id) values (594, 'JN8AZ1MU9DW369251', '18-Mar-2020', 86, 85, 574);
    insert into Stock (serialNumber_id, serialNumber, production_date, factory_id, sku_id, s_measure_id) values (595, 'YV1622FS6C2516262', '20-Mar-2021', 66, 18, 595);
    insert into Stock (serialNumber_id, serialNumber, production_date, factory_id, sku_id, s_measure_id) values (596, '3N1AB6AP2CL412864', '01-Feb-2021', 84, 26, 649);
    insert into Stock (serialNumber_id, serialNumber, production_date, factory_id, sku_id, s_measure_id) values (597, '1N4AL2APXCN299626', '02-Oct-2023', 99, 85, 478);
    insert into Stock (serialNumber_id, serialNumber, production_date, factory_id, sku_id, s_measure_id) values (598, 'WA1DGAFE0DD401238', '15-Jul-2022', 21, 46, 201);
    insert into Stock (serialNumber_id, serialNumber, production_date, factory_id, sku_id, s_measure_id) values (599, 'KNAFU5A27B5170449', '17-Jan-2022', 85, 22, 177);
    insert into Stock (serialNumber_id, serialNumber, production_date, factory_id, sku_id, s_measure_id) values (600, '1D7RE3GK6AS589133', '29-Dec-2021', 51, 78, 315);
    insert into Stock (serialNumber_id, serialNumber, production_date, factory_id, sku_id, s_measure_id) values (601, '5J6TF1H30DL630017', '07-Nov-2021', 44, 22, 406);
    insert into Stock (serialNumber_id, serialNumber, production_date, factory_id, sku_id, s_measure_id) values (602, '1FM5K7B84EG342389', '05-Feb-2020', 6, 35, 368);
    insert into Stock (serialNumber_id, serialNumber, production_date, factory_id, sku_id, s_measure_id) values (603, '3N1CN7AP5EL201389', '27-Aug-2021', 56, 62, 264);
    insert into Stock (serialNumber_id, serialNumber, production_date, factory_id, sku_id, s_measure_id) values (604, 'JTHBW1GG3E2342309', '15-Jun-2022', 58, 82, 520);
    insert into Stock (serialNumber_id, serialNumber, production_date, factory_id, sku_id, s_measure_id) values (605, '2T1BU4EEXDC252116', '03-Sep-2022', 16, 82, 276);
    insert into Stock (serialNumber_id, serialNumber, production_date, factory_id, sku_id, s_measure_id) values (606, 'WBA3V7C57FP562876', '05-Jun-2023', 53, 65, 187);
    insert into Stock (serialNumber_id, serialNumber, production_date, factory_id, sku_id, s_measure_id) values (607, 'JTDJTUD34DD720696', '18-Sep-2023', 36, 47, 612);
    insert into Stock (serialNumber_id, serialNumber, production_date, factory_id, sku_id, s_measure_id) values (608, 'WAUJC68E75A336922', '14-Jun-2020', 63, 50, 271);
    insert into Stock (serialNumber_id, serialNumber, production_date, factory_id, sku_id, s_measure_id) values (609, 'WBAFR7C51DC894267', '06-Dec-2020', 25, 15, 485);
    insert into Stock (serialNumber_id, serialNumber, production_date, factory_id, sku_id, s_measure_id) values (610, 'WBAVC53567A634612', '09-Jan-2021', 78, 76, 186);
    insert into Stock (serialNumber_id, serialNumber, production_date, factory_id, sku_id, s_measure_id) values (611, '19UUA66284A065299', '15-Aug-2022', 38, 58, 176);
    insert into Stock (serialNumber_id, serialNumber, production_date, factory_id, sku_id, s_measure_id) values (612, 'KMHGC4DE3AU186870', '25-Dec-2023', 32, 85, 181);
    insert into Stock (serialNumber_id, serialNumber, production_date, factory_id, sku_id, s_measure_id) values (613, 'WA1WKBFP3BA767031', '20-Sep-2020', 18, 24, 405);
    insert into Stock (serialNumber_id, serialNumber, production_date, factory_id, sku_id, s_measure_id) values (614, '5J8TB4H73GL852188', '05-Jan-2023', 24, 48, 366);
    insert into Stock (serialNumber_id, serialNumber, production_date, factory_id, sku_id, s_measure_id) values (615, 'SCBBR9ZA7CC949646', '18-Apr-2023', 87, 26, 180);
    insert into Stock (serialNumber_id, serialNumber, production_date, factory_id, sku_id, s_measure_id) values (616, 'JH4NA21651T179328', '20-Jun-2021', 98, 87, 22);
    insert into Stock (serialNumber_id, serialNumber, production_date, factory_id, sku_id, s_measure_id) values (617, '3GYFNJE61BS084754', '10-May-2020', 20, 82, 658);
    insert into Stock (serialNumber_id, serialNumber, production_date, factory_id, sku_id, s_measure_id) values (618, '1FTEW1C84AK449857', '24-Jul-2020', 80, 50, 251);
    insert into Stock (serialNumber_id, serialNumber, production_date, factory_id, sku_id, s_measure_id) values (619, 'WAUJT58E72A565686', '25-Nov-2022', 85, 35, 271);
    insert into Stock (serialNumber_id, serialNumber, production_date, factory_id, sku_id, s_measure_id) values (620, '2C4RDGCG0CR422289', '01-Feb-2020', 12, 64, 497);
    insert into Stock (serialNumber_id, serialNumber, production_date, factory_id, sku_id, s_measure_id) values (621, '2HNYD18816H642250', '20-Jul-2023', 67, 40, 421);
    insert into Stock (serialNumber_id, serialNumber, production_date, factory_id, sku_id, s_measure_id) values (622, '1GYFK43509R009321', '11-Aug-2022', 48, 81, 446);
    insert into Stock (serialNumber_id, serialNumber, production_date, factory_id, sku_id, s_measure_id) values (623, 'WP1AA2A21BL671929', '03-Jul-2023', 14, 24, 252);
    insert into Stock (serialNumber_id, serialNumber, production_date, factory_id, sku_id, s_measure_id) values (624, '3D7TP2CT2AG499607', '15-Feb-2020', 64, 42, 264);
    insert into Stock (serialNumber_id, serialNumber, production_date, factory_id, sku_id, s_measure_id) values (625, 'YV4902NCXF1373701', '23-Jul-2022', 36, 83, 19);
    insert into Stock (serialNumber_id, serialNumber, production_date, factory_id, sku_id, s_measure_id) values (626, 'WBAKE3C52CE058828', '08-Nov-2020', 34, 8, 326);
    insert into Stock (serialNumber_id, serialNumber, production_date, factory_id, sku_id, s_measure_id) values (627, '1G6KD57Y86U506573', '28-Mar-2023', 45, 6, 127);
    insert into Stock (serialNumber_id, serialNumber, production_date, factory_id, sku_id, s_measure_id) values (628, '4A31K3DT1AE915896', '24-Oct-2022', 25, 21, 207);
    insert into Stock (serialNumber_id, serialNumber, production_date, factory_id, sku_id, s_measure_id) values (629, '2G4GT5GC4B9747320', '06-Mar-2023', 82, 17, 249);
    insert into Stock (serialNumber_id, serialNumber, production_date, factory_id, sku_id, s_measure_id) values (630, 'WAUWFBFL7BA033402', '07-Apr-2020', 9, 27, 35);
    insert into Stock (serialNumber_id, serialNumber, production_date, factory_id, sku_id, s_measure_id) values (631, 'JN1EY1AP8DM003584', '11-Oct-2021', 12, 85, 174);
    insert into Stock (serialNumber_id, serialNumber, production_date, factory_id, sku_id, s_measure_id) values (632, '2C3CDXDT0EH327519', '31-Aug-2022', 38, 18, 261);
    insert into Stock (serialNumber_id, serialNumber, production_date, factory_id, sku_id, s_measure_id) values (633, 'WAUHF78P18A779438', '29-Mar-2023', 48, 36, 642);
    insert into Stock (serialNumber_id, serialNumber, production_date, factory_id, sku_id, s_measure_id) values (634, 'WBAXG5C52CD884273', '16-Sep-2023', 23, 88, 358);
    insert into Stock (serialNumber_id, serialNumber, production_date, factory_id, sku_id, s_measure_id) values (635, '4T1BK3DB8AU489429', '27-Feb-2020', 24, 74, 102);
    insert into Stock (serialNumber_id, serialNumber, production_date, factory_id, sku_id, s_measure_id) values (636, '5YMKT6C57F0202182', '20-Dec-2021', 66, 13, 535);
    insert into Stock (serialNumber_id, serialNumber, production_date, factory_id, sku_id, s_measure_id) values (637, '2FMDK3AC1AB736136', '08-Sep-2022', 11, 50, 296);
    insert into Stock (serialNumber_id, serialNumber, production_date, factory_id, sku_id, s_measure_id) values (638, '1G4PP5SK8C4165146', '30-Mar-2023', 10, 36, 693);
    insert into Stock (serialNumber_id, serialNumber, production_date, factory_id, sku_id, s_measure_id) values (639, '1GKS1KE08ER664631', '12-May-2022', 97, 13, 237);
    insert into Stock (serialNumber_id, serialNumber, production_date, factory_id, sku_id, s_measure_id) values (640, '1HGCR2E71FA907882', '02-Jan-2022', 41, 90, 194);
    insert into Stock (serialNumber_id, serialNumber, production_date, factory_id, sku_id, s_measure_id) values (641, '4JGDA2EB5CA746202', '18-Nov-2021', 86, 40, 6);
    insert into Stock (serialNumber_id, serialNumber, production_date, factory_id, sku_id, s_measure_id) values (642, 'WAUBF98E87A040064', '17-Sep-2020', 69, 88, 673);
    insert into Stock (serialNumber_id, serialNumber, production_date, factory_id, sku_id, s_measure_id) values (643, '19XFB4F20FE063362', '07-Feb-2022', 21, 10, 645);
    insert into Stock (serialNumber_id, serialNumber, production_date, factory_id, sku_id, s_measure_id) values (644, 'WDDGF5EB2BA498032', '28-Jan-2020', 61, 72, 495);
    insert into Stock (serialNumber_id, serialNumber, production_date, factory_id, sku_id, s_measure_id) values (645, 'ZHWGU5BR9EL938037', '26-Jun-2020', 34, 29, 670);
    insert into Stock (serialNumber_id, serialNumber, production_date, factory_id, sku_id, s_measure_id) values (646, '5NPDH4AE4BH967678', '07-Mar-2022', 72, 16, 77);
    insert into Stock (serialNumber_id, serialNumber, production_date, factory_id, sku_id, s_measure_id) values (647, '1FTEX1CM2BF408177', '16-Jun-2020', 4, 31, 94);
    insert into Stock (serialNumber_id, serialNumber, production_date, factory_id, sku_id, s_measure_id) values (648, 'WAUJT68E25A587962', '08-Dec-2019', 37, 55, 342);
    insert into Stock (serialNumber_id, serialNumber, production_date, factory_id, sku_id, s_measure_id) values (649, 'WAUNF98P08A541773', '28-Aug-2023', 42, 20, 362);
    insert into Stock (serialNumber_id, serialNumber, production_date, factory_id, sku_id, s_measure_id) values (650, '1G6AM5S39F0721040', '20-Oct-2022', 98, 22, 92);
    insert into Stock (serialNumber_id, serialNumber, production_date, factory_id, sku_id, s_measure_id) values (651, 'SAJWA4FBXCL776437', '19-May-2021', 72, 31, 676);
    insert into Stock (serialNumber_id, serialNumber, production_date, factory_id, sku_id, s_measure_id) values (652, '2FMGK5DC7AB277845', '31-Jul-2023', 28, 1, 547);
    insert into Stock (serialNumber_id, serialNumber, production_date, factory_id, sku_id, s_measure_id) values (653, 'JN8AF5MR7CT853222', '26-Apr-2023', 2, 74, 351);
    insert into Stock (serialNumber_id, serialNumber, production_date, factory_id, sku_id, s_measure_id) values (654, 'JH4CW2H57CC562485', '28-May-2021', 60, 57, 40);
    insert into Stock (serialNumber_id, serialNumber, production_date, factory_id, sku_id, s_measure_id) values (655, 'SCBCP7ZA2AC503416', '02-May-2023', 59, 11, 515);
    insert into Stock (serialNumber_id, serialNumber, production_date, factory_id, sku_id, s_measure_id) values (656, '5UXFG8C51AL400837', '10-Feb-2021', 98, 54, 333);
    insert into Stock (serialNumber_id, serialNumber, production_date, factory_id, sku_id, s_measure_id) values (657, '3D73M3HL3BG545311', '30-Jul-2023', 77, 41, 233);
    insert into Stock (serialNumber_id, serialNumber, production_date, factory_id, sku_id, s_measure_id) values (658, 'WDDGF5EB4BR745178', '07-Feb-2022', 35, 7, 147);
    insert into Stock (serialNumber_id, serialNumber, production_date, factory_id, sku_id, s_measure_id) values (659, 'WAUCFAFH7DN185183', '11-Dec-2019', 79, 4, 266);
    insert into Stock (serialNumber_id, serialNumber, production_date, factory_id, sku_id, s_measure_id) values (660, 'WAUKGAFB2AN319095', '27-Jul-2021', 23, 27, 551);
    insert into Stock (serialNumber_id, serialNumber, production_date, factory_id, sku_id, s_measure_id) values (661, '3D73M4CL4AG458044', '22-Apr-2021', 68, 66, 438);
    insert into Stock (serialNumber_id, serialNumber, production_date, factory_id, sku_id, s_measure_id) values (662, '1D7RE3GK9BS920921', '19-Dec-2022', 49, 43, 483);
    insert into Stock (serialNumber_id, serialNumber, production_date, factory_id, sku_id, s_measure_id) values (663, '4T3BA3BB6EU692743', '02-Jun-2020', 38, 78, 413);
    insert into Stock (serialNumber_id, serialNumber, production_date, factory_id, sku_id, s_measure_id) values (664, 'WVGAV7AX5FW399094', '19-Feb-2023', 11, 4, 471);
    insert into Stock (serialNumber_id, serialNumber, production_date, factory_id, sku_id, s_measure_id) values (665, 'JN1CV6EK6EM949132', '27-Mar-2022', 9, 94, 86);
    insert into Stock (serialNumber_id, serialNumber, production_date, factory_id, sku_id, s_measure_id) values (666, 'WDDGF4HB4EG210471', '10-Dec-2020', 89, 54, 238);
    insert into Stock (serialNumber_id, serialNumber, production_date, factory_id, sku_id, s_measure_id) values (667, '4A31K2DF5CE284884', '10-Feb-2020', 66, 28, 589);
    insert into Stock (serialNumber_id, serialNumber, production_date, factory_id, sku_id, s_measure_id) values (668, 'WAUKH98E78A720131', '02-Oct-2023', 54, 6, 559);
    insert into Stock (serialNumber_id, serialNumber, production_date, factory_id, sku_id, s_measure_id) values (669, 'WUADNAFG9BN553493', '07-Aug-2020', 78, 84, 578);
    insert into Stock (serialNumber_id, serialNumber, production_date, factory_id, sku_id, s_measure_id) values (670, 'YV1902FH6B2556010', '22-Nov-2023', 97, 93, 587);
    insert into Stock (serialNumber_id, serialNumber, production_date, factory_id, sku_id, s_measure_id) values (671, '1GYS3NKJ4FR950881', '20-Dec-2019', 38, 30, 100);
    insert into Stock (serialNumber_id, serialNumber, production_date, factory_id, sku_id, s_measure_id) values (672, 'JHMZF1D42DS567862', '30-Mar-2021', 26, 93, 26);
    insert into Stock (serialNumber_id, serialNumber, production_date, factory_id, sku_id, s_measure_id) values (673, 'WAUSGAFBXAN414309', '22-May-2023', 20, 52, 619);
    insert into Stock (serialNumber_id, serialNumber, production_date, factory_id, sku_id, s_measure_id) values (674, '1GKS1KE04DR786272', '07-Jan-2022', 33, 60, 275);
    insert into Stock (serialNumber_id, serialNumber, production_date, factory_id, sku_id, s_measure_id) values (675, 'WAUEH78E88A020006', '22-Jan-2023', 94, 3, 261);
    insert into Stock (serialNumber_id, serialNumber, production_date, factory_id, sku_id, s_measure_id) values (676, '19UUA8F72CA448449', '07-Aug-2021', 10, 40, 499);
    insert into Stock (serialNumber_id, serialNumber, production_date, factory_id, sku_id, s_measure_id) values (677, '4JGDF2EE5FA937523', '13-Aug-2021', 83, 39, 67);
    insert into Stock (serialNumber_id, serialNumber, production_date, factory_id, sku_id, s_measure_id) values (678, '3C4PDCEG8DT990432', '18-Jul-2022', 12, 6, 471);
    insert into Stock (serialNumber_id, serialNumber, production_date, factory_id, sku_id, s_measure_id) values (679, '19VDE1F78EE903310', '14-Jul-2023', 64, 31, 194);
    insert into Stock (serialNumber_id, serialNumber, production_date, factory_id, sku_id, s_measure_id) values (680, 'KMHTC6ADXFU063161', '04-Aug-2021', 97, 66, 513);
    insert into Stock (serialNumber_id, serialNumber, production_date, factory_id, sku_id, s_measure_id) values (681, 'KNDJT2A50D7933489', '15-Jun-2021', 1, 21, 368);
    insert into Stock (serialNumber_id, serialNumber, production_date, factory_id, sku_id, s_measure_id) values (682, 'WBA6B4C51DD263774', '14-Mar-2021', 6, 61, 575);
    insert into Stock (serialNumber_id, serialNumber, production_date, factory_id, sku_id, s_measure_id) values (683, '1G6DV1EP4E0330801', '29-Apr-2020', 19, 41, 602);
    insert into Stock (serialNumber_id, serialNumber, production_date, factory_id, sku_id, s_measure_id) values (684, '1FTEX1CV9AF918324', '11-Sep-2023', 57, 8, 680);
    insert into Stock (serialNumber_id, serialNumber, production_date, factory_id, sku_id, s_measure_id) values (685, 'WAU4GBFB3AN887922', '14-Nov-2020', 70, 68, 434);
    insert into Stock (serialNumber_id, serialNumber, production_date, factory_id, sku_id, s_measure_id) values (686, 'WAUFFAFC0DN585054', '26-May-2022', 53, 16, 521);
    insert into Stock (serialNumber_id, serialNumber, production_date, factory_id, sku_id, s_measure_id) values (687, '2C3CCADG7EH384223', '25-Jan-2022', 80, 10, 162);
    insert into Stock (serialNumber_id, serialNumber, production_date, factory_id, sku_id, s_measure_id) values (688, '2T1BPRHE3FC287194', '20-Sep-2022', 27, 9, 459);
    insert into Stock (serialNumber_id, serialNumber, production_date, factory_id, sku_id, s_measure_id) values (689, '2G61L5S39F9479309', '15-Dec-2020', 90, 65, 264);
    insert into Stock (serialNumber_id, serialNumber, production_date, factory_id, sku_id, s_measure_id) values (690, '3GYFK66N05G634867', '05-Apr-2022', 73, 19, 267);
    insert into Stock (serialNumber_id, serialNumber, production_date, factory_id, sku_id, s_measure_id) values (691, '1B3CB8HB0AD947692', '12-Aug-2022', 78, 9, 366);
    insert into Stock (serialNumber_id, serialNumber, production_date, factory_id, sku_id, s_measure_id) values (692, 'WBA3V5C56FP151005', '31-Dec-2022', 77, 91, 544);
    insert into Stock (serialNumber_id, serialNumber, production_date, factory_id, sku_id, s_measure_id) values (693, '3VWJP7AT6CM168886', '14-May-2020', 54, 39, 349);
    insert into Stock (serialNumber_id, serialNumber, production_date, factory_id, sku_id, s_measure_id) values (694, 'JN8AS5MT1DW075474', '30-Jun-2021', 87, 51, 168);
    insert into Stock (serialNumber_id, serialNumber, production_date, factory_id, sku_id, s_measure_id) values (695, '2G4GN5EX9E9457773', '15-Jul-2020', 86, 58, 8);


    insert into Shifts (Shift_id, Produced_SKU) values (1, 46);
insert into Shifts (Shift_id, Produced_SKU) values (2, 42);
insert into Shifts (Shift_id, Produced_SKU) values (3, 37);
insert into Shifts (Shift_id, Produced_SKU) values (4, 41);
insert into Shifts (Shift_id, Produced_SKU) values (5, 9);
insert into Shifts (Shift_id, Produced_SKU) values (6, 91);
insert into Shifts (Shift_id, Produced_SKU) values (7, 74);
insert into Shifts (Shift_id, Produced_SKU) values (8, 19);
insert into Shifts (Shift_id, Produced_SKU) values (9, 93);
insert into Shifts (Shift_id, Produced_SKU) values (10, 88);
insert into Shifts (Shift_id, Produced_SKU) values (11, 22);
insert into Shifts (Shift_id, Produced_SKU) values (12, 17);
insert into Shifts (Shift_id, Produced_SKU) values (13, 83);
insert into Shifts (Shift_id, Produced_SKU) values (14, 23);
insert into Shifts (Shift_id, Produced_SKU) values (15, 30);
insert into Shifts (Shift_id, Produced_SKU) values (16, 38);
insert into Shifts (Shift_id, Produced_SKU) values (17, 30);
insert into Shifts (Shift_id, Produced_SKU) values (18, 35);
insert into Shifts (Shift_id, Produced_SKU) values (19, 18);
insert into Shifts (Shift_id, Produced_SKU) values (20, 91);
insert into Shifts (Shift_id, Produced_SKU) values (21, 60);
insert into Shifts (Shift_id, Produced_SKU) values (22, 53);
insert into Shifts (Shift_id, Produced_SKU) values (23, 25);
insert into Shifts (Shift_id, Produced_SKU) values (24, 66);
insert into Shifts (Shift_id, Produced_SKU) values (25, 89);
insert into Shifts (Shift_id, Produced_SKU) values (26, 14);
insert into Shifts (Shift_id, Produced_SKU) values (27, 76);
insert into Shifts (Shift_id, Produced_SKU) values (28, 34);
insert into Shifts (Shift_id, Produced_SKU) values (29, 61);
insert into Shifts (Shift_id, Produced_SKU) values (30, 65);
 

insert into EMPLOYEES (EMPLOYEE_ID, NAME, SURNAME, POSITION, ASSIGNED_SHIFT_ID, FACTORY_ID) values (1, 'Janeta', 'Gylle', 'operator', 14, 83);
insert into EMPLOYEES (EMPLOYEE_ID, NAME, SURNAME, POSITION, ASSIGNED_SHIFT_ID, FACTORY_ID) values (2, 'Lamont', 'Joontjes', 'security', 2, 10);
insert into EMPLOYEES (EMPLOYEE_ID, NAME, SURNAME, POSITION, ASSIGNED_SHIFT_ID, FACTORY_ID) values (3, 'Mag', 'Elsdon', 'engineer', 2, 11);
insert into EMPLOYEES (EMPLOYEE_ID, NAME, SURNAME, POSITION, ASSIGNED_SHIFT_ID, FACTORY_ID) values (4, 'Julissa', 'Pulley', 'operator', 15, 25);
insert into EMPLOYEES (EMPLOYEE_ID, NAME, SURNAME, POSITION, ASSIGNED_SHIFT_ID, FACTORY_ID) values (5, 'Demetrius', 'Cuardall', 'security', 23, 5);
insert into EMPLOYEES (EMPLOYEE_ID, NAME, SURNAME, POSITION, ASSIGNED_SHIFT_ID, FACTORY_ID) values (6, 'Lucio', 'Pashbee', 'engineer', 13, 90);
insert into EMPLOYEES (EMPLOYEE_ID, NAME, SURNAME, POSITION, ASSIGNED_SHIFT_ID, FACTORY_ID) values (7, 'Bunny', 'Nary', 'operator', 22, 43);
insert into EMPLOYEES (EMPLOYEE_ID, NAME, SURNAME, POSITION, ASSIGNED_SHIFT_ID, FACTORY_ID) values (8, 'Candy', 'Bourrel', 'mechanic', 1, 4);
insert into EMPLOYEES (EMPLOYEE_ID, NAME, SURNAME, POSITION, ASSIGNED_SHIFT_ID, FACTORY_ID) values (9, 'Dale', 'Mitchener', 'mechanic', 21, 69);
insert into EMPLOYEES (EMPLOYEE_ID, NAME, SURNAME, POSITION, ASSIGNED_SHIFT_ID, FACTORY_ID) values (10, 'Joni', 'Gallimore', 'security', 18, 75);
insert into EMPLOYEES (EMPLOYEE_ID, NAME, SURNAME, POSITION, ASSIGNED_SHIFT_ID, FACTORY_ID) values (11, 'Patton', 'Rodgerson', 'operator', 23, 84);
insert into EMPLOYEES (EMPLOYEE_ID, NAME, SURNAME, POSITION, ASSIGNED_SHIFT_ID, FACTORY_ID) values (12, 'Aryn', 'Benninger', 'engineer', 16, 50);
insert into EMPLOYEES (EMPLOYEE_ID, NAME, SURNAME, POSITION, ASSIGNED_SHIFT_ID, FACTORY_ID) values (13, 'Charmaine', 'Skip', 'manager', 1, 55);
insert into EMPLOYEES (EMPLOYEE_ID, NAME, SURNAME, POSITION, ASSIGNED_SHIFT_ID, FACTORY_ID) values (14, 'Jerald', 'Horche', 'operator', 5, 33);
insert into EMPLOYEES (EMPLOYEE_ID, NAME, SURNAME, POSITION, ASSIGNED_SHIFT_ID, FACTORY_ID) values (15, 'Isabel', 'Berridge', 'manager', 11, 90);
insert into EMPLOYEES (EMPLOYEE_ID, NAME, SURNAME, POSITION, ASSIGNED_SHIFT_ID, FACTORY_ID) values (16, 'Bette-ann', 'Linnard', 'manager', 6, 79);
insert into EMPLOYEES (EMPLOYEE_ID, NAME, SURNAME, POSITION, ASSIGNED_SHIFT_ID, FACTORY_ID) values (17, 'Lisa', 'Follen', 'mechanic', 4, 68);
insert into EMPLOYEES (EMPLOYEE_ID, NAME, SURNAME, POSITION, ASSIGNED_SHIFT_ID, FACTORY_ID) values (18, 'Loralyn', 'Naisbet', 'engineer', 25, 65);
insert into EMPLOYEES (EMPLOYEE_ID, NAME, SURNAME, POSITION, ASSIGNED_SHIFT_ID, FACTORY_ID) values (19, 'Derron', 'Riddell', 'mechanic', 26, 85);
insert into EMPLOYEES (EMPLOYEE_ID, NAME, SURNAME, POSITION, ASSIGNED_SHIFT_ID, FACTORY_ID) values (20, 'Heindrick', 'Carpe', 'engineer', 28, 3);
insert into EMPLOYEES (EMPLOYEE_ID, NAME, SURNAME, POSITION, ASSIGNED_SHIFT_ID, FACTORY_ID) values (21, 'Hephzibah', 'Scotchmoor', 'security', 4, 43);
insert into EMPLOYEES (EMPLOYEE_ID, NAME, SURNAME, POSITION, ASSIGNED_SHIFT_ID, FACTORY_ID) values (22, 'Hildegarde', 'Dewar', 'manager', 25, 71);
insert into EMPLOYEES (EMPLOYEE_ID, NAME, SURNAME, POSITION, ASSIGNED_SHIFT_ID, FACTORY_ID) values (23, 'Morganica', 'Feeney', 'engineer', 5, 6);
insert into EMPLOYEES (EMPLOYEE_ID, NAME, SURNAME, POSITION, ASSIGNED_SHIFT_ID, FACTORY_ID) values (24, 'Roi', 'Rosas', 'manager', 30, 11);
insert into EMPLOYEES (EMPLOYEE_ID, NAME, SURNAME, POSITION, ASSIGNED_SHIFT_ID, FACTORY_ID) values (25, 'Llewellyn', 'Paice', 'operator', 17, 14);
insert into EMPLOYEES (EMPLOYEE_ID, NAME, SURNAME, POSITION, ASSIGNED_SHIFT_ID, FACTORY_ID) values (26, 'Fraser', 'Chetwind', 'operator', 11, 78);
insert into EMPLOYEES (EMPLOYEE_ID, NAME, SURNAME, POSITION, ASSIGNED_SHIFT_ID, FACTORY_ID) values (27, 'Christi', 'Lared', 'security', 17, 90);
insert into EMPLOYEES (EMPLOYEE_ID, NAME, SURNAME, POSITION, ASSIGNED_SHIFT_ID, FACTORY_ID) values (28, 'Rozella', 'Enders', 'engineer', 23, 73);
insert into EMPLOYEES (EMPLOYEE_ID, NAME, SURNAME, POSITION, ASSIGNED_SHIFT_ID, FACTORY_ID) values (29, 'Lammond', 'Stegers', 'manager', 10, 70);
insert into EMPLOYEES (EMPLOYEE_ID, NAME, SURNAME, POSITION, ASSIGNED_SHIFT_ID, FACTORY_ID) values (30, 'Donnell', 'Ledwich', 'mechanic', 20, 72);
insert into EMPLOYEES (EMPLOYEE_ID, NAME, SURNAME, POSITION, ASSIGNED_SHIFT_ID, FACTORY_ID) values (31, 'Chen', 'Arr', 'security', 27, 59);
insert into EMPLOYEES (EMPLOYEE_ID, NAME, SURNAME, POSITION, ASSIGNED_SHIFT_ID, FACTORY_ID) values (32, 'Idell', 'Wickardt', 'security', 4, 88);
insert into EMPLOYEES (EMPLOYEE_ID, NAME, SURNAME, POSITION, ASSIGNED_SHIFT_ID, FACTORY_ID) values (33, 'Ruthanne', 'Tyre', 'security', 24, 3);
insert into EMPLOYEES (EMPLOYEE_ID, NAME, SURNAME, POSITION, ASSIGNED_SHIFT_ID, FACTORY_ID) values (34, 'Nealon', 'Blakey', 'manager', 21, 1);
insert into EMPLOYEES (EMPLOYEE_ID, NAME, SURNAME, POSITION, ASSIGNED_SHIFT_ID, FACTORY_ID) values (35, 'Lin', 'Blayd', 'manager', 24, 99);
insert into EMPLOYEES (EMPLOYEE_ID, NAME, SURNAME, POSITION, ASSIGNED_SHIFT_ID, FACTORY_ID) values (36, 'Geordie', 'Bulteel', 'mechanic', 30, 97);
insert into EMPLOYEES (EMPLOYEE_ID, NAME, SURNAME, POSITION, ASSIGNED_SHIFT_ID, FACTORY_ID) values (37, 'Benedetta', 'Pibworth', 'security', 27, 19);
insert into EMPLOYEES (EMPLOYEE_ID, NAME, SURNAME, POSITION, ASSIGNED_SHIFT_ID, FACTORY_ID) values (38, 'Harli', 'Alyoshin', 'security', 27, 26);
insert into EMPLOYEES (EMPLOYEE_ID, NAME, SURNAME, POSITION, ASSIGNED_SHIFT_ID, FACTORY_ID) values (39, 'Dorisa', 'Lidell', 'security', 3, 16);
insert into EMPLOYEES (EMPLOYEE_ID, NAME, SURNAME, POSITION, ASSIGNED_SHIFT_ID, FACTORY_ID) values (40, 'Aldous', 'Poundford', 'mechanic', 20, 23);
insert into EMPLOYEES (EMPLOYEE_ID, NAME, SURNAME, POSITION, ASSIGNED_SHIFT_ID, FACTORY_ID) values (41, 'Dorthy', 'Dealy', 'security', 27, 64);
insert into EMPLOYEES (EMPLOYEE_ID, NAME, SURNAME, POSITION, ASSIGNED_SHIFT_ID, FACTORY_ID) values (42, 'Dewey', 'Pieche', 'security', 9, 95);
insert into EMPLOYEES (EMPLOYEE_ID, NAME, SURNAME, POSITION, ASSIGNED_SHIFT_ID, FACTORY_ID) values (43, 'Esther', 'Jerrome', 'engineer', 13, 66);
insert into EMPLOYEES (EMPLOYEE_ID, NAME, SURNAME, POSITION, ASSIGNED_SHIFT_ID, FACTORY_ID) values (44, 'Brooks', 'Jimes', 'operator', 18, 49);
insert into EMPLOYEES (EMPLOYEE_ID, NAME, SURNAME, POSITION, ASSIGNED_SHIFT_ID, FACTORY_ID) values (45, 'Eleonora', 'Lovatt', 'engineer', 9, 98);
insert into EMPLOYEES (EMPLOYEE_ID, NAME, SURNAME, POSITION, ASSIGNED_SHIFT_ID, FACTORY_ID) values (46, 'Henderson', 'Housby', 'manager', 17, 2);
insert into EMPLOYEES (EMPLOYEE_ID, NAME, SURNAME, POSITION, ASSIGNED_SHIFT_ID, FACTORY_ID) values (47, 'Kessia', 'Scardafield', 'security', 21, 80);
insert into EMPLOYEES (EMPLOYEE_ID, NAME, SURNAME, POSITION, ASSIGNED_SHIFT_ID, FACTORY_ID) values (48, 'Crin', 'Money', 'mechanic', 10, 60);
insert into EMPLOYEES (EMPLOYEE_ID, NAME, SURNAME, POSITION, ASSIGNED_SHIFT_ID, FACTORY_ID) values (49, 'Ailey', 'O''Carmody', 'security', 16, 59);
insert into EMPLOYEES (EMPLOYEE_ID, NAME, SURNAME, POSITION, ASSIGNED_SHIFT_ID, FACTORY_ID) values (50, 'Margaretta', 'Keel', 'security', 29, 25);
insert into EMPLOYEES (EMPLOYEE_ID, NAME, SURNAME, POSITION, ASSIGNED_SHIFT_ID, FACTORY_ID) values (51, 'Diane-marie', 'Maxwell', 'security', 8, 98);
insert into EMPLOYEES (EMPLOYEE_ID, NAME, SURNAME, POSITION, ASSIGNED_SHIFT_ID, FACTORY_ID) values (52, 'Meredith', 'Luckey', 'security', 21, 24);
insert into EMPLOYEES (EMPLOYEE_ID, NAME, SURNAME, POSITION, ASSIGNED_SHIFT_ID, FACTORY_ID) values (53, 'Tonie', 'Shalcras', 'engineer', 24, 22);
insert into EMPLOYEES (EMPLOYEE_ID, NAME, SURNAME, POSITION, ASSIGNED_SHIFT_ID, FACTORY_ID) values (54, 'Obidiah', 'Grieswood', 'mechanic', 29, 15);
insert into EMPLOYEES (EMPLOYEE_ID, NAME, SURNAME, POSITION, ASSIGNED_SHIFT_ID, FACTORY_ID) values (55, 'Jason', 'Attew', 'manager', 9, 61);
insert into EMPLOYEES (EMPLOYEE_ID, NAME, SURNAME, POSITION, ASSIGNED_SHIFT_ID, FACTORY_ID) values (56, 'Salome', 'Pistol', 'manager', 9, 29);
insert into EMPLOYEES (EMPLOYEE_ID, NAME, SURNAME, POSITION, ASSIGNED_SHIFT_ID, FACTORY_ID) values (57, 'Arni', 'Stuckow', 'security', 14, 41);
insert into EMPLOYEES (EMPLOYEE_ID, NAME, SURNAME, POSITION, ASSIGNED_SHIFT_ID, FACTORY_ID) values (58, 'Bail', 'Enefer', 'mechanic', 25, 43);
insert into EMPLOYEES (EMPLOYEE_ID, NAME, SURNAME, POSITION, ASSIGNED_SHIFT_ID, FACTORY_ID) values (59, 'Loren', 'Rawes', 'engineer', 11, 36);
insert into EMPLOYEES (EMPLOYEE_ID, NAME, SURNAME, POSITION, ASSIGNED_SHIFT_ID, FACTORY_ID) values (60, 'Sue', 'Dumbelton', 'operator', 23, 63);
insert into EMPLOYEES (EMPLOYEE_ID, NAME, SURNAME, POSITION, ASSIGNED_SHIFT_ID, FACTORY_ID) values (61, 'Mack', 'Castelyn', 'manager', 30, 65);
insert into EMPLOYEES (EMPLOYEE_ID, NAME, SURNAME, POSITION, ASSIGNED_SHIFT_ID, FACTORY_ID) values (62, 'Neila', 'Sharple', 'security', 23, 54);
insert into EMPLOYEES (EMPLOYEE_ID, NAME, SURNAME, POSITION, ASSIGNED_SHIFT_ID, FACTORY_ID) values (63, 'Evelyn', 'Hearon', 'security', 29, 77);
insert into EMPLOYEES (EMPLOYEE_ID, NAME, SURNAME, POSITION, ASSIGNED_SHIFT_ID, FACTORY_ID) values (64, 'Estell', 'Barthropp', 'operator', 28, 4);
insert into EMPLOYEES (EMPLOYEE_ID, NAME, SURNAME, POSITION, ASSIGNED_SHIFT_ID, FACTORY_ID) values (65, 'Janeva', 'Massingham', 'operator', 28, 28);
insert into EMPLOYEES (EMPLOYEE_ID, NAME, SURNAME, POSITION, ASSIGNED_SHIFT_ID, FACTORY_ID) values (66, 'Oralie', 'Paulack', 'operator', 15, 41);
insert into EMPLOYEES (EMPLOYEE_ID, NAME, SURNAME, POSITION, ASSIGNED_SHIFT_ID, FACTORY_ID) values (67, 'Shaylynn', 'Thorius', 'mechanic', 12, 32);
insert into EMPLOYEES (EMPLOYEE_ID, NAME, SURNAME, POSITION, ASSIGNED_SHIFT_ID, FACTORY_ID) values (68, 'Noland', 'Maghull', 'security', 25, 57);
insert into EMPLOYEES (EMPLOYEE_ID, NAME, SURNAME, POSITION, ASSIGNED_SHIFT_ID, FACTORY_ID) values (69, 'Dicky', 'Lodden', 'mechanic', 9, 80);
insert into EMPLOYEES (EMPLOYEE_ID, NAME, SURNAME, POSITION, ASSIGNED_SHIFT_ID, FACTORY_ID) values (70, 'Frayda', 'McCloid', 'mechanic', 12, 24);
insert into EMPLOYEES (EMPLOYEE_ID, NAME, SURNAME, POSITION, ASSIGNED_SHIFT_ID, FACTORY_ID) values (71, 'Camila', 'Jentgens', 'engineer', 17, 79);
insert into EMPLOYEES (EMPLOYEE_ID, NAME, SURNAME, POSITION, ASSIGNED_SHIFT_ID, FACTORY_ID) values (72, 'Neil', 'McCaighey', 'engineer', 21, 30);
insert into EMPLOYEES (EMPLOYEE_ID, NAME, SURNAME, POSITION, ASSIGNED_SHIFT_ID, FACTORY_ID) values (73, 'Marylou', 'Tremellan', 'operator', 22, 35);
insert into EMPLOYEES (EMPLOYEE_ID, NAME, SURNAME, POSITION, ASSIGNED_SHIFT_ID, FACTORY_ID) values (74, 'Kellie', 'Dockerty', 'mechanic', 14, 96);
insert into EMPLOYEES (EMPLOYEE_ID, NAME, SURNAME, POSITION, ASSIGNED_SHIFT_ID, FACTORY_ID) values (75, 'Dulcea', 'Friend', 'security', 11, 6);
insert into EMPLOYEES (EMPLOYEE_ID, NAME, SURNAME, POSITION, ASSIGNED_SHIFT_ID, FACTORY_ID) values (76, 'Lura', 'Sloan', 'manager', 6, 73);
insert into EMPLOYEES (EMPLOYEE_ID, NAME, SURNAME, POSITION, ASSIGNED_SHIFT_ID, FACTORY_ID) values (77, 'Jory', 'Brader', 'operator', 13, 74);
insert into EMPLOYEES (EMPLOYEE_ID, NAME, SURNAME, POSITION, ASSIGNED_SHIFT_ID, FACTORY_ID) values (78, 'Gaby', 'Andreuzzi', 'engineer', 20, 52);
insert into EMPLOYEES (EMPLOYEE_ID, NAME, SURNAME, POSITION, ASSIGNED_SHIFT_ID, FACTORY_ID) values (79, 'Dolores', 'Abrahmer', 'operator', 27, 29);
insert into EMPLOYEES (EMPLOYEE_ID, NAME, SURNAME, POSITION, ASSIGNED_SHIFT_ID, FACTORY_ID) values (80, 'Karol', 'Strognell', 'security', 4, 1);
insert into EMPLOYEES (EMPLOYEE_ID, NAME, SURNAME, POSITION, ASSIGNED_SHIFT_ID, FACTORY_ID) values (81, 'Adelle', 'Ebben', 'security', 30, 46);
insert into EMPLOYEES (EMPLOYEE_ID, NAME, SURNAME, POSITION, ASSIGNED_SHIFT_ID, FACTORY_ID) values (82, 'Kahaleel', 'MacLise', 'manager', 23, 22);
insert into EMPLOYEES (EMPLOYEE_ID, NAME, SURNAME, POSITION, ASSIGNED_SHIFT_ID, FACTORY_ID) values (83, 'Morena', 'Sergeant', 'operator', 18, 71);
insert into EMPLOYEES (EMPLOYEE_ID, NAME, SURNAME, POSITION, ASSIGNED_SHIFT_ID, FACTORY_ID) values (84, 'Karlan', 'Lorence', 'engineer', 18, 20);
insert into EMPLOYEES (EMPLOYEE_ID, NAME, SURNAME, POSITION, ASSIGNED_SHIFT_ID, FACTORY_ID) values (85, 'Keary', 'Skippings', 'mechanic', 14, 49);
insert into EMPLOYEES (EMPLOYEE_ID, NAME, SURNAME, POSITION, ASSIGNED_SHIFT_ID, FACTORY_ID) values (86, 'Lelia', 'Jekel', 'operator', 17, 4);
insert into EMPLOYEES (EMPLOYEE_ID, NAME, SURNAME, POSITION, ASSIGNED_SHIFT_ID, FACTORY_ID) values (87, 'Eustacia', 'Risbrough', 'operator', 8, 73);
insert into EMPLOYEES (EMPLOYEE_ID, NAME, SURNAME, POSITION, ASSIGNED_SHIFT_ID, FACTORY_ID) values (88, 'Fonzie', 'Cloney', 'engineer', 12, 13);
insert into EMPLOYEES (EMPLOYEE_ID, NAME, SURNAME, POSITION, ASSIGNED_SHIFT_ID, FACTORY_ID) values (89, 'Mirabelle', 'Whillock', 'manager', 11, 41);
insert into EMPLOYEES (EMPLOYEE_ID, NAME, SURNAME, POSITION, ASSIGNED_SHIFT_ID, FACTORY_ID) values (90, 'Halley', 'Charlick', 'operator', 7, 28);
insert into EMPLOYEES (EMPLOYEE_ID, NAME, SURNAME, POSITION, ASSIGNED_SHIFT_ID, FACTORY_ID) values (91, 'Redford', 'Corkel', 'mechanic', 5, 27);
insert into EMPLOYEES (EMPLOYEE_ID, NAME, SURNAME, POSITION, ASSIGNED_SHIFT_ID, FACTORY_ID) values (92, 'Bartholomeo', 'Cleworth', 'operator', 14, 72);
insert into EMPLOYEES (EMPLOYEE_ID, NAME, SURNAME, POSITION, ASSIGNED_SHIFT_ID, FACTORY_ID) values (93, 'Retha', 'Ganing', 'engineer', 19, 98);
insert into EMPLOYEES (EMPLOYEE_ID, NAME, SURNAME, POSITION, ASSIGNED_SHIFT_ID, FACTORY_ID) values (94, 'Annadiane', 'Granville', 'engineer', 2, 78);
insert into EMPLOYEES (EMPLOYEE_ID, NAME, SURNAME, POSITION, ASSIGNED_SHIFT_ID, FACTORY_ID) values (95, 'Lilia', 'Yeeles', 'security', 27, 71);
insert into EMPLOYEES (EMPLOYEE_ID, NAME, SURNAME, POSITION, ASSIGNED_SHIFT_ID, FACTORY_ID) values (96, 'Darrell', 'Kinghorne', 'engineer', 4, 20);
insert into EMPLOYEES (EMPLOYEE_ID, NAME, SURNAME, POSITION, ASSIGNED_SHIFT_ID, FACTORY_ID) values (97, 'Adel', 'Cozby', 'engineer', 5, 60);
insert into EMPLOYEES (EMPLOYEE_ID, NAME, SURNAME, POSITION, ASSIGNED_SHIFT_ID, FACTORY_ID) values (98, 'Yankee', 'Christoffersen', 'mechanic', 2, 83);
insert into EMPLOYEES (EMPLOYEE_ID, NAME, SURNAME, POSITION, ASSIGNED_SHIFT_ID, FACTORY_ID) values (99, 'Jaquelin', 'Ciccetti', 'mechanic', 2, 8);
insert into EMPLOYEES (EMPLOYEE_ID, NAME, SURNAME, POSITION, ASSIGNED_SHIFT_ID, FACTORY_ID) values (100, 'Lainey', 'Altree', 'operator', 17, 35);
insert into EMPLOYEES (EMPLOYEE_ID, NAME, SURNAME, POSITION, ASSIGNED_SHIFT_ID, FACTORY_ID) values (101, 'Gavra', 'Cluet', 'mechanic', 1, 20);
insert into EMPLOYEES (EMPLOYEE_ID, NAME, SURNAME, POSITION, ASSIGNED_SHIFT_ID, FACTORY_ID) values (102, 'Bryant', 'Coviello', 'security', 27, 22);
insert into EMPLOYEES (EMPLOYEE_ID, NAME, SURNAME, POSITION, ASSIGNED_SHIFT_ID, FACTORY_ID) values (103, 'Millie', 'Rodmell', 'engineer', 18, 91);
insert into EMPLOYEES (EMPLOYEE_ID, NAME, SURNAME, POSITION, ASSIGNED_SHIFT_ID, FACTORY_ID) values (104, 'Sammy', 'Crimpe', 'operator', 25, 70);
insert into EMPLOYEES (EMPLOYEE_ID, NAME, SURNAME, POSITION, ASSIGNED_SHIFT_ID, FACTORY_ID) values (105, 'Reinaldo', 'Humpherston', 'engineer', 28, 68);
insert into EMPLOYEES (EMPLOYEE_ID, NAME, SURNAME, POSITION, ASSIGNED_SHIFT_ID, FACTORY_ID) values (106, 'Belvia', 'Chellam', 'engineer', 15, 17);
insert into EMPLOYEES (EMPLOYEE_ID, NAME, SURNAME, POSITION, ASSIGNED_SHIFT_ID, FACTORY_ID) values (107, 'Chucho', 'Petrelli', 'operator', 27, 32);
insert into EMPLOYEES (EMPLOYEE_ID, NAME, SURNAME, POSITION, ASSIGNED_SHIFT_ID, FACTORY_ID) values (108, 'Ibbie', 'Fretwell', 'manager', 29, 8);
insert into EMPLOYEES (EMPLOYEE_ID, NAME, SURNAME, POSITION, ASSIGNED_SHIFT_ID, FACTORY_ID) values (109, 'Rennie', 'Gandey', 'engineer', 24, 70);
insert into EMPLOYEES (EMPLOYEE_ID, NAME, SURNAME, POSITION, ASSIGNED_SHIFT_ID, FACTORY_ID) values (110, 'Coralie', 'Gotter', 'operator', 15, 80);
insert into EMPLOYEES (EMPLOYEE_ID, NAME, SURNAME, POSITION, ASSIGNED_SHIFT_ID, FACTORY_ID) values (111, 'Marlon', 'Allmond', 'manager', 18, 57);
insert into EMPLOYEES (EMPLOYEE_ID, NAME, SURNAME, POSITION, ASSIGNED_SHIFT_ID, FACTORY_ID) values (112, 'Tallie', 'Jakucewicz', 'manager', 22, 87);
insert into EMPLOYEES (EMPLOYEE_ID, NAME, SURNAME, POSITION, ASSIGNED_SHIFT_ID, FACTORY_ID) values (113, 'Melloney', 'Berks', 'engineer', 3, 58);
insert into EMPLOYEES (EMPLOYEE_ID, NAME, SURNAME, POSITION, ASSIGNED_SHIFT_ID, FACTORY_ID) values (114, 'Natal', 'Dorsett', 'manager', 27, 27);
insert into EMPLOYEES (EMPLOYEE_ID, NAME, SURNAME, POSITION, ASSIGNED_SHIFT_ID, FACTORY_ID) values (115, 'Sara', 'Stower', 'mechanic', 12, 27);
insert into EMPLOYEES (EMPLOYEE_ID, NAME, SURNAME, POSITION, ASSIGNED_SHIFT_ID, FACTORY_ID) values (116, 'Darn', 'Karpe', 'operator', 20, 6);
insert into EMPLOYEES (EMPLOYEE_ID, NAME, SURNAME, POSITION, ASSIGNED_SHIFT_ID, FACTORY_ID) values (117, 'Joann', 'Grannell', 'engineer', 3, 14);
insert into EMPLOYEES (EMPLOYEE_ID, NAME, SURNAME, POSITION, ASSIGNED_SHIFT_ID, FACTORY_ID) values (118, 'Olia', 'Tutchings', 'manager', 20, 27);
insert into EMPLOYEES (EMPLOYEE_ID, NAME, SURNAME, POSITION, ASSIGNED_SHIFT_ID, FACTORY_ID) values (119, 'Tiffy', 'Teale', 'manager', 22, 2);
insert into EMPLOYEES (EMPLOYEE_ID, NAME, SURNAME, POSITION, ASSIGNED_SHIFT_ID, FACTORY_ID) values (120, 'Richmond', 'Sidaway', 'operator', 24, 36);
insert into EMPLOYEES (EMPLOYEE_ID, NAME, SURNAME, POSITION, ASSIGNED_SHIFT_ID, FACTORY_ID) values (121, 'Eilis', 'Ricard', 'manager', 21, 32);
insert into EMPLOYEES (EMPLOYEE_ID, NAME, SURNAME, POSITION, ASSIGNED_SHIFT_ID, FACTORY_ID) values (122, 'Nataline', 'Teggart', 'manager', 30, 66);
insert into EMPLOYEES (EMPLOYEE_ID, NAME, SURNAME, POSITION, ASSIGNED_SHIFT_ID, FACTORY_ID) values (123, 'Nat', 'Mitchenson', 'operator', 15, 80);
insert into EMPLOYEES (EMPLOYEE_ID, NAME, SURNAME, POSITION, ASSIGNED_SHIFT_ID, FACTORY_ID) values (124, 'Ivett', 'Skeat', 'operator', 22, 80);
insert into EMPLOYEES (EMPLOYEE_ID, NAME, SURNAME, POSITION, ASSIGNED_SHIFT_ID, FACTORY_ID) values (125, 'Amye', 'Copcott', 'manager', 9, 21);
insert into EMPLOYEES (EMPLOYEE_ID, NAME, SURNAME, POSITION, ASSIGNED_SHIFT_ID, FACTORY_ID) values (126, 'Axe', 'Reuven', 'engineer', 4, 3);
insert into EMPLOYEES (EMPLOYEE_ID, NAME, SURNAME, POSITION, ASSIGNED_SHIFT_ID, FACTORY_ID) values (127, 'Debora', 'Skitral', 'mechanic', 5, 79);
insert into EMPLOYEES (EMPLOYEE_ID, NAME, SURNAME, POSITION, ASSIGNED_SHIFT_ID, FACTORY_ID) values (128, 'Kristofer', 'Jost', 'operator', 24, 46);
insert into EMPLOYEES (EMPLOYEE_ID, NAME, SURNAME, POSITION, ASSIGNED_SHIFT_ID, FACTORY_ID) values (129, 'Traci', 'Bruggeman', 'operator', 13, 31);
insert into EMPLOYEES (EMPLOYEE_ID, NAME, SURNAME, POSITION, ASSIGNED_SHIFT_ID, FACTORY_ID) values (130, 'Frederik', 'Bartolommeo', 'engineer', 5, 66);
insert into EMPLOYEES (EMPLOYEE_ID, NAME, SURNAME, POSITION, ASSIGNED_SHIFT_ID, FACTORY_ID) values (131, 'Buck', 'Imesson', 'security', 25, 36);
insert into EMPLOYEES (EMPLOYEE_ID, NAME, SURNAME, POSITION, ASSIGNED_SHIFT_ID, FACTORY_ID) values (132, 'Jenine', 'Guppy', 'security', 14, 59);
insert into EMPLOYEES (EMPLOYEE_ID, NAME, SURNAME, POSITION, ASSIGNED_SHIFT_ID, FACTORY_ID) values (133, 'Dasie', 'Schult', 'operator', 15, 91);
insert into EMPLOYEES (EMPLOYEE_ID, NAME, SURNAME, POSITION, ASSIGNED_SHIFT_ID, FACTORY_ID) values (134, 'Amy', 'Medler', 'engineer', 21, 42);
insert into EMPLOYEES (EMPLOYEE_ID, NAME, SURNAME, POSITION, ASSIGNED_SHIFT_ID, FACTORY_ID) values (135, 'Zared', 'Checklin', 'engineer', 27, 92);
insert into EMPLOYEES (EMPLOYEE_ID, NAME, SURNAME, POSITION, ASSIGNED_SHIFT_ID, FACTORY_ID) values (136, 'Myra', 'Dunsford', 'mechanic', 3, 19);
insert into EMPLOYEES (EMPLOYEE_ID, NAME, SURNAME, POSITION, ASSIGNED_SHIFT_ID, FACTORY_ID) values (137, 'Orbadiah', 'Traut', 'manager', 9, 35);
insert into EMPLOYEES (EMPLOYEE_ID, NAME, SURNAME, POSITION, ASSIGNED_SHIFT_ID, FACTORY_ID) values (138, 'Juliet', 'Maffiotti', 'manager', 24, 59);
insert into EMPLOYEES (EMPLOYEE_ID, NAME, SURNAME, POSITION, ASSIGNED_SHIFT_ID, FACTORY_ID) values (139, 'Guglielmo', 'Pateman', 'operator', 11, 77);
insert into EMPLOYEES (EMPLOYEE_ID, NAME, SURNAME, POSITION, ASSIGNED_SHIFT_ID, FACTORY_ID) values (140, 'Nicky', 'Humpherston', 'engineer', 9, 58);
insert into EMPLOYEES (EMPLOYEE_ID, NAME, SURNAME, POSITION, ASSIGNED_SHIFT_ID, FACTORY_ID) values (141, 'Nari', 'Sabine', 'security', 29, 81);
insert into EMPLOYEES (EMPLOYEE_ID, NAME, SURNAME, POSITION, ASSIGNED_SHIFT_ID, FACTORY_ID) values (142, 'Jaime', 'Gosz', 'mechanic', 7, 48);
insert into EMPLOYEES (EMPLOYEE_ID, NAME, SURNAME, POSITION, ASSIGNED_SHIFT_ID, FACTORY_ID) values (143, 'Lisa', 'Danbi', 'mechanic', 8, 28);
insert into EMPLOYEES (EMPLOYEE_ID, NAME, SURNAME, POSITION, ASSIGNED_SHIFT_ID, FACTORY_ID) values (144, 'Mimi', 'Mendoza', 'engineer', 4, 90);
insert into EMPLOYEES (EMPLOYEE_ID, NAME, SURNAME, POSITION, ASSIGNED_SHIFT_ID, FACTORY_ID) values (145, 'Gertrude', 'Mioni', 'engineer', 11, 53);
insert into EMPLOYEES (EMPLOYEE_ID, NAME, SURNAME, POSITION, ASSIGNED_SHIFT_ID, FACTORY_ID) values (146, 'Rivi', 'Bloxland', 'engineer', 25, 44);
insert into EMPLOYEES (EMPLOYEE_ID, NAME, SURNAME, POSITION, ASSIGNED_SHIFT_ID, FACTORY_ID) values (147, 'Arin', 'Calbrathe', 'engineer', 16, 9);
insert into EMPLOYEES (EMPLOYEE_ID, NAME, SURNAME, POSITION, ASSIGNED_SHIFT_ID, FACTORY_ID) values (148, 'Sargent', 'McGlade', 'security', 11, 79);
insert into EMPLOYEES (EMPLOYEE_ID, NAME, SURNAME, POSITION, ASSIGNED_SHIFT_ID, FACTORY_ID) values (149, 'Jenda', 'Grewes', 'engineer', 22, 45);
insert into EMPLOYEES (EMPLOYEE_ID, NAME, SURNAME, POSITION, ASSIGNED_SHIFT_ID, FACTORY_ID) values (150, 'Patrica', 'Culver', 'operator', 30, 41);
insert into EMPLOYEES (EMPLOYEE_ID, NAME, SURNAME, POSITION, ASSIGNED_SHIFT_ID, FACTORY_ID) values (151, 'Ximenes', 'Lestor', 'mechanic', 23, 73);
insert into EMPLOYEES (EMPLOYEE_ID, NAME, SURNAME, POSITION, ASSIGNED_SHIFT_ID, FACTORY_ID) values (152, 'Darsey', 'Drust', 'operator', 28, 22);
insert into EMPLOYEES (EMPLOYEE_ID, NAME, SURNAME, POSITION, ASSIGNED_SHIFT_ID, FACTORY_ID) values (153, 'Leyla', 'Letrange', 'manager', 15, 50);
insert into EMPLOYEES (EMPLOYEE_ID, NAME, SURNAME, POSITION, ASSIGNED_SHIFT_ID, FACTORY_ID) values (154, 'Robina', 'Cracoe', 'engineer', 1, 37);
insert into EMPLOYEES (EMPLOYEE_ID, NAME, SURNAME, POSITION, ASSIGNED_SHIFT_ID, FACTORY_ID) values (155, 'Hendrika', 'Ellaman', 'operator', 8, 6);
insert into EMPLOYEES (EMPLOYEE_ID, NAME, SURNAME, POSITION, ASSIGNED_SHIFT_ID, FACTORY_ID) values (156, 'Vaclav', 'Tompion', 'security', 11, 42);
insert into EMPLOYEES (EMPLOYEE_ID, NAME, SURNAME, POSITION, ASSIGNED_SHIFT_ID, FACTORY_ID) values (157, 'Merrie', 'De la Yglesias', 'mechanic', 2, 71);
insert into EMPLOYEES (EMPLOYEE_ID, NAME, SURNAME, POSITION, ASSIGNED_SHIFT_ID, FACTORY_ID) values (158, 'Lindi', 'Heake', 'operator', 9, 98);
insert into EMPLOYEES (EMPLOYEE_ID, NAME, SURNAME, POSITION, ASSIGNED_SHIFT_ID, FACTORY_ID) values (159, 'Morganica', 'Lyver', 'manager', 15, 86);
insert into EMPLOYEES (EMPLOYEE_ID, NAME, SURNAME, POSITION, ASSIGNED_SHIFT_ID, FACTORY_ID) values (160, 'Emelyne', 'Corbally', 'security', 5, 22);
insert into EMPLOYEES (EMPLOYEE_ID, NAME, SURNAME, POSITION, ASSIGNED_SHIFT_ID, FACTORY_ID) values (161, 'Thomas', 'Aireton', 'security', 22, 2);
insert into EMPLOYEES (EMPLOYEE_ID, NAME, SURNAME, POSITION, ASSIGNED_SHIFT_ID, FACTORY_ID) values (162, 'Stacee', 'Gever', 'security', 29, 39);
insert into EMPLOYEES (EMPLOYEE_ID, NAME, SURNAME, POSITION, ASSIGNED_SHIFT_ID, FACTORY_ID) values (163, 'Petr', 'Bonsale', 'security', 1, 30);
insert into EMPLOYEES (EMPLOYEE_ID, NAME, SURNAME, POSITION, ASSIGNED_SHIFT_ID, FACTORY_ID) values (164, 'Berte', 'Seleway', 'security', 28, 99);
insert into EMPLOYEES (EMPLOYEE_ID, NAME, SURNAME, POSITION, ASSIGNED_SHIFT_ID, FACTORY_ID) values (165, 'Dominica', 'Finders', 'operator', 7, 32);
insert into EMPLOYEES (EMPLOYEE_ID, NAME, SURNAME, POSITION, ASSIGNED_SHIFT_ID, FACTORY_ID) values (166, 'Beckie', 'Harpur', 'engineer', 9, 44);
insert into EMPLOYEES (EMPLOYEE_ID, NAME, SURNAME, POSITION, ASSIGNED_SHIFT_ID, FACTORY_ID) values (167, 'Ransell', 'Iacobacci', 'operator', 26, 71);
insert into EMPLOYEES (EMPLOYEE_ID, NAME, SURNAME, POSITION, ASSIGNED_SHIFT_ID, FACTORY_ID) values (168, 'Libby', 'McAviy', 'operator', 28, 7);
insert into EMPLOYEES (EMPLOYEE_ID, NAME, SURNAME, POSITION, ASSIGNED_SHIFT_ID, FACTORY_ID) values (169, 'Annie', 'Freyne', 'manager', 24, 22);
insert into EMPLOYEES (EMPLOYEE_ID, NAME, SURNAME, POSITION, ASSIGNED_SHIFT_ID, FACTORY_ID) values (170, 'Carree', 'Skain', 'engineer', 24, 6);
insert into EMPLOYEES (EMPLOYEE_ID, NAME, SURNAME, POSITION, ASSIGNED_SHIFT_ID, FACTORY_ID) values (171, 'Dody', 'Medeway', 'security', 1, 5);
insert into EMPLOYEES (EMPLOYEE_ID, NAME, SURNAME, POSITION, ASSIGNED_SHIFT_ID, FACTORY_ID) values (172, 'Pernell', 'Patman', 'mechanic', 17, 78);
insert into EMPLOYEES (EMPLOYEE_ID, NAME, SURNAME, POSITION, ASSIGNED_SHIFT_ID, FACTORY_ID) values (173, 'Wallache', 'Webburn', 'security', 11, 17);
insert into EMPLOYEES (EMPLOYEE_ID, NAME, SURNAME, POSITION, ASSIGNED_SHIFT_ID, FACTORY_ID) values (174, 'Giulio', 'Rook', 'operator', 8, 34);
insert into EMPLOYEES (EMPLOYEE_ID, NAME, SURNAME, POSITION, ASSIGNED_SHIFT_ID, FACTORY_ID) values (175, 'Jacobo', 'Alpine', 'security', 11, 85);
insert into EMPLOYEES (EMPLOYEE_ID, NAME, SURNAME, POSITION, ASSIGNED_SHIFT_ID, FACTORY_ID) values (176, 'Jeromy', 'Toderini', 'engineer', 27, 30);
insert into EMPLOYEES (EMPLOYEE_ID, NAME, SURNAME, POSITION, ASSIGNED_SHIFT_ID, FACTORY_ID) values (177, 'Bobby', 'Allmark', 'mechanic', 1, 78);
insert into EMPLOYEES (EMPLOYEE_ID, NAME, SURNAME, POSITION, ASSIGNED_SHIFT_ID, FACTORY_ID) values (178, 'Abbye', 'Foro', 'operator', 15, 88);
insert into EMPLOYEES (EMPLOYEE_ID, NAME, SURNAME, POSITION, ASSIGNED_SHIFT_ID, FACTORY_ID) values (179, 'Annalee', 'Luxton', 'operator', 1, 91);
insert into EMPLOYEES (EMPLOYEE_ID, NAME, SURNAME, POSITION, ASSIGNED_SHIFT_ID, FACTORY_ID) values (180, 'Anabelle', 'Niemiec', 'manager', 11, 59);
insert into EMPLOYEES (EMPLOYEE_ID, NAME, SURNAME, POSITION, ASSIGNED_SHIFT_ID, FACTORY_ID) values (181, 'Wittie', 'Murray', 'security', 5, 74);
insert into EMPLOYEES (EMPLOYEE_ID, NAME, SURNAME, POSITION, ASSIGNED_SHIFT_ID, FACTORY_ID) values (182, 'Klemens', 'Halbeard', 'engineer', 29, 99);
insert into EMPLOYEES (EMPLOYEE_ID, NAME, SURNAME, POSITION, ASSIGNED_SHIFT_ID, FACTORY_ID) values (183, 'Isahella', 'Dives', 'manager', 6, 46);
insert into EMPLOYEES (EMPLOYEE_ID, NAME, SURNAME, POSITION, ASSIGNED_SHIFT_ID, FACTORY_ID) values (184, 'Lyon', 'Belasco', 'operator', 11, 59);
insert into EMPLOYEES (EMPLOYEE_ID, NAME, SURNAME, POSITION, ASSIGNED_SHIFT_ID, FACTORY_ID) values (185, 'Torre', 'Beavan', 'engineer', 24, 59);
insert into EMPLOYEES (EMPLOYEE_ID, NAME, SURNAME, POSITION, ASSIGNED_SHIFT_ID, FACTORY_ID) values (186, 'Mariejeanne', 'Crosthwaite', 'manager', 8, 64);
insert into EMPLOYEES (EMPLOYEE_ID, NAME, SURNAME, POSITION, ASSIGNED_SHIFT_ID, FACTORY_ID) values (187, 'Alicea', 'Lebarree', 'manager', 18, 26);
insert into EMPLOYEES (EMPLOYEE_ID, NAME, SURNAME, POSITION, ASSIGNED_SHIFT_ID, FACTORY_ID) values (188, 'Marvin', 'Whittock', 'operator', 29, 62);
insert into EMPLOYEES (EMPLOYEE_ID, NAME, SURNAME, POSITION, ASSIGNED_SHIFT_ID, FACTORY_ID) values (189, 'Saundra', 'Beecroft', 'engineer', 4, 86);
insert into EMPLOYEES (EMPLOYEE_ID, NAME, SURNAME, POSITION, ASSIGNED_SHIFT_ID, FACTORY_ID) values (190, 'Tracey', 'Basilotta', 'mechanic', 11, 52);
insert into EMPLOYEES (EMPLOYEE_ID, NAME, SURNAME, POSITION, ASSIGNED_SHIFT_ID, FACTORY_ID) values (191, 'Brandy', 'Eves', 'mechanic', 5, 26);
insert into EMPLOYEES (EMPLOYEE_ID, NAME, SURNAME, POSITION, ASSIGNED_SHIFT_ID, FACTORY_ID) values (192, 'Raffarty', 'Domonkos', 'mechanic', 30, 21);
insert into EMPLOYEES (EMPLOYEE_ID, NAME, SURNAME, POSITION, ASSIGNED_SHIFT_ID, FACTORY_ID) values (193, 'Miller', 'Betun', 'security', 20, 68);
insert into EMPLOYEES (EMPLOYEE_ID, NAME, SURNAME, POSITION, ASSIGNED_SHIFT_ID, FACTORY_ID) values (194, 'Cally', 'Fawcett', 'manager', 16, 58);
insert into EMPLOYEES (EMPLOYEE_ID, NAME, SURNAME, POSITION, ASSIGNED_SHIFT_ID, FACTORY_ID) values (195, 'Arlie', 'Claricoats', 'security', 2, 11);
insert into EMPLOYEES (EMPLOYEE_ID, NAME, SURNAME, POSITION, ASSIGNED_SHIFT_ID, FACTORY_ID) values (196, 'Annice', 'Delleschi', 'engineer', 13, 10);
insert into EMPLOYEES (EMPLOYEE_ID, NAME, SURNAME, POSITION, ASSIGNED_SHIFT_ID, FACTORY_ID) values (197, 'Elyssa', 'Hunt', 'manager', 21, 34);
insert into EMPLOYEES (EMPLOYEE_ID, NAME, SURNAME, POSITION, ASSIGNED_SHIFT_ID, FACTORY_ID) values (198, 'Fredrika', 'Eager', 'manager', 7, 39);
insert into EMPLOYEES (EMPLOYEE_ID, NAME, SURNAME, POSITION, ASSIGNED_SHIFT_ID, FACTORY_ID) values (199, 'Kissee', 'Vella', 'mechanic', 13, 4);
insert into EMPLOYEES (EMPLOYEE_ID, NAME, SURNAME, POSITION, ASSIGNED_SHIFT_ID, FACTORY_ID) values (200, 'Devan', 'Filkov', 'manager', 28, 74);
insert into EMPLOYEES (EMPLOYEE_ID, NAME, SURNAME, POSITION, ASSIGNED_SHIFT_ID, FACTORY_ID) values (201, 'Helena', 'Havick', 'manager', 11, 3);
insert into EMPLOYEES (EMPLOYEE_ID, NAME, SURNAME, POSITION, ASSIGNED_SHIFT_ID, FACTORY_ID) values (202, 'Natty', 'Chidgey', 'manager', 14, 45);
insert into EMPLOYEES (EMPLOYEE_ID, NAME, SURNAME, POSITION, ASSIGNED_SHIFT_ID, FACTORY_ID) values (203, 'Benito', 'Cripwell', 'mechanic', 27, 95);
insert into EMPLOYEES (EMPLOYEE_ID, NAME, SURNAME, POSITION, ASSIGNED_SHIFT_ID, FACTORY_ID) values (204, 'Reagen', 'Beddoes', 'operator', 16, 51);
insert into EMPLOYEES (EMPLOYEE_ID, NAME, SURNAME, POSITION, ASSIGNED_SHIFT_ID, FACTORY_ID) values (205, 'Davie', 'Happer', 'manager', 30, 15);
insert into EMPLOYEES (EMPLOYEE_ID, NAME, SURNAME, POSITION, ASSIGNED_SHIFT_ID, FACTORY_ID) values (206, 'Christoper', 'Richly', 'operator', 13, 72);
insert into EMPLOYEES (EMPLOYEE_ID, NAME, SURNAME, POSITION, ASSIGNED_SHIFT_ID, FACTORY_ID) values (207, 'Eduardo', 'Coleman', 'operator', 11, 2);
insert into EMPLOYEES (EMPLOYEE_ID, NAME, SURNAME, POSITION, ASSIGNED_SHIFT_ID, FACTORY_ID) values (208, 'Thaddeus', 'Blose', 'security', 11, 53);
insert into EMPLOYEES (EMPLOYEE_ID, NAME, SURNAME, POSITION, ASSIGNED_SHIFT_ID, FACTORY_ID) values (209, 'Travis', 'Junkin', 'operator', 28, 84);
insert into EMPLOYEES (EMPLOYEE_ID, NAME, SURNAME, POSITION, ASSIGNED_SHIFT_ID, FACTORY_ID) values (210, 'Glenna', 'Pedracci', 'manager', 28, 65);
insert into EMPLOYEES (EMPLOYEE_ID, NAME, SURNAME, POSITION, ASSIGNED_SHIFT_ID, FACTORY_ID) values (211, 'Mignonne', 'MacKeller', 'operator', 3, 51);
insert into EMPLOYEES (EMPLOYEE_ID, NAME, SURNAME, POSITION, ASSIGNED_SHIFT_ID, FACTORY_ID) values (212, 'Annmaria', 'Wroth', 'security', 17, 16);
insert into EMPLOYEES (EMPLOYEE_ID, NAME, SURNAME, POSITION, ASSIGNED_SHIFT_ID, FACTORY_ID) values (213, 'Germana', 'Jefferys', 'manager', 23, 47);
insert into EMPLOYEES (EMPLOYEE_ID, NAME, SURNAME, POSITION, ASSIGNED_SHIFT_ID, FACTORY_ID) values (214, 'Irita', 'Griniov', 'operator', 26, 16);
insert into EMPLOYEES (EMPLOYEE_ID, NAME, SURNAME, POSITION, ASSIGNED_SHIFT_ID, FACTORY_ID) values (215, 'Betsey', 'Formie', 'mechanic', 20, 27);
insert into EMPLOYEES (EMPLOYEE_ID, NAME, SURNAME, POSITION, ASSIGNED_SHIFT_ID, FACTORY_ID) values (216, 'Colan', 'Millson', 'engineer', 3, 7);
insert into EMPLOYEES (EMPLOYEE_ID, NAME, SURNAME, POSITION, ASSIGNED_SHIFT_ID, FACTORY_ID) values (217, 'Bianca', 'Dmitrichenko', 'operator', 16, 55);
insert into EMPLOYEES (EMPLOYEE_ID, NAME, SURNAME, POSITION, ASSIGNED_SHIFT_ID, FACTORY_ID) values (218, 'Kellia', 'Soughton', 'engineer', 14, 38);
insert into EMPLOYEES (EMPLOYEE_ID, NAME, SURNAME, POSITION, ASSIGNED_SHIFT_ID, FACTORY_ID) values (219, 'Chelsea', 'Rivel', 'engineer', 6, 84);
insert into EMPLOYEES (EMPLOYEE_ID, NAME, SURNAME, POSITION, ASSIGNED_SHIFT_ID, FACTORY_ID) values (220, 'Harriot', 'Everson', 'mechanic', 28, 30);
insert into EMPLOYEES (EMPLOYEE_ID, NAME, SURNAME, POSITION, ASSIGNED_SHIFT_ID, FACTORY_ID) values (221, 'Ardra', 'Keddy', 'security', 16, 31);
insert into EMPLOYEES (EMPLOYEE_ID, NAME, SURNAME, POSITION, ASSIGNED_SHIFT_ID, FACTORY_ID) values (222, 'Onfroi', 'Jowitt', 'security', 28, 18);
insert into EMPLOYEES (EMPLOYEE_ID, NAME, SURNAME, POSITION, ASSIGNED_SHIFT_ID, FACTORY_ID) values (223, 'Kalvin', 'Bertomieu', 'manager', 24, 6);
insert into EMPLOYEES (EMPLOYEE_ID, NAME, SURNAME, POSITION, ASSIGNED_SHIFT_ID, FACTORY_ID) values (224, 'Nathanael', 'Van Hove', 'manager', 16, 65);
insert into EMPLOYEES (EMPLOYEE_ID, NAME, SURNAME, POSITION, ASSIGNED_SHIFT_ID, FACTORY_ID) values (225, 'Chet', 'Cowup', 'mechanic', 4, 84);
insert into EMPLOYEES (EMPLOYEE_ID, NAME, SURNAME, POSITION, ASSIGNED_SHIFT_ID, FACTORY_ID) values (226, 'Jaclyn', 'Marioneau', 'mechanic', 12, 77);
insert into EMPLOYEES (EMPLOYEE_ID, NAME, SURNAME, POSITION, ASSIGNED_SHIFT_ID, FACTORY_ID) values (227, 'Jerry', 'Dimitresco', 'mechanic', 18, 32);
insert into EMPLOYEES (EMPLOYEE_ID, NAME, SURNAME, POSITION, ASSIGNED_SHIFT_ID, FACTORY_ID) values (228, 'Thoma', 'Harden', 'engineer', 21, 82);
insert into EMPLOYEES (EMPLOYEE_ID, NAME, SURNAME, POSITION, ASSIGNED_SHIFT_ID, FACTORY_ID) values (229, 'Britta', 'Brunstan', 'security', 10, 59);
insert into EMPLOYEES (EMPLOYEE_ID, NAME, SURNAME, POSITION, ASSIGNED_SHIFT_ID, FACTORY_ID) values (230, 'Sonny', 'Dilliway', 'manager', 3, 19);
insert into EMPLOYEES (EMPLOYEE_ID, NAME, SURNAME, POSITION, ASSIGNED_SHIFT_ID, FACTORY_ID) values (231, 'Bud', 'Dawdary', 'security', 15, 51);
insert into EMPLOYEES (EMPLOYEE_ID, NAME, SURNAME, POSITION, ASSIGNED_SHIFT_ID, FACTORY_ID) values (232, 'Frannie', 'Heyworth', 'engineer', 13, 23);
insert into EMPLOYEES (EMPLOYEE_ID, NAME, SURNAME, POSITION, ASSIGNED_SHIFT_ID, FACTORY_ID) values (233, 'Dulcea', 'Lemmen', 'mechanic', 22, 69);
insert into EMPLOYEES (EMPLOYEE_ID, NAME, SURNAME, POSITION, ASSIGNED_SHIFT_ID, FACTORY_ID) values (234, 'Gallard', 'Brumen', 'operator', 4, 83);
insert into EMPLOYEES (EMPLOYEE_ID, NAME, SURNAME, POSITION, ASSIGNED_SHIFT_ID, FACTORY_ID) values (235, 'Cassandre', 'Ellesworth', 'manager', 22, 60);
insert into EMPLOYEES (EMPLOYEE_ID, NAME, SURNAME, POSITION, ASSIGNED_SHIFT_ID, FACTORY_ID) values (236, 'Deborah', 'Bentinck', 'operator', 29, 28);
insert into EMPLOYEES (EMPLOYEE_ID, NAME, SURNAME, POSITION, ASSIGNED_SHIFT_ID, FACTORY_ID) values (237, 'Merv', 'Haggus', 'security', 30, 37);
insert into EMPLOYEES (EMPLOYEE_ID, NAME, SURNAME, POSITION, ASSIGNED_SHIFT_ID, FACTORY_ID) values (238, 'Fred', 'Bartholat', 'manager', 29, 98);
insert into EMPLOYEES (EMPLOYEE_ID, NAME, SURNAME, POSITION, ASSIGNED_SHIFT_ID, FACTORY_ID) values (239, 'Innis', 'Cattini', 'operator', 18, 29);
insert into EMPLOYEES (EMPLOYEE_ID, NAME, SURNAME, POSITION, ASSIGNED_SHIFT_ID, FACTORY_ID) values (240, 'Karie', 'Cristou', 'operator', 3, 35);
insert into EMPLOYEES (EMPLOYEE_ID, NAME, SURNAME, POSITION, ASSIGNED_SHIFT_ID, FACTORY_ID) values (241, 'Babita', 'Ellingworth', 'manager', 5, 39);
insert into EMPLOYEES (EMPLOYEE_ID, NAME, SURNAME, POSITION, ASSIGNED_SHIFT_ID, FACTORY_ID) values (242, 'Thomas', 'Friend', 'manager', 4, 27);
insert into EMPLOYEES (EMPLOYEE_ID, NAME, SURNAME, POSITION, ASSIGNED_SHIFT_ID, FACTORY_ID) values (243, 'Boycie', 'Light', 'operator', 9, 47);
insert into EMPLOYEES (EMPLOYEE_ID, NAME, SURNAME, POSITION, ASSIGNED_SHIFT_ID, FACTORY_ID) values (244, 'Kristin', 'McHaffy', 'engineer', 14, 95);
insert into EMPLOYEES (EMPLOYEE_ID, NAME, SURNAME, POSITION, ASSIGNED_SHIFT_ID, FACTORY_ID) values (245, 'Dave', 'Bernon', 'engineer', 15, 39);
insert into EMPLOYEES (EMPLOYEE_ID, NAME, SURNAME, POSITION, ASSIGNED_SHIFT_ID, FACTORY_ID) values (246, 'Roy', 'Morgen', 'operator', 23, 68);
insert into EMPLOYEES (EMPLOYEE_ID, NAME, SURNAME, POSITION, ASSIGNED_SHIFT_ID, FACTORY_ID) values (247, 'Royall', 'Beckmann', 'mechanic', 1, 49);
insert into EMPLOYEES (EMPLOYEE_ID, NAME, SURNAME, POSITION, ASSIGNED_SHIFT_ID, FACTORY_ID) values (248, 'Stephannie', 'Morena', 'operator', 1, 20);
insert into EMPLOYEES (EMPLOYEE_ID, NAME, SURNAME, POSITION, ASSIGNED_SHIFT_ID, FACTORY_ID) values (249, 'Anthia', 'Langfield', 'engineer', 8, 86);
insert into EMPLOYEES (EMPLOYEE_ID, NAME, SURNAME, POSITION, ASSIGNED_SHIFT_ID, FACTORY_ID) values (250, 'Garey', 'Willbourne', 'engineer', 19, 4);
insert into EMPLOYEES (EMPLOYEE_ID, NAME, SURNAME, POSITION, ASSIGNED_SHIFT_ID, FACTORY_ID) values (251, 'Karlee', 'Haverty', 'manager', 5, 89);
insert into EMPLOYEES (EMPLOYEE_ID, NAME, SURNAME, POSITION, ASSIGNED_SHIFT_ID, FACTORY_ID) values (252, 'Scott', 'Geering', 'engineer', 1, 95);
insert into EMPLOYEES (EMPLOYEE_ID, NAME, SURNAME, POSITION, ASSIGNED_SHIFT_ID, FACTORY_ID) values (253, 'Gareth', 'Parysiak', 'operator', 17, 17);
insert into EMPLOYEES (EMPLOYEE_ID, NAME, SURNAME, POSITION, ASSIGNED_SHIFT_ID, FACTORY_ID) values (254, 'Rayna', 'Bickerdicke', 'manager', 2, 63);
insert into EMPLOYEES (EMPLOYEE_ID, NAME, SURNAME, POSITION, ASSIGNED_SHIFT_ID, FACTORY_ID) values (255, 'Chrisy', 'Sodo', 'security', 18, 2);
insert into EMPLOYEES (EMPLOYEE_ID, NAME, SURNAME, POSITION, ASSIGNED_SHIFT_ID, FACTORY_ID) values (256, 'Lyssa', 'Van der Linde', 'mechanic', 9, 71);
insert into EMPLOYEES (EMPLOYEE_ID, NAME, SURNAME, POSITION, ASSIGNED_SHIFT_ID, FACTORY_ID) values (257, 'Donella', 'Ollivierre', 'security', 18, 5);
insert into EMPLOYEES (EMPLOYEE_ID, NAME, SURNAME, POSITION, ASSIGNED_SHIFT_ID, FACTORY_ID) values (258, 'Junie', 'Kinny', 'mechanic', 21, 68);
insert into EMPLOYEES (EMPLOYEE_ID, NAME, SURNAME, POSITION, ASSIGNED_SHIFT_ID, FACTORY_ID) values (259, 'Gwenora', 'McKechnie', 'operator', 16, 22);
insert into EMPLOYEES (EMPLOYEE_ID, NAME, SURNAME, POSITION, ASSIGNED_SHIFT_ID, FACTORY_ID) values (260, 'Charity', 'Whittingham', 'mechanic', 28, 80);
insert into EMPLOYEES (EMPLOYEE_ID, NAME, SURNAME, POSITION, ASSIGNED_SHIFT_ID, FACTORY_ID) values (261, 'Fredrick', 'Vannah', 'engineer', 21, 59);
insert into EMPLOYEES (EMPLOYEE_ID, NAME, SURNAME, POSITION, ASSIGNED_SHIFT_ID, FACTORY_ID) values (262, 'Ly', 'Penhalurick', 'operator', 28, 34);
insert into EMPLOYEES (EMPLOYEE_ID, NAME, SURNAME, POSITION, ASSIGNED_SHIFT_ID, FACTORY_ID) values (263, 'Norene', 'Perritt', 'manager', 24, 47);
insert into EMPLOYEES (EMPLOYEE_ID, NAME, SURNAME, POSITION, ASSIGNED_SHIFT_ID, FACTORY_ID) values (264, 'Broddy', 'Wales', 'mechanic', 1, 57);
insert into EMPLOYEES (EMPLOYEE_ID, NAME, SURNAME, POSITION, ASSIGNED_SHIFT_ID, FACTORY_ID) values (265, 'Cassandry', 'Jepson', 'mechanic', 10, 74);
insert into EMPLOYEES (EMPLOYEE_ID, NAME, SURNAME, POSITION, ASSIGNED_SHIFT_ID, FACTORY_ID) values (266, 'Robert', 'Lombard', 'security', 29, 65);
insert into EMPLOYEES (EMPLOYEE_ID, NAME, SURNAME, POSITION, ASSIGNED_SHIFT_ID, FACTORY_ID) values (267, 'Lorita', 'Fillon', 'mechanic', 1, 93);
insert into EMPLOYEES (EMPLOYEE_ID, NAME, SURNAME, POSITION, ASSIGNED_SHIFT_ID, FACTORY_ID) values (268, 'Addison', 'Dudley', 'mechanic', 8, 22);
insert into EMPLOYEES (EMPLOYEE_ID, NAME, SURNAME, POSITION, ASSIGNED_SHIFT_ID, FACTORY_ID) values (269, 'Darwin', 'deKnevet', 'mechanic', 23, 5);
insert into EMPLOYEES (EMPLOYEE_ID, NAME, SURNAME, POSITION, ASSIGNED_SHIFT_ID, FACTORY_ID) values (270, 'Rustie', 'Schwandt', 'security', 9, 5);
insert into EMPLOYEES (EMPLOYEE_ID, NAME, SURNAME, POSITION, ASSIGNED_SHIFT_ID, FACTORY_ID) values (271, 'Brynn', 'Delgardo', 'engineer', 28, 13);
insert into EMPLOYEES (EMPLOYEE_ID, NAME, SURNAME, POSITION, ASSIGNED_SHIFT_ID, FACTORY_ID) values (272, 'Thekla', 'Nares', 'manager', 29, 29);
insert into EMPLOYEES (EMPLOYEE_ID, NAME, SURNAME, POSITION, ASSIGNED_SHIFT_ID, FACTORY_ID) values (273, 'Jewelle', 'Feasley', 'mechanic', 9, 73);
insert into EMPLOYEES (EMPLOYEE_ID, NAME, SURNAME, POSITION, ASSIGNED_SHIFT_ID, FACTORY_ID) values (274, 'Devondra', 'Westmore', 'security', 5, 12);
insert into EMPLOYEES (EMPLOYEE_ID, NAME, SURNAME, POSITION, ASSIGNED_SHIFT_ID, FACTORY_ID) values (275, 'Raphael', 'Hender', 'mechanic', 22, 53);
insert into EMPLOYEES (EMPLOYEE_ID, NAME, SURNAME, POSITION, ASSIGNED_SHIFT_ID, FACTORY_ID) values (276, 'Valentia', 'Strood', 'engineer', 1, 100);
insert into EMPLOYEES (EMPLOYEE_ID, NAME, SURNAME, POSITION, ASSIGNED_SHIFT_ID, FACTORY_ID) values (277, 'Goldina', 'Ruter', 'operator', 14, 54);
insert into EMPLOYEES (EMPLOYEE_ID, NAME, SURNAME, POSITION, ASSIGNED_SHIFT_ID, FACTORY_ID) values (278, 'Samara', 'Clewes', 'mechanic', 20, 60);
insert into EMPLOYEES (EMPLOYEE_ID, NAME, SURNAME, POSITION, ASSIGNED_SHIFT_ID, FACTORY_ID) values (279, 'Arline', 'Houltham', 'mechanic', 5, 65);
insert into EMPLOYEES (EMPLOYEE_ID, NAME, SURNAME, POSITION, ASSIGNED_SHIFT_ID, FACTORY_ID) values (280, 'Anabel', 'Goldwater', 'operator', 23, 86);
insert into EMPLOYEES (EMPLOYEE_ID, NAME, SURNAME, POSITION, ASSIGNED_SHIFT_ID, FACTORY_ID) values (281, 'Raul', 'Sangwin', 'operator', 24, 6);
insert into EMPLOYEES (EMPLOYEE_ID, NAME, SURNAME, POSITION, ASSIGNED_SHIFT_ID, FACTORY_ID) values (282, 'Genevra', 'Loveitt', 'security', 9, 6);
insert into EMPLOYEES (EMPLOYEE_ID, NAME, SURNAME, POSITION, ASSIGNED_SHIFT_ID, FACTORY_ID) values (283, 'Ave', 'Oury', 'manager', 27, 41);
insert into EMPLOYEES (EMPLOYEE_ID, NAME, SURNAME, POSITION, ASSIGNED_SHIFT_ID, FACTORY_ID) values (284, 'Stanley', 'Minot', 'operator', 25, 45);
insert into EMPLOYEES (EMPLOYEE_ID, NAME, SURNAME, POSITION, ASSIGNED_SHIFT_ID, FACTORY_ID) values (285, 'Poppy', 'Eldridge', 'engineer', 3, 2);
insert into EMPLOYEES (EMPLOYEE_ID, NAME, SURNAME, POSITION, ASSIGNED_SHIFT_ID, FACTORY_ID) values (286, 'Brita', 'Crees', 'engineer', 20, 41);
insert into EMPLOYEES (EMPLOYEE_ID, NAME, SURNAME, POSITION, ASSIGNED_SHIFT_ID, FACTORY_ID) values (287, 'Mathew', 'Leere', 'security', 2, 54);
insert into EMPLOYEES (EMPLOYEE_ID, NAME, SURNAME, POSITION, ASSIGNED_SHIFT_ID, FACTORY_ID) values (288, 'Sherman', 'Dreini', 'operator', 8, 41);
insert into EMPLOYEES (EMPLOYEE_ID, NAME, SURNAME, POSITION, ASSIGNED_SHIFT_ID, FACTORY_ID) values (289, 'Gray', 'Cassell', 'security', 17, 52);
insert into EMPLOYEES (EMPLOYEE_ID, NAME, SURNAME, POSITION, ASSIGNED_SHIFT_ID, FACTORY_ID) values (290, 'Cristy', 'Pessold', 'engineer', 11, 53);
insert into EMPLOYEES (EMPLOYEE_ID, NAME, SURNAME, POSITION, ASSIGNED_SHIFT_ID, FACTORY_ID) values (291, 'Jackqueline', 'Melbury', 'operator', 1, 50);
insert into EMPLOYEES (EMPLOYEE_ID, NAME, SURNAME, POSITION, ASSIGNED_SHIFT_ID, FACTORY_ID) values (292, 'Jazmin', 'Halloway', 'engineer', 16, 92);
insert into EMPLOYEES (EMPLOYEE_ID, NAME, SURNAME, POSITION, ASSIGNED_SHIFT_ID, FACTORY_ID) values (293, 'Charlton', 'Hurrell', 'operator', 23, 99);
insert into EMPLOYEES (EMPLOYEE_ID, NAME, SURNAME, POSITION, ASSIGNED_SHIFT_ID, FACTORY_ID) values (294, 'Erasmus', 'Wanderschek', 'mechanic', 19, 23);
insert into EMPLOYEES (EMPLOYEE_ID, NAME, SURNAME, POSITION, ASSIGNED_SHIFT_ID, FACTORY_ID) values (295, 'Valentine', 'Niset', 'operator', 7, 76);
insert into EMPLOYEES (EMPLOYEE_ID, NAME, SURNAME, POSITION, ASSIGNED_SHIFT_ID, FACTORY_ID) values (296, 'Lacie', 'Thackwray', 'operator', 3, 25);
insert into EMPLOYEES (EMPLOYEE_ID, NAME, SURNAME, POSITION, ASSIGNED_SHIFT_ID, FACTORY_ID) values (297, 'Tricia', 'Wild', 'mechanic', 16, 30);
insert into EMPLOYEES (EMPLOYEE_ID, NAME, SURNAME, POSITION, ASSIGNED_SHIFT_ID, FACTORY_ID) values (298, 'Gaven', 'Mault', 'manager', 11, 10);
insert into EMPLOYEES (EMPLOYEE_ID, NAME, SURNAME, POSITION, ASSIGNED_SHIFT_ID, FACTORY_ID) values (299, 'Josefina', 'Bachshell', 'manager', 26, 16);
insert into EMPLOYEES (EMPLOYEE_ID, NAME, SURNAME, POSITION, ASSIGNED_SHIFT_ID, FACTORY_ID) values (300, 'Shanta', 'Crookston', 'security', 28, 98);
insert into EMPLOYEES (EMPLOYEE_ID, NAME, SURNAME, POSITION, ASSIGNED_SHIFT_ID, FACTORY_ID) values (301, 'Shepard', 'Rosewarne', 'engineer', 4, 78);
insert into EMPLOYEES (EMPLOYEE_ID, NAME, SURNAME, POSITION, ASSIGNED_SHIFT_ID, FACTORY_ID) values (302, 'Lynsey', 'Matthiesen', 'mechanic', 1, 80);
insert into EMPLOYEES (EMPLOYEE_ID, NAME, SURNAME, POSITION, ASSIGNED_SHIFT_ID, FACTORY_ID) values (303, 'Saraann', 'Cumbridge', 'manager', 2, 71);
insert into EMPLOYEES (EMPLOYEE_ID, NAME, SURNAME, POSITION, ASSIGNED_SHIFT_ID, FACTORY_ID) values (304, 'Derby', 'Pelham', 'engineer', 13, 19);
insert into EMPLOYEES (EMPLOYEE_ID, NAME, SURNAME, POSITION, ASSIGNED_SHIFT_ID, FACTORY_ID) values (305, 'Khalil', 'Daltry', 'manager', 28, 14);
insert into EMPLOYEES (EMPLOYEE_ID, NAME, SURNAME, POSITION, ASSIGNED_SHIFT_ID, FACTORY_ID) values (306, 'Weylin', 'Jerger', 'manager', 13, 73);
insert into EMPLOYEES (EMPLOYEE_ID, NAME, SURNAME, POSITION, ASSIGNED_SHIFT_ID, FACTORY_ID) values (307, 'Vassily', 'Forsdyke', 'manager', 27, 60);
insert into EMPLOYEES (EMPLOYEE_ID, NAME, SURNAME, POSITION, ASSIGNED_SHIFT_ID, FACTORY_ID) values (308, 'Anestassia', 'Tunnicliffe', 'mechanic', 4, 85);
insert into EMPLOYEES (EMPLOYEE_ID, NAME, SURNAME, POSITION, ASSIGNED_SHIFT_ID, FACTORY_ID) values (309, 'Son', 'Mansel', 'security', 14, 77);
insert into EMPLOYEES (EMPLOYEE_ID, NAME, SURNAME, POSITION, ASSIGNED_SHIFT_ID, FACTORY_ID) values (310, 'Nahum', 'Markushkin', 'security', 14, 29);
insert into EMPLOYEES (EMPLOYEE_ID, NAME, SURNAME, POSITION, ASSIGNED_SHIFT_ID, FACTORY_ID) values (311, 'Thibaut', 'Minards', 'security', 27, 21);
insert into EMPLOYEES (EMPLOYEE_ID, NAME, SURNAME, POSITION, ASSIGNED_SHIFT_ID, FACTORY_ID) values (312, 'Donnell', 'Geck', 'manager', 11, 76);
insert into EMPLOYEES (EMPLOYEE_ID, NAME, SURNAME, POSITION, ASSIGNED_SHIFT_ID, FACTORY_ID) values (313, 'Aloysia', 'Frayling', 'security', 14, 86);
insert into EMPLOYEES (EMPLOYEE_ID, NAME, SURNAME, POSITION, ASSIGNED_SHIFT_ID, FACTORY_ID) values (314, 'Beckie', 'McVanamy', 'mechanic', 29, 44);
insert into EMPLOYEES (EMPLOYEE_ID, NAME, SURNAME, POSITION, ASSIGNED_SHIFT_ID, FACTORY_ID) values (315, 'Becka', 'Ivatts', 'manager', 16, 51);
insert into EMPLOYEES (EMPLOYEE_ID, NAME, SURNAME, POSITION, ASSIGNED_SHIFT_ID, FACTORY_ID) values (316, 'Nadeen', 'Callow', 'mechanic', 10, 17);
insert into EMPLOYEES (EMPLOYEE_ID, NAME, SURNAME, POSITION, ASSIGNED_SHIFT_ID, FACTORY_ID) values (317, 'Alonzo', 'Stuehmeyer', 'engineer', 8, 28);
insert into EMPLOYEES (EMPLOYEE_ID, NAME, SURNAME, POSITION, ASSIGNED_SHIFT_ID, FACTORY_ID) values (318, 'Maryjane', 'Kidman', 'engineer', 13, 100);
insert into EMPLOYEES (EMPLOYEE_ID, NAME, SURNAME, POSITION, ASSIGNED_SHIFT_ID, FACTORY_ID) values (319, 'Cherie', 'Callister', 'engineer', 25, 61);
insert into EMPLOYEES (EMPLOYEE_ID, NAME, SURNAME, POSITION, ASSIGNED_SHIFT_ID, FACTORY_ID) values (320, 'Gearard', 'Dymott', 'mechanic', 27, 48);
insert into EMPLOYEES (EMPLOYEE_ID, NAME, SURNAME, POSITION, ASSIGNED_SHIFT_ID, FACTORY_ID) values (321, 'Chad', 'Decreuze', 'operator', 3, 6);
insert into EMPLOYEES (EMPLOYEE_ID, NAME, SURNAME, POSITION, ASSIGNED_SHIFT_ID, FACTORY_ID) values (322, 'Reinaldo', 'Buddington', 'engineer', 9, 29);
insert into EMPLOYEES (EMPLOYEE_ID, NAME, SURNAME, POSITION, ASSIGNED_SHIFT_ID, FACTORY_ID) values (323, 'Murvyn', 'Dyson', 'operator', 11, 73);
insert into EMPLOYEES (EMPLOYEE_ID, NAME, SURNAME, POSITION, ASSIGNED_SHIFT_ID, FACTORY_ID) values (324, 'Nikki', 'Comberbach', 'operator', 1, 54);
insert into EMPLOYEES (EMPLOYEE_ID, NAME, SURNAME, POSITION, ASSIGNED_SHIFT_ID, FACTORY_ID) values (325, 'Torrance', 'Cancutt', 'manager', 5, 81);
insert into EMPLOYEES (EMPLOYEE_ID, NAME, SURNAME, POSITION, ASSIGNED_SHIFT_ID, FACTORY_ID) values (326, 'Roda', 'Rapi', 'operator', 20, 63);
insert into EMPLOYEES (EMPLOYEE_ID, NAME, SURNAME, POSITION, ASSIGNED_SHIFT_ID, FACTORY_ID) values (327, 'Mathe', 'Defrain', 'security', 14, 87);
insert into EMPLOYEES (EMPLOYEE_ID, NAME, SURNAME, POSITION, ASSIGNED_SHIFT_ID, FACTORY_ID) values (328, 'Mile', 'O''Doireidh', 'mechanic', 22, 85);
insert into EMPLOYEES (EMPLOYEE_ID, NAME, SURNAME, POSITION, ASSIGNED_SHIFT_ID, FACTORY_ID) values (329, 'Colline', 'Seals', 'manager', 27, 27);
insert into EMPLOYEES (EMPLOYEE_ID, NAME, SURNAME, POSITION, ASSIGNED_SHIFT_ID, FACTORY_ID) values (330, 'Adel', 'Cromett', 'mechanic', 13, 83);
insert into EMPLOYEES (EMPLOYEE_ID, NAME, SURNAME, POSITION, ASSIGNED_SHIFT_ID, FACTORY_ID) values (331, 'Tarah', 'Petow', 'mechanic', 28, 56);
insert into EMPLOYEES (EMPLOYEE_ID, NAME, SURNAME, POSITION, ASSIGNED_SHIFT_ID, FACTORY_ID) values (332, 'Riley', 'Lamberteschi', 'security', 3, 91);
insert into EMPLOYEES (EMPLOYEE_ID, NAME, SURNAME, POSITION, ASSIGNED_SHIFT_ID, FACTORY_ID) values (333, 'Kimmie', 'Risborough', 'engineer', 28, 34);
insert into EMPLOYEES (EMPLOYEE_ID, NAME, SURNAME, POSITION, ASSIGNED_SHIFT_ID, FACTORY_ID) values (334, 'Heather', 'Geri', 'mechanic', 14, 58);
insert into EMPLOYEES (EMPLOYEE_ID, NAME, SURNAME, POSITION, ASSIGNED_SHIFT_ID, FACTORY_ID) values (335, 'Lesley', 'Vidineev', 'security', 9, 6);
insert into EMPLOYEES (EMPLOYEE_ID, NAME, SURNAME, POSITION, ASSIGNED_SHIFT_ID, FACTORY_ID) values (336, 'Spike', 'Bronger', 'security', 3, 18);
insert into EMPLOYEES (EMPLOYEE_ID, NAME, SURNAME, POSITION, ASSIGNED_SHIFT_ID, FACTORY_ID) values (337, 'Vivie', 'Buyers', 'engineer', 28, 94);
insert into EMPLOYEES (EMPLOYEE_ID, NAME, SURNAME, POSITION, ASSIGNED_SHIFT_ID, FACTORY_ID) values (338, 'Frasier', 'Musprat', 'operator', 16, 50);
insert into EMPLOYEES (EMPLOYEE_ID, NAME, SURNAME, POSITION, ASSIGNED_SHIFT_ID, FACTORY_ID) values (339, 'Gustav', 'Jahnel', 'operator', 30, 4);
insert into EMPLOYEES (EMPLOYEE_ID, NAME, SURNAME, POSITION, ASSIGNED_SHIFT_ID, FACTORY_ID) values (340, 'Marigold', 'Gawn', 'security', 11, 89);
insert into EMPLOYEES (EMPLOYEE_ID, NAME, SURNAME, POSITION, ASSIGNED_SHIFT_ID, FACTORY_ID) values (341, 'Gauthier', 'Binion', 'security', 16, 88);
insert into EMPLOYEES (EMPLOYEE_ID, NAME, SURNAME, POSITION, ASSIGNED_SHIFT_ID, FACTORY_ID) values (342, 'Lexie', 'Mellanby', 'engineer', 4, 28);
insert into EMPLOYEES (EMPLOYEE_ID, NAME, SURNAME, POSITION, ASSIGNED_SHIFT_ID, FACTORY_ID) values (343, 'Dollie', 'Vaun', 'manager', 22, 74);
insert into EMPLOYEES (EMPLOYEE_ID, NAME, SURNAME, POSITION, ASSIGNED_SHIFT_ID, FACTORY_ID) values (344, 'Ofelia', 'Waind', 'manager', 23, 8);
insert into EMPLOYEES (EMPLOYEE_ID, NAME, SURNAME, POSITION, ASSIGNED_SHIFT_ID, FACTORY_ID) values (345, 'Abe', 'Knellen', 'mechanic', 9, 18);
insert into EMPLOYEES (EMPLOYEE_ID, NAME, SURNAME, POSITION, ASSIGNED_SHIFT_ID, FACTORY_ID) values (346, 'Vick', 'Benger', 'security', 30, 80);
insert into EMPLOYEES (EMPLOYEE_ID, NAME, SURNAME, POSITION, ASSIGNED_SHIFT_ID, FACTORY_ID) values (347, 'Leonardo', 'Wheelwright', 'mechanic', 23, 56);
insert into EMPLOYEES (EMPLOYEE_ID, NAME, SURNAME, POSITION, ASSIGNED_SHIFT_ID, FACTORY_ID) values (348, 'Liana', 'Whyard', 'operator', 14, 54);
insert into EMPLOYEES (EMPLOYEE_ID, NAME, SURNAME, POSITION, ASSIGNED_SHIFT_ID, FACTORY_ID) values (349, 'Trev', 'Harrap', 'security', 30, 52);
insert into EMPLOYEES (EMPLOYEE_ID, NAME, SURNAME, POSITION, ASSIGNED_SHIFT_ID, FACTORY_ID) values (350, 'Tony', 'Notman', 'mechanic', 23, 16);
insert into EMPLOYEES (EMPLOYEE_ID, NAME, SURNAME, POSITION, ASSIGNED_SHIFT_ID, FACTORY_ID) values (351, 'Carla', 'Palke', 'security', 22, 13);
insert into EMPLOYEES (EMPLOYEE_ID, NAME, SURNAME, POSITION, ASSIGNED_SHIFT_ID, FACTORY_ID) values (352, 'Jerrine', 'Freiburger', 'mechanic', 16, 46);
insert into EMPLOYEES (EMPLOYEE_ID, NAME, SURNAME, POSITION, ASSIGNED_SHIFT_ID, FACTORY_ID) values (353, 'Benny', 'Goolden', 'manager', 2, 80);
insert into EMPLOYEES (EMPLOYEE_ID, NAME, SURNAME, POSITION, ASSIGNED_SHIFT_ID, FACTORY_ID) values (354, 'Bary', 'Regler', 'operator', 17, 69);
insert into EMPLOYEES (EMPLOYEE_ID, NAME, SURNAME, POSITION, ASSIGNED_SHIFT_ID, FACTORY_ID) values (355, 'Orton', 'Wegner', 'security', 1, 41);
insert into EMPLOYEES (EMPLOYEE_ID, NAME, SURNAME, POSITION, ASSIGNED_SHIFT_ID, FACTORY_ID) values (356, 'Carey', 'Mackriell', 'engineer', 27, 84);
insert into EMPLOYEES (EMPLOYEE_ID, NAME, SURNAME, POSITION, ASSIGNED_SHIFT_ID, FACTORY_ID) values (357, 'Diann', 'Cobbold', 'security', 20, 2);
insert into EMPLOYEES (EMPLOYEE_ID, NAME, SURNAME, POSITION, ASSIGNED_SHIFT_ID, FACTORY_ID) values (358, 'Ezmeralda', 'Dunford', 'mechanic', 4, 73);
insert into EMPLOYEES (EMPLOYEE_ID, NAME, SURNAME, POSITION, ASSIGNED_SHIFT_ID, FACTORY_ID) values (359, 'Berkly', 'Gumm', 'operator', 22, 41);
insert into EMPLOYEES (EMPLOYEE_ID, NAME, SURNAME, POSITION, ASSIGNED_SHIFT_ID, FACTORY_ID) values (360, 'Jareb', 'Dutch', 'manager', 3, 21);
insert into EMPLOYEES (EMPLOYEE_ID, NAME, SURNAME, POSITION, ASSIGNED_SHIFT_ID, FACTORY_ID) values (361, 'Edith', 'Tampen', 'manager', 18, 94);
insert into EMPLOYEES (EMPLOYEE_ID, NAME, SURNAME, POSITION, ASSIGNED_SHIFT_ID, FACTORY_ID) values (362, 'Shae', 'Phittiplace', 'engineer', 30, 27);
insert into EMPLOYEES (EMPLOYEE_ID, NAME, SURNAME, POSITION, ASSIGNED_SHIFT_ID, FACTORY_ID) values (363, 'Nikolai', 'Tranter', 'security', 5, 80);
insert into EMPLOYEES (EMPLOYEE_ID, NAME, SURNAME, POSITION, ASSIGNED_SHIFT_ID, FACTORY_ID) values (364, 'Geraldine', 'McInnerny', 'engineer', 25, 58);
insert into EMPLOYEES (EMPLOYEE_ID, NAME, SURNAME, POSITION, ASSIGNED_SHIFT_ID, FACTORY_ID) values (365, 'Keelby', 'Fairholme', 'security', 3, 49);
insert into EMPLOYEES (EMPLOYEE_ID, NAME, SURNAME, POSITION, ASSIGNED_SHIFT_ID, FACTORY_ID) values (366, 'Corliss', 'Orhtmann', 'operator', 5, 22);
insert into EMPLOYEES (EMPLOYEE_ID, NAME, SURNAME, POSITION, ASSIGNED_SHIFT_ID, FACTORY_ID) values (367, 'Grayce', 'Prestidge', 'mechanic', 17, 10);
insert into EMPLOYEES (EMPLOYEE_ID, NAME, SURNAME, POSITION, ASSIGNED_SHIFT_ID, FACTORY_ID) values (368, 'Thebault', 'Land', 'operator', 11, 54);
insert into EMPLOYEES (EMPLOYEE_ID, NAME, SURNAME, POSITION, ASSIGNED_SHIFT_ID, FACTORY_ID) values (369, 'Shaine', 'Edmonson', 'mechanic', 4, 36);
insert into EMPLOYEES (EMPLOYEE_ID, NAME, SURNAME, POSITION, ASSIGNED_SHIFT_ID, FACTORY_ID) values (370, 'Hewitt', 'Renny', 'mechanic', 26, 72);
insert into EMPLOYEES (EMPLOYEE_ID, NAME, SURNAME, POSITION, ASSIGNED_SHIFT_ID, FACTORY_ID) values (371, 'Lelah', 'Betjes', 'engineer', 25, 13);
insert into EMPLOYEES (EMPLOYEE_ID, NAME, SURNAME, POSITION, ASSIGNED_SHIFT_ID, FACTORY_ID) values (372, 'Latrena', 'McPeake', 'operator', 8, 14);
insert into EMPLOYEES (EMPLOYEE_ID, NAME, SURNAME, POSITION, ASSIGNED_SHIFT_ID, FACTORY_ID) values (373, 'Jilli', 'Shipway', 'mechanic', 24, 43);
insert into EMPLOYEES (EMPLOYEE_ID, NAME, SURNAME, POSITION, ASSIGNED_SHIFT_ID, FACTORY_ID) values (374, 'Cad', 'Maryska', 'mechanic', 5, 81);
insert into EMPLOYEES (EMPLOYEE_ID, NAME, SURNAME, POSITION, ASSIGNED_SHIFT_ID, FACTORY_ID) values (375, 'Gardie', 'Gelling', 'manager', 12, 27);
insert into EMPLOYEES (EMPLOYEE_ID, NAME, SURNAME, POSITION, ASSIGNED_SHIFT_ID, FACTORY_ID) values (376, 'Morrie', 'Olensby', 'engineer', 19, 98);
insert into EMPLOYEES (EMPLOYEE_ID, NAME, SURNAME, POSITION, ASSIGNED_SHIFT_ID, FACTORY_ID) values (377, 'Bondie', 'Mourant', 'mechanic', 9, 58);
insert into EMPLOYEES (EMPLOYEE_ID, NAME, SURNAME, POSITION, ASSIGNED_SHIFT_ID, FACTORY_ID) values (378, 'Sara-ann', 'Sherlaw', 'operator', 11, 9);
insert into EMPLOYEES (EMPLOYEE_ID, NAME, SURNAME, POSITION, ASSIGNED_SHIFT_ID, FACTORY_ID) values (379, 'Pincas', 'Barok', 'engineer', 13, 13);
insert into EMPLOYEES (EMPLOYEE_ID, NAME, SURNAME, POSITION, ASSIGNED_SHIFT_ID, FACTORY_ID) values (380, 'Samantha', 'Georg', 'mechanic', 10, 64);
insert into EMPLOYEES (EMPLOYEE_ID, NAME, SURNAME, POSITION, ASSIGNED_SHIFT_ID, FACTORY_ID) values (381, 'Ariadne', 'Smeath', 'security', 2, 10);
insert into EMPLOYEES (EMPLOYEE_ID, NAME, SURNAME, POSITION, ASSIGNED_SHIFT_ID, FACTORY_ID) values (382, 'Bartel', 'Lievesley', 'mechanic', 25, 22);
insert into EMPLOYEES (EMPLOYEE_ID, NAME, SURNAME, POSITION, ASSIGNED_SHIFT_ID, FACTORY_ID) values (383, 'Arley', 'Elster', 'mechanic', 24, 41);
insert into EMPLOYEES (EMPLOYEE_ID, NAME, SURNAME, POSITION, ASSIGNED_SHIFT_ID, FACTORY_ID) values (384, 'Liliane', 'Peiser', 'manager', 6, 73);
insert into EMPLOYEES (EMPLOYEE_ID, NAME, SURNAME, POSITION, ASSIGNED_SHIFT_ID, FACTORY_ID) values (385, 'Tedmund', 'Lorenzin', 'security', 24, 59);
insert into EMPLOYEES (EMPLOYEE_ID, NAME, SURNAME, POSITION, ASSIGNED_SHIFT_ID, FACTORY_ID) values (386, 'Marla', 'Blasi', 'engineer', 11, 90);
insert into EMPLOYEES (EMPLOYEE_ID, NAME, SURNAME, POSITION, ASSIGNED_SHIFT_ID, FACTORY_ID) values (387, 'Lorraine', 'Pescod', 'security', 11, 3);
insert into EMPLOYEES (EMPLOYEE_ID, NAME, SURNAME, POSITION, ASSIGNED_SHIFT_ID, FACTORY_ID) values (388, 'Timmie', 'Chedzoy', 'operator', 19, 88);
insert into EMPLOYEES (EMPLOYEE_ID, NAME, SURNAME, POSITION, ASSIGNED_SHIFT_ID, FACTORY_ID) values (389, 'Arabel', 'Chong', 'security', 4, 84);
insert into EMPLOYEES (EMPLOYEE_ID, NAME, SURNAME, POSITION, ASSIGNED_SHIFT_ID, FACTORY_ID) values (390, 'Angel', 'Besset', 'operator', 27, 74);
insert into EMPLOYEES (EMPLOYEE_ID, NAME, SURNAME, POSITION, ASSIGNED_SHIFT_ID, FACTORY_ID) values (391, 'Cornall', 'Patkin', 'manager', 4, 42);
insert into EMPLOYEES (EMPLOYEE_ID, NAME, SURNAME, POSITION, ASSIGNED_SHIFT_ID, FACTORY_ID) values (392, 'Ivar', 'Jaime', 'mechanic', 12, 80);
insert into EMPLOYEES (EMPLOYEE_ID, NAME, SURNAME, POSITION, ASSIGNED_SHIFT_ID, FACTORY_ID) values (393, 'Birgit', 'McGinn', 'operator', 7, 3);
insert into EMPLOYEES (EMPLOYEE_ID, NAME, SURNAME, POSITION, ASSIGNED_SHIFT_ID, FACTORY_ID) values (394, 'Nicolas', 'Siemens', 'manager', 13, 94);
insert into EMPLOYEES (EMPLOYEE_ID, NAME, SURNAME, POSITION, ASSIGNED_SHIFT_ID, FACTORY_ID) values (395, 'Prisca', 'Livett', 'security', 29, 20);
insert into EMPLOYEES (EMPLOYEE_ID, NAME, SURNAME, POSITION, ASSIGNED_SHIFT_ID, FACTORY_ID) values (396, 'Liane', 'Cockling', 'manager', 1, 22);
insert into EMPLOYEES (EMPLOYEE_ID, NAME, SURNAME, POSITION, ASSIGNED_SHIFT_ID, FACTORY_ID) values (397, 'Tabitha', 'Goss', 'operator', 14, 64);
insert into EMPLOYEES (EMPLOYEE_ID, NAME, SURNAME, POSITION, ASSIGNED_SHIFT_ID, FACTORY_ID) values (398, 'Cyrill', 'Iuorio', 'security', 30, 59);
insert into EMPLOYEES (EMPLOYEE_ID, NAME, SURNAME, POSITION, ASSIGNED_SHIFT_ID, FACTORY_ID) values (399, 'Chrisse', 'Krugmann', 'engineer', 9, 88);
insert into EMPLOYEES (EMPLOYEE_ID, NAME, SURNAME, POSITION, ASSIGNED_SHIFT_ID, FACTORY_ID) values (400, 'Lacey', 'Franks', 'security', 27, 24);
insert into EMPLOYEES (EMPLOYEE_ID, NAME, SURNAME, POSITION, ASSIGNED_SHIFT_ID, FACTORY_ID) values (401, 'Modestine', 'Cella', 'manager', 28, 13);
insert into EMPLOYEES (EMPLOYEE_ID, NAME, SURNAME, POSITION, ASSIGNED_SHIFT_ID, FACTORY_ID) values (402, 'Jermain', 'O'' Culligan', 'operator', 24, 64);
insert into EMPLOYEES (EMPLOYEE_ID, NAME, SURNAME, POSITION, ASSIGNED_SHIFT_ID, FACTORY_ID) values (403, 'Tandy', 'Northen', 'security', 26, 85);
insert into EMPLOYEES (EMPLOYEE_ID, NAME, SURNAME, POSITION, ASSIGNED_SHIFT_ID, FACTORY_ID) values (404, 'Far', 'Domaschke', 'mechanic', 2, 6);
insert into EMPLOYEES (EMPLOYEE_ID, NAME, SURNAME, POSITION, ASSIGNED_SHIFT_ID, FACTORY_ID) values (405, 'Denice', 'Kinvan', 'manager', 22, 3);
insert into EMPLOYEES (EMPLOYEE_ID, NAME, SURNAME, POSITION, ASSIGNED_SHIFT_ID, FACTORY_ID) values (406, 'Alejoa', 'Skures', 'engineer', 8, 22);
insert into EMPLOYEES (EMPLOYEE_ID, NAME, SURNAME, POSITION, ASSIGNED_SHIFT_ID, FACTORY_ID) values (407, 'Burk', 'Tomala', 'engineer', 1, 53);
insert into EMPLOYEES (EMPLOYEE_ID, NAME, SURNAME, POSITION, ASSIGNED_SHIFT_ID, FACTORY_ID) values (408, 'Jarvis', 'Bickerstaff', 'manager', 25, 8);
insert into EMPLOYEES (EMPLOYEE_ID, NAME, SURNAME, POSITION, ASSIGNED_SHIFT_ID, FACTORY_ID) values (409, 'Rex', 'Gallaway', 'security', 7, 79);
insert into EMPLOYEES (EMPLOYEE_ID, NAME, SURNAME, POSITION, ASSIGNED_SHIFT_ID, FACTORY_ID) values (410, 'Adi', 'Duggan', 'mechanic', 29, 48);
insert into EMPLOYEES (EMPLOYEE_ID, NAME, SURNAME, POSITION, ASSIGNED_SHIFT_ID, FACTORY_ID) values (411, 'Abel', 'Langston', 'security', 19, 37);
insert into EMPLOYEES (EMPLOYEE_ID, NAME, SURNAME, POSITION, ASSIGNED_SHIFT_ID, FACTORY_ID) values (412, 'Cammie', 'Somerville', 'operator', 15, 24);
insert into EMPLOYEES (EMPLOYEE_ID, NAME, SURNAME, POSITION, ASSIGNED_SHIFT_ID, FACTORY_ID) values (413, 'Adan', 'Kleinmann', 'mechanic', 30, 33);
insert into EMPLOYEES (EMPLOYEE_ID, NAME, SURNAME, POSITION, ASSIGNED_SHIFT_ID, FACTORY_ID) values (414, 'Angele', 'Longo', 'engineer', 13, 36);
insert into EMPLOYEES (EMPLOYEE_ID, NAME, SURNAME, POSITION, ASSIGNED_SHIFT_ID, FACTORY_ID) values (415, 'Walsh', 'Pithcock', 'operator', 10, 53);
insert into EMPLOYEES (EMPLOYEE_ID, NAME, SURNAME, POSITION, ASSIGNED_SHIFT_ID, FACTORY_ID) values (416, 'Barbee', 'Hartzenberg', 'mechanic', 10, 86);
insert into EMPLOYEES (EMPLOYEE_ID, NAME, SURNAME, POSITION, ASSIGNED_SHIFT_ID, FACTORY_ID) values (417, 'Hedy', 'MacCaghan', 'security', 18, 64);
insert into EMPLOYEES (EMPLOYEE_ID, NAME, SURNAME, POSITION, ASSIGNED_SHIFT_ID, FACTORY_ID) values (418, 'Albie', 'Shepland', 'security', 17, 4);
insert into EMPLOYEES (EMPLOYEE_ID, NAME, SURNAME, POSITION, ASSIGNED_SHIFT_ID, FACTORY_ID) values (419, 'Amata', 'Deavin', 'mechanic', 5, 18);
insert into EMPLOYEES (EMPLOYEE_ID, NAME, SURNAME, POSITION, ASSIGNED_SHIFT_ID, FACTORY_ID) values (420, 'Wynnie', 'Halston', 'manager', 26, 3);
insert into EMPLOYEES (EMPLOYEE_ID, NAME, SURNAME, POSITION, ASSIGNED_SHIFT_ID, FACTORY_ID) values (421, 'Neal', 'Pagin', 'manager', 28, 49);
insert into EMPLOYEES (EMPLOYEE_ID, NAME, SURNAME, POSITION, ASSIGNED_SHIFT_ID, FACTORY_ID) values (422, 'Thorny', 'Tayt', 'operator', 8, 36);
insert into EMPLOYEES (EMPLOYEE_ID, NAME, SURNAME, POSITION, ASSIGNED_SHIFT_ID, FACTORY_ID) values (423, 'Curry', 'Dayly', 'mechanic', 14, 33);
insert into EMPLOYEES (EMPLOYEE_ID, NAME, SURNAME, POSITION, ASSIGNED_SHIFT_ID, FACTORY_ID) values (424, 'Germayne', 'Ciotti', 'security', 21, 53);
insert into EMPLOYEES (EMPLOYEE_ID, NAME, SURNAME, POSITION, ASSIGNED_SHIFT_ID, FACTORY_ID) values (425, 'Ailyn', 'Pointing', 'operator', 5, 69);
insert into EMPLOYEES (EMPLOYEE_ID, NAME, SURNAME, POSITION, ASSIGNED_SHIFT_ID, FACTORY_ID) values (426, 'Zebedee', 'Pandie', 'mechanic', 18, 89);
insert into EMPLOYEES (EMPLOYEE_ID, NAME, SURNAME, POSITION, ASSIGNED_SHIFT_ID, FACTORY_ID) values (427, 'Devondra', 'Sporton', 'manager', 20, 85);
insert into EMPLOYEES (EMPLOYEE_ID, NAME, SURNAME, POSITION, ASSIGNED_SHIFT_ID, FACTORY_ID) values (428, 'Waldemar', 'Pearcy', 'manager', 26, 58);
insert into EMPLOYEES (EMPLOYEE_ID, NAME, SURNAME, POSITION, ASSIGNED_SHIFT_ID, FACTORY_ID) values (429, 'Elyssa', 'Scading', 'operator', 30, 37);
insert into EMPLOYEES (EMPLOYEE_ID, NAME, SURNAME, POSITION, ASSIGNED_SHIFT_ID, FACTORY_ID) values (430, 'Marcello', 'Brunsen', 'security', 3, 25);
insert into EMPLOYEES (EMPLOYEE_ID, NAME, SURNAME, POSITION, ASSIGNED_SHIFT_ID, FACTORY_ID) values (431, 'Kienan', 'Cunnington', 'operator', 30, 58);
insert into EMPLOYEES (EMPLOYEE_ID, NAME, SURNAME, POSITION, ASSIGNED_SHIFT_ID, FACTORY_ID) values (432, 'Mitch', 'Pentycross', 'engineer', 19, 28);
insert into EMPLOYEES (EMPLOYEE_ID, NAME, SURNAME, POSITION, ASSIGNED_SHIFT_ID, FACTORY_ID) values (433, 'Ginnifer', 'Robelin', 'engineer', 22, 14);
insert into EMPLOYEES (EMPLOYEE_ID, NAME, SURNAME, POSITION, ASSIGNED_SHIFT_ID, FACTORY_ID) values (434, 'Ashbey', 'Preuvost', 'manager', 5, 52);
insert into EMPLOYEES (EMPLOYEE_ID, NAME, SURNAME, POSITION, ASSIGNED_SHIFT_ID, FACTORY_ID) values (435, 'Halette', 'Bouzek', 'engineer', 25, 22);
insert into EMPLOYEES (EMPLOYEE_ID, NAME, SURNAME, POSITION, ASSIGNED_SHIFT_ID, FACTORY_ID) values (436, 'Hill', 'Schruyers', 'manager', 4, 25);
insert into EMPLOYEES (EMPLOYEE_ID, NAME, SURNAME, POSITION, ASSIGNED_SHIFT_ID, FACTORY_ID) values (437, 'Anne', 'McPike', 'engineer', 8, 64);
insert into EMPLOYEES (EMPLOYEE_ID, NAME, SURNAME, POSITION, ASSIGNED_SHIFT_ID, FACTORY_ID) values (438, 'Johnny', 'Bridgeland', 'manager', 24, 50);
insert into EMPLOYEES (EMPLOYEE_ID, NAME, SURNAME, POSITION, ASSIGNED_SHIFT_ID, FACTORY_ID) values (439, 'Janey', 'Pauleit', 'mechanic', 8, 32);
insert into EMPLOYEES (EMPLOYEE_ID, NAME, SURNAME, POSITION, ASSIGNED_SHIFT_ID, FACTORY_ID) values (440, 'Dayna', 'Frascone', 'operator', 30, 71);
insert into EMPLOYEES (EMPLOYEE_ID, NAME, SURNAME, POSITION, ASSIGNED_SHIFT_ID, FACTORY_ID) values (441, 'Dexter', 'Ripsher', 'security', 18, 20);
insert into EMPLOYEES (EMPLOYEE_ID, NAME, SURNAME, POSITION, ASSIGNED_SHIFT_ID, FACTORY_ID) values (442, 'Germayne', 'Jowsey', 'operator', 28, 29);
insert into EMPLOYEES (EMPLOYEE_ID, NAME, SURNAME, POSITION, ASSIGNED_SHIFT_ID, FACTORY_ID) values (443, 'Dotti', 'Husset', 'mechanic', 7, 10);
insert into EMPLOYEES (EMPLOYEE_ID, NAME, SURNAME, POSITION, ASSIGNED_SHIFT_ID, FACTORY_ID) values (444, 'Dianemarie', 'Carrington', 'engineer', 14, 61);
insert into EMPLOYEES (EMPLOYEE_ID, NAME, SURNAME, POSITION, ASSIGNED_SHIFT_ID, FACTORY_ID) values (445, 'Doloritas', 'Spain', 'manager', 14, 15);
insert into EMPLOYEES (EMPLOYEE_ID, NAME, SURNAME, POSITION, ASSIGNED_SHIFT_ID, FACTORY_ID) values (446, 'Haily', 'Burfoot', 'mechanic', 28, 21);
insert into EMPLOYEES (EMPLOYEE_ID, NAME, SURNAME, POSITION, ASSIGNED_SHIFT_ID, FACTORY_ID) values (447, 'Lucien', 'Vasyushkhin', 'operator', 29, 35);
insert into EMPLOYEES (EMPLOYEE_ID, NAME, SURNAME, POSITION, ASSIGNED_SHIFT_ID, FACTORY_ID) values (448, 'Abbott', 'Ruggles', 'mechanic', 24, 45);
insert into EMPLOYEES (EMPLOYEE_ID, NAME, SURNAME, POSITION, ASSIGNED_SHIFT_ID, FACTORY_ID) values (449, 'Aeriel', 'Rickman', 'engineer', 17, 71);
insert into EMPLOYEES (EMPLOYEE_ID, NAME, SURNAME, POSITION, ASSIGNED_SHIFT_ID, FACTORY_ID) values (450, 'Janka', 'Heinecke', 'manager', 8, 35);
insert into EMPLOYEES (EMPLOYEE_ID, NAME, SURNAME, POSITION, ASSIGNED_SHIFT_ID, FACTORY_ID) values (451, 'Mick', 'Windley', 'manager', 18, 76);
insert into EMPLOYEES (EMPLOYEE_ID, NAME, SURNAME, POSITION, ASSIGNED_SHIFT_ID, FACTORY_ID) values (452, 'Giselbert', 'Adolphine', 'engineer', 8, 56);
insert into EMPLOYEES (EMPLOYEE_ID, NAME, SURNAME, POSITION, ASSIGNED_SHIFT_ID, FACTORY_ID) values (453, 'Wake', 'Carren', 'engineer', 16, 48);
insert into EMPLOYEES (EMPLOYEE_ID, NAME, SURNAME, POSITION, ASSIGNED_SHIFT_ID, FACTORY_ID) values (454, 'Adaline', 'Desouza', 'mechanic', 2, 29);
insert into EMPLOYEES (EMPLOYEE_ID, NAME, SURNAME, POSITION, ASSIGNED_SHIFT_ID, FACTORY_ID) values (455, 'Heida', 'Fielders', 'operator', 9, 68);
insert into EMPLOYEES (EMPLOYEE_ID, NAME, SURNAME, POSITION, ASSIGNED_SHIFT_ID, FACTORY_ID) values (456, 'Gabby', 'Showt', 'security', 27, 69);
insert into EMPLOYEES (EMPLOYEE_ID, NAME, SURNAME, POSITION, ASSIGNED_SHIFT_ID, FACTORY_ID) values (457, 'Leone', 'McGow', 'engineer', 24, 97);
insert into EMPLOYEES (EMPLOYEE_ID, NAME, SURNAME, POSITION, ASSIGNED_SHIFT_ID, FACTORY_ID) values (458, 'Odette', 'Avery', 'manager', 12, 96);
insert into EMPLOYEES (EMPLOYEE_ID, NAME, SURNAME, POSITION, ASSIGNED_SHIFT_ID, FACTORY_ID) values (459, 'Walliw', 'Kaasmann', 'mechanic', 4, 38);
insert into EMPLOYEES (EMPLOYEE_ID, NAME, SURNAME, POSITION, ASSIGNED_SHIFT_ID, FACTORY_ID) values (460, 'Justis', 'Yoell', 'operator', 24, 23);
insert into EMPLOYEES (EMPLOYEE_ID, NAME, SURNAME, POSITION, ASSIGNED_SHIFT_ID, FACTORY_ID) values (461, 'Noreen', 'Ratcliff', 'security', 4, 72);
insert into EMPLOYEES (EMPLOYEE_ID, NAME, SURNAME, POSITION, ASSIGNED_SHIFT_ID, FACTORY_ID) values (462, 'Charita', 'McKenney', 'operator', 27, 71);
insert into EMPLOYEES (EMPLOYEE_ID, NAME, SURNAME, POSITION, ASSIGNED_SHIFT_ID, FACTORY_ID) values (463, 'Thor', 'McClosh', 'security', 19, 89);
insert into EMPLOYEES (EMPLOYEE_ID, NAME, SURNAME, POSITION, ASSIGNED_SHIFT_ID, FACTORY_ID) values (464, 'Louie', 'Sessions', 'mechanic', 11, 12);
insert into EMPLOYEES (EMPLOYEE_ID, NAME, SURNAME, POSITION, ASSIGNED_SHIFT_ID, FACTORY_ID) values (465, 'Hamel', 'Northover', 'operator', 9, 50);
insert into EMPLOYEES (EMPLOYEE_ID, NAME, SURNAME, POSITION, ASSIGNED_SHIFT_ID, FACTORY_ID) values (466, 'Donnamarie', 'Bartoszinski', 'manager', 27, 92);
insert into EMPLOYEES (EMPLOYEE_ID, NAME, SURNAME, POSITION, ASSIGNED_SHIFT_ID, FACTORY_ID) values (467, 'Kathlin', 'Hentzeler', 'manager', 21, 43);
insert into EMPLOYEES (EMPLOYEE_ID, NAME, SURNAME, POSITION, ASSIGNED_SHIFT_ID, FACTORY_ID) values (468, 'Omero', 'Edeson', 'security', 12, 31);
insert into EMPLOYEES (EMPLOYEE_ID, NAME, SURNAME, POSITION, ASSIGNED_SHIFT_ID, FACTORY_ID) values (469, 'Durand', 'Boyen', 'engineer', 20, 52);
insert into EMPLOYEES (EMPLOYEE_ID, NAME, SURNAME, POSITION, ASSIGNED_SHIFT_ID, FACTORY_ID) values (470, 'Greta', 'Vanyukhin', 'engineer', 25, 36);
insert into EMPLOYEES (EMPLOYEE_ID, NAME, SURNAME, POSITION, ASSIGNED_SHIFT_ID, FACTORY_ID) values (471, 'Tudor', 'Cartmell', 'security', 30, 99);
insert into EMPLOYEES (EMPLOYEE_ID, NAME, SURNAME, POSITION, ASSIGNED_SHIFT_ID, FACTORY_ID) values (472, 'Deirdre', 'Grinley', 'manager', 25, 37);
insert into EMPLOYEES (EMPLOYEE_ID, NAME, SURNAME, POSITION, ASSIGNED_SHIFT_ID, FACTORY_ID) values (473, 'Marmaduke', 'Welham', 'manager', 24, 30);
insert into EMPLOYEES (EMPLOYEE_ID, NAME, SURNAME, POSITION, ASSIGNED_SHIFT_ID, FACTORY_ID) values (474, 'Pippo', 'Sillito', 'engineer', 7, 93);
insert into EMPLOYEES (EMPLOYEE_ID, NAME, SURNAME, POSITION, ASSIGNED_SHIFT_ID, FACTORY_ID) values (475, 'Lane', 'Backen', 'manager', 29, 53);
insert into EMPLOYEES (EMPLOYEE_ID, NAME, SURNAME, POSITION, ASSIGNED_SHIFT_ID, FACTORY_ID) values (476, 'Horatius', 'Hearse', 'operator', 28, 25);
insert into EMPLOYEES (EMPLOYEE_ID, NAME, SURNAME, POSITION, ASSIGNED_SHIFT_ID, FACTORY_ID) values (477, 'Dolley', 'Chesterfield', 'security', 14, 35);
insert into EMPLOYEES (EMPLOYEE_ID, NAME, SURNAME, POSITION, ASSIGNED_SHIFT_ID, FACTORY_ID) values (478, 'Carney', 'Temblett', 'mechanic', 27, 63);
insert into EMPLOYEES (EMPLOYEE_ID, NAME, SURNAME, POSITION, ASSIGNED_SHIFT_ID, FACTORY_ID) values (479, 'Tan', 'Muddicliffe', 'manager', 16, 97);
insert into EMPLOYEES (EMPLOYEE_ID, NAME, SURNAME, POSITION, ASSIGNED_SHIFT_ID, FACTORY_ID) values (480, 'Allan', 'Widmoor', 'security', 16, 87);
insert into EMPLOYEES (EMPLOYEE_ID, NAME, SURNAME, POSITION, ASSIGNED_SHIFT_ID, FACTORY_ID) values (481, 'Linn', 'Nicholls', 'operator', 3, 41);
insert into EMPLOYEES (EMPLOYEE_ID, NAME, SURNAME, POSITION, ASSIGNED_SHIFT_ID, FACTORY_ID) values (482, 'Hanna', 'Jacobi', 'mechanic', 7, 19);
insert into EMPLOYEES (EMPLOYEE_ID, NAME, SURNAME, POSITION, ASSIGNED_SHIFT_ID, FACTORY_ID) values (483, 'Albina', 'Nuccitelli', 'mechanic', 12, 41);
insert into EMPLOYEES (EMPLOYEE_ID, NAME, SURNAME, POSITION, ASSIGNED_SHIFT_ID, FACTORY_ID) values (484, 'Brade', 'Pavie', 'engineer', 1, 67);
insert into EMPLOYEES (EMPLOYEE_ID, NAME, SURNAME, POSITION, ASSIGNED_SHIFT_ID, FACTORY_ID) values (485, 'Eleonore', 'Cheesley', 'mechanic', 21, 82);
insert into EMPLOYEES (EMPLOYEE_ID, NAME, SURNAME, POSITION, ASSIGNED_SHIFT_ID, FACTORY_ID) values (486, 'Barthel', 'Gencke', 'security', 24, 84);
insert into EMPLOYEES (EMPLOYEE_ID, NAME, SURNAME, POSITION, ASSIGNED_SHIFT_ID, FACTORY_ID) values (487, 'Steffi', 'Burney', 'security', 12, 7);
insert into EMPLOYEES (EMPLOYEE_ID, NAME, SURNAME, POSITION, ASSIGNED_SHIFT_ID, FACTORY_ID) values (488, 'Cello', 'Loffel', 'mechanic', 24, 85);
insert into EMPLOYEES (EMPLOYEE_ID, NAME, SURNAME, POSITION, ASSIGNED_SHIFT_ID, FACTORY_ID) values (489, 'Bevan', 'Poetz', 'operator', 11, 48);
insert into EMPLOYEES (EMPLOYEE_ID, NAME, SURNAME, POSITION, ASSIGNED_SHIFT_ID, FACTORY_ID) values (490, 'Leodora', 'Camilleri', 'mechanic', 18, 32);
insert into EMPLOYEES (EMPLOYEE_ID, NAME, SURNAME, POSITION, ASSIGNED_SHIFT_ID, FACTORY_ID) values (491, 'Darrin', 'Manz', 'mechanic', 21, 45);
insert into EMPLOYEES (EMPLOYEE_ID, NAME, SURNAME, POSITION, ASSIGNED_SHIFT_ID, FACTORY_ID) values (492, 'Ignazio', 'Witherspoon', 'mechanic', 6, 76);
insert into EMPLOYEES (EMPLOYEE_ID, NAME, SURNAME, POSITION, ASSIGNED_SHIFT_ID, FACTORY_ID) values (493, 'Florette', 'Hannabuss', 'operator', 12, 65);
insert into EMPLOYEES (EMPLOYEE_ID, NAME, SURNAME, POSITION, ASSIGNED_SHIFT_ID, FACTORY_ID) values (494, 'Donn', 'Hackworthy', 'manager', 23, 16);
insert into EMPLOYEES (EMPLOYEE_ID, NAME, SURNAME, POSITION, ASSIGNED_SHIFT_ID, FACTORY_ID) values (495, 'Constantino', 'Hearty', 'manager', 3, 45);
insert into EMPLOYEES (EMPLOYEE_ID, NAME, SURNAME, POSITION, ASSIGNED_SHIFT_ID, FACTORY_ID) values (496, 'Leticia', 'Karle', 'engineer', 12, 87);
insert into EMPLOYEES (EMPLOYEE_ID, NAME, SURNAME, POSITION, ASSIGNED_SHIFT_ID, FACTORY_ID) values (497, 'Alan', 'Gulleford', 'engineer', 22, 9);
insert into EMPLOYEES (EMPLOYEE_ID, NAME, SURNAME, POSITION, ASSIGNED_SHIFT_ID, FACTORY_ID) values (498, 'Rod', 'Gane', 'manager', 4, 44);
insert into EMPLOYEES (EMPLOYEE_ID, NAME, SURNAME, POSITION, ASSIGNED_SHIFT_ID, FACTORY_ID) values (499, 'Bert', 'Idwal Evans', 'security', 7, 3);
insert into EMPLOYEES (EMPLOYEE_ID, NAME, SURNAME, POSITION, ASSIGNED_SHIFT_ID, FACTORY_ID) values (500, 'Sidoney', 'Arnaud', 'security', 2, 54);
insert into EMPLOYEES (EMPLOYEE_ID, NAME, SURNAME, POSITION, ASSIGNED_SHIFT_ID, FACTORY_ID) values (501, 'Burch', 'Blacklock', 'operator', 24, 3);
insert into EMPLOYEES (EMPLOYEE_ID, NAME, SURNAME, POSITION, ASSIGNED_SHIFT_ID, FACTORY_ID) values (502, 'Rozina', 'Jarman', 'engineer', 8, 71);
insert into EMPLOYEES (EMPLOYEE_ID, NAME, SURNAME, POSITION, ASSIGNED_SHIFT_ID, FACTORY_ID) values (503, 'Shara', 'Tamlett', 'mechanic', 21, 20);
insert into EMPLOYEES (EMPLOYEE_ID, NAME, SURNAME, POSITION, ASSIGNED_SHIFT_ID, FACTORY_ID) values (504, 'Reese', 'Mauditt', 'engineer', 15, 17);
insert into EMPLOYEES (EMPLOYEE_ID, NAME, SURNAME, POSITION, ASSIGNED_SHIFT_ID, FACTORY_ID) values (505, 'Valry', 'Kemp', 'security', 23, 54);
insert into EMPLOYEES (EMPLOYEE_ID, NAME, SURNAME, POSITION, ASSIGNED_SHIFT_ID, FACTORY_ID) values (506, 'Reube', 'Stride', 'operator', 26, 34);
insert into EMPLOYEES (EMPLOYEE_ID, NAME, SURNAME, POSITION, ASSIGNED_SHIFT_ID, FACTORY_ID) values (507, 'Terencio', 'Harnell', 'operator', 22, 99);
insert into EMPLOYEES (EMPLOYEE_ID, NAME, SURNAME, POSITION, ASSIGNED_SHIFT_ID, FACTORY_ID) values (508, 'Sargent', 'Kaes', 'engineer', 27, 2);
insert into EMPLOYEES (EMPLOYEE_ID, NAME, SURNAME, POSITION, ASSIGNED_SHIFT_ID, FACTORY_ID) values (509, 'Tucker', 'Deboick', 'manager', 18, 77);
insert into EMPLOYEES (EMPLOYEE_ID, NAME, SURNAME, POSITION, ASSIGNED_SHIFT_ID, FACTORY_ID) values (510, 'Christye', 'Cafferty', 'mechanic', 1, 77);
insert into EMPLOYEES (EMPLOYEE_ID, NAME, SURNAME, POSITION, ASSIGNED_SHIFT_ID, FACTORY_ID) values (511, 'Bryanty', 'Howle', 'security', 17, 45);
insert into EMPLOYEES (EMPLOYEE_ID, NAME, SURNAME, POSITION, ASSIGNED_SHIFT_ID, FACTORY_ID) values (512, 'Shelbi', 'Osmant', 'operator', 21, 34);
insert into EMPLOYEES (EMPLOYEE_ID, NAME, SURNAME, POSITION, ASSIGNED_SHIFT_ID, FACTORY_ID) values (513, 'Riane', 'Glasheen', 'engineer', 9, 47);
insert into EMPLOYEES (EMPLOYEE_ID, NAME, SURNAME, POSITION, ASSIGNED_SHIFT_ID, FACTORY_ID) values (514, 'Niall', 'Gensavage', 'engineer', 18, 92);
insert into EMPLOYEES (EMPLOYEE_ID, NAME, SURNAME, POSITION, ASSIGNED_SHIFT_ID, FACTORY_ID) values (515, 'Cecily', 'Snazel', 'operator', 18, 32);
insert into EMPLOYEES (EMPLOYEE_ID, NAME, SURNAME, POSITION, ASSIGNED_SHIFT_ID, FACTORY_ID) values (516, 'Zola', 'Duckit', 'security', 28, 51);
insert into EMPLOYEES (EMPLOYEE_ID, NAME, SURNAME, POSITION, ASSIGNED_SHIFT_ID, FACTORY_ID) values (517, 'Guenevere', 'Abrahim', 'security', 30, 23);
insert into EMPLOYEES (EMPLOYEE_ID, NAME, SURNAME, POSITION, ASSIGNED_SHIFT_ID, FACTORY_ID) values (518, 'Barthel', 'De Hooch', 'operator', 25, 86);
insert into EMPLOYEES (EMPLOYEE_ID, NAME, SURNAME, POSITION, ASSIGNED_SHIFT_ID, FACTORY_ID) values (519, 'Conn', 'Klosser', 'security', 16, 13);
insert into EMPLOYEES (EMPLOYEE_ID, NAME, SURNAME, POSITION, ASSIGNED_SHIFT_ID, FACTORY_ID) values (520, 'Griffin', 'Crigin', 'engineer', 18, 76);
insert into EMPLOYEES (EMPLOYEE_ID, NAME, SURNAME, POSITION, ASSIGNED_SHIFT_ID, FACTORY_ID) values (521, 'Flin', 'Heys', 'mechanic', 7, 45);
insert into EMPLOYEES (EMPLOYEE_ID, NAME, SURNAME, POSITION, ASSIGNED_SHIFT_ID, FACTORY_ID) values (522, 'Moyra', 'Enoksson', 'security', 20, 97);
insert into EMPLOYEES (EMPLOYEE_ID, NAME, SURNAME, POSITION, ASSIGNED_SHIFT_ID, FACTORY_ID) values (523, 'Murielle', 'Lyffe', 'manager', 14, 50);
insert into EMPLOYEES (EMPLOYEE_ID, NAME, SURNAME, POSITION, ASSIGNED_SHIFT_ID, FACTORY_ID) values (524, 'Deeanne', 'Chadwin', 'manager', 23, 47);
insert into EMPLOYEES (EMPLOYEE_ID, NAME, SURNAME, POSITION, ASSIGNED_SHIFT_ID, FACTORY_ID) values (525, 'Dido', 'Winnard', 'manager', 20, 98);
insert into EMPLOYEES (EMPLOYEE_ID, NAME, SURNAME, POSITION, ASSIGNED_SHIFT_ID, FACTORY_ID) values (526, 'Thaddus', 'Bastick', 'operator', 5, 84);
insert into EMPLOYEES (EMPLOYEE_ID, NAME, SURNAME, POSITION, ASSIGNED_SHIFT_ID, FACTORY_ID) values (527, 'Bennie', 'Pratte', 'mechanic', 28, 60);
insert into EMPLOYEES (EMPLOYEE_ID, NAME, SURNAME, POSITION, ASSIGNED_SHIFT_ID, FACTORY_ID) values (528, 'Lydia', 'Clowton', 'mechanic', 16, 67);
insert into EMPLOYEES (EMPLOYEE_ID, NAME, SURNAME, POSITION, ASSIGNED_SHIFT_ID, FACTORY_ID) values (529, 'Cull', 'D''Agostino', 'security', 17, 13);
insert into EMPLOYEES (EMPLOYEE_ID, NAME, SURNAME, POSITION, ASSIGNED_SHIFT_ID, FACTORY_ID) values (530, 'Arielle', 'Pavlov', 'manager', 4, 87);
insert into EMPLOYEES (EMPLOYEE_ID, NAME, SURNAME, POSITION, ASSIGNED_SHIFT_ID, FACTORY_ID) values (531, 'Stanwood', 'McGonagle', 'mechanic', 4, 56);
insert into EMPLOYEES (EMPLOYEE_ID, NAME, SURNAME, POSITION, ASSIGNED_SHIFT_ID, FACTORY_ID) values (532, 'Harlan', 'Robottham', 'mechanic', 11, 18);
insert into EMPLOYEES (EMPLOYEE_ID, NAME, SURNAME, POSITION, ASSIGNED_SHIFT_ID, FACTORY_ID) values (533, 'Teodor', 'Ferenc', 'mechanic', 12, 12);
insert into EMPLOYEES (EMPLOYEE_ID, NAME, SURNAME, POSITION, ASSIGNED_SHIFT_ID, FACTORY_ID) values (534, 'Carlee', 'Marney', 'engineer', 16, 20);
insert into EMPLOYEES (EMPLOYEE_ID, NAME, SURNAME, POSITION, ASSIGNED_SHIFT_ID, FACTORY_ID) values (535, 'Somerset', 'Beeby', 'operator', 14, 36);
insert into EMPLOYEES (EMPLOYEE_ID, NAME, SURNAME, POSITION, ASSIGNED_SHIFT_ID, FACTORY_ID) values (536, 'Mozes', 'Parkinson', 'mechanic', 4, 81);
insert into EMPLOYEES (EMPLOYEE_ID, NAME, SURNAME, POSITION, ASSIGNED_SHIFT_ID, FACTORY_ID) values (537, 'Inge', 'Ather', 'security', 8, 95);
insert into EMPLOYEES (EMPLOYEE_ID, NAME, SURNAME, POSITION, ASSIGNED_SHIFT_ID, FACTORY_ID) values (538, 'Nancee', 'Cremen', 'mechanic', 5, 29);
insert into EMPLOYEES (EMPLOYEE_ID, NAME, SURNAME, POSITION, ASSIGNED_SHIFT_ID, FACTORY_ID) values (539, 'Annetta', 'Seton', 'operator', 25, 62);
insert into EMPLOYEES (EMPLOYEE_ID, NAME, SURNAME, POSITION, ASSIGNED_SHIFT_ID, FACTORY_ID) values (540, 'Sherm', 'Hillam', 'operator', 22, 67);
insert into EMPLOYEES (EMPLOYEE_ID, NAME, SURNAME, POSITION, ASSIGNED_SHIFT_ID, FACTORY_ID) values (541, 'Carlynne', 'Lamonby', 'security', 5, 24);
insert into EMPLOYEES (EMPLOYEE_ID, NAME, SURNAME, POSITION, ASSIGNED_SHIFT_ID, FACTORY_ID) values (542, 'Lynnett', 'Eakeley', 'operator', 22, 10);
insert into EMPLOYEES (EMPLOYEE_ID, NAME, SURNAME, POSITION, ASSIGNED_SHIFT_ID, FACTORY_ID) values (543, 'Holli', 'Lusty', 'engineer', 22, 74);
insert into EMPLOYEES (EMPLOYEE_ID, NAME, SURNAME, POSITION, ASSIGNED_SHIFT_ID, FACTORY_ID) values (544, 'Car', 'Capron', 'engineer', 29, 41);
insert into EMPLOYEES (EMPLOYEE_ID, NAME, SURNAME, POSITION, ASSIGNED_SHIFT_ID, FACTORY_ID) values (545, 'Coraline', 'Zecchini', 'security', 14, 100);
insert into EMPLOYEES (EMPLOYEE_ID, NAME, SURNAME, POSITION, ASSIGNED_SHIFT_ID, FACTORY_ID) values (546, 'Allys', 'Mowett', 'mechanic', 24, 10);
insert into EMPLOYEES (EMPLOYEE_ID, NAME, SURNAME, POSITION, ASSIGNED_SHIFT_ID, FACTORY_ID) values (547, 'Ric', 'Schurig', 'mechanic', 7, 88);
insert into EMPLOYEES (EMPLOYEE_ID, NAME, SURNAME, POSITION, ASSIGNED_SHIFT_ID, FACTORY_ID) values (548, 'Ellen', 'Gubbin', 'manager', 10, 67);
insert into EMPLOYEES (EMPLOYEE_ID, NAME, SURNAME, POSITION, ASSIGNED_SHIFT_ID, FACTORY_ID) values (549, 'Toma', 'Tewkesbury', 'security', 9, 39);
insert into EMPLOYEES (EMPLOYEE_ID, NAME, SURNAME, POSITION, ASSIGNED_SHIFT_ID, FACTORY_ID) values (550, 'Locke', 'Cluney', 'mechanic', 25, 34);
insert into EMPLOYEES (EMPLOYEE_ID, NAME, SURNAME, POSITION, ASSIGNED_SHIFT_ID, FACTORY_ID) values (551, 'Kelwin', 'Colebourne', 'manager', 21, 46);
insert into EMPLOYEES (EMPLOYEE_ID, NAME, SURNAME, POSITION, ASSIGNED_SHIFT_ID, FACTORY_ID) values (552, 'Kelcey', 'Torbard', 'manager', 19, 48);
insert into EMPLOYEES (EMPLOYEE_ID, NAME, SURNAME, POSITION, ASSIGNED_SHIFT_ID, FACTORY_ID) values (553, 'Benita', 'Hovington', 'operator', 12, 75);
insert into EMPLOYEES (EMPLOYEE_ID, NAME, SURNAME, POSITION, ASSIGNED_SHIFT_ID, FACTORY_ID) values (554, 'Edna', 'Morrill', 'manager', 4, 29);
insert into EMPLOYEES (EMPLOYEE_ID, NAME, SURNAME, POSITION, ASSIGNED_SHIFT_ID, FACTORY_ID) values (555, 'Rennie', 'Joye', 'manager', 12, 12);
insert into EMPLOYEES (EMPLOYEE_ID, NAME, SURNAME, POSITION, ASSIGNED_SHIFT_ID, FACTORY_ID) values (556, 'Christyna', 'Cartmail', 'mechanic', 10, 16);
insert into EMPLOYEES (EMPLOYEE_ID, NAME, SURNAME, POSITION, ASSIGNED_SHIFT_ID, FACTORY_ID) values (557, 'Abey', 'Clougher', 'operator', 15, 27);
insert into EMPLOYEES (EMPLOYEE_ID, NAME, SURNAME, POSITION, ASSIGNED_SHIFT_ID, FACTORY_ID) values (558, 'Jocelyne', 'Armin', 'security', 3, 25);
insert into EMPLOYEES (EMPLOYEE_ID, NAME, SURNAME, POSITION, ASSIGNED_SHIFT_ID, FACTORY_ID) values (559, 'Lucretia', 'Merrigans', 'security', 26, 64);
insert into EMPLOYEES (EMPLOYEE_ID, NAME, SURNAME, POSITION, ASSIGNED_SHIFT_ID, FACTORY_ID) values (560, 'Filbert', 'Avramovsky', 'security', 18, 32);
insert into EMPLOYEES (EMPLOYEE_ID, NAME, SURNAME, POSITION, ASSIGNED_SHIFT_ID, FACTORY_ID) values (561, 'Jesselyn', 'Iacomi', 'operator', 5, 97);
insert into EMPLOYEES (EMPLOYEE_ID, NAME, SURNAME, POSITION, ASSIGNED_SHIFT_ID, FACTORY_ID) values (562, 'Aubert', 'Welchman', 'engineer', 1, 22);
insert into EMPLOYEES (EMPLOYEE_ID, NAME, SURNAME, POSITION, ASSIGNED_SHIFT_ID, FACTORY_ID) values (563, 'Horten', 'Growy', 'engineer', 24, 73);
insert into EMPLOYEES (EMPLOYEE_ID, NAME, SURNAME, POSITION, ASSIGNED_SHIFT_ID, FACTORY_ID) values (564, 'Sacha', 'Primo', 'engineer', 6, 93);
insert into EMPLOYEES (EMPLOYEE_ID, NAME, SURNAME, POSITION, ASSIGNED_SHIFT_ID, FACTORY_ID) values (565, 'Christian', 'Elgee', 'security', 23, 34);
insert into EMPLOYEES (EMPLOYEE_ID, NAME, SURNAME, POSITION, ASSIGNED_SHIFT_ID, FACTORY_ID) values (566, 'Deonne', 'Poznanski', 'mechanic', 12, 94);
insert into EMPLOYEES (EMPLOYEE_ID, NAME, SURNAME, POSITION, ASSIGNED_SHIFT_ID, FACTORY_ID) values (567, 'Meg', 'Fairtlough', 'manager', 7, 38);
insert into EMPLOYEES (EMPLOYEE_ID, NAME, SURNAME, POSITION, ASSIGNED_SHIFT_ID, FACTORY_ID) values (568, 'Suzette', 'Greave', 'security', 1, 20);
insert into EMPLOYEES (EMPLOYEE_ID, NAME, SURNAME, POSITION, ASSIGNED_SHIFT_ID, FACTORY_ID) values (569, 'Agnella', 'Malyan', 'security', 23, 97);
insert into EMPLOYEES (EMPLOYEE_ID, NAME, SURNAME, POSITION, ASSIGNED_SHIFT_ID, FACTORY_ID) values (570, 'Romain', 'Cuschieri', 'operator', 2, 86);
insert into EMPLOYEES (EMPLOYEE_ID, NAME, SURNAME, POSITION, ASSIGNED_SHIFT_ID, FACTORY_ID) values (571, 'Nan', 'Fosh', 'security', 23, 47);
insert into EMPLOYEES (EMPLOYEE_ID, NAME, SURNAME, POSITION, ASSIGNED_SHIFT_ID, FACTORY_ID) values (572, 'Germain', 'Fitzmaurice', 'security', 6, 79);
insert into EMPLOYEES (EMPLOYEE_ID, NAME, SURNAME, POSITION, ASSIGNED_SHIFT_ID, FACTORY_ID) values (573, 'Odie', 'Bellard', 'manager', 22, 88);
insert into EMPLOYEES (EMPLOYEE_ID, NAME, SURNAME, POSITION, ASSIGNED_SHIFT_ID, FACTORY_ID) values (574, 'Marv', 'Bricknall', 'security', 29, 59);
insert into EMPLOYEES (EMPLOYEE_ID, NAME, SURNAME, POSITION, ASSIGNED_SHIFT_ID, FACTORY_ID) values (575, 'Bernarr', 'Macauley', 'mechanic', 1, 85);
insert into EMPLOYEES (EMPLOYEE_ID, NAME, SURNAME, POSITION, ASSIGNED_SHIFT_ID, FACTORY_ID) values (576, 'Langsdon', 'Bukac', 'operator', 14, 89);
insert into EMPLOYEES (EMPLOYEE_ID, NAME, SURNAME, POSITION, ASSIGNED_SHIFT_ID, FACTORY_ID) values (577, 'Arnie', 'Paulucci', 'security', 14, 43);
insert into EMPLOYEES (EMPLOYEE_ID, NAME, SURNAME, POSITION, ASSIGNED_SHIFT_ID, FACTORY_ID) values (578, 'Byrom', 'Reeders', 'operator', 16, 40);
insert into EMPLOYEES (EMPLOYEE_ID, NAME, SURNAME, POSITION, ASSIGNED_SHIFT_ID, FACTORY_ID) values (579, 'Rafaelia', 'Wasbey', 'engineer', 4, 21);
insert into EMPLOYEES (EMPLOYEE_ID, NAME, SURNAME, POSITION, ASSIGNED_SHIFT_ID, FACTORY_ID) values (580, 'Trudie', 'Keigher', 'operator', 14, 65);
insert into EMPLOYEES (EMPLOYEE_ID, NAME, SURNAME, POSITION, ASSIGNED_SHIFT_ID, FACTORY_ID) values (581, 'Georgie', 'Surpliss', 'engineer', 16, 90);
insert into EMPLOYEES (EMPLOYEE_ID, NAME, SURNAME, POSITION, ASSIGNED_SHIFT_ID, FACTORY_ID) values (582, 'Lester', 'Greated', 'mechanic', 26, 48);
insert into EMPLOYEES (EMPLOYEE_ID, NAME, SURNAME, POSITION, ASSIGNED_SHIFT_ID, FACTORY_ID) values (583, 'Binky', 'Pothbury', 'mechanic', 27, 88);
insert into EMPLOYEES (EMPLOYEE_ID, NAME, SURNAME, POSITION, ASSIGNED_SHIFT_ID, FACTORY_ID) values (584, 'Mohammed', 'Mowett', 'manager', 3, 62);
insert into EMPLOYEES (EMPLOYEE_ID, NAME, SURNAME, POSITION, ASSIGNED_SHIFT_ID, FACTORY_ID) values (585, 'Sacha', 'Atkirk', 'operator', 13, 8);
insert into EMPLOYEES (EMPLOYEE_ID, NAME, SURNAME, POSITION, ASSIGNED_SHIFT_ID, FACTORY_ID) values (586, 'Lynnet', 'Wardlow', 'engineer', 26, 23);
insert into EMPLOYEES (EMPLOYEE_ID, NAME, SURNAME, POSITION, ASSIGNED_SHIFT_ID, FACTORY_ID) values (587, 'Raphaela', 'Philippault', 'security', 16, 85);
insert into EMPLOYEES (EMPLOYEE_ID, NAME, SURNAME, POSITION, ASSIGNED_SHIFT_ID, FACTORY_ID) values (588, 'Elisa', 'Aymerich', 'mechanic', 17, 42);
insert into EMPLOYEES (EMPLOYEE_ID, NAME, SURNAME, POSITION, ASSIGNED_SHIFT_ID, FACTORY_ID) values (589, 'Jakie', 'Farrey', 'operator', 14, 18);
insert into EMPLOYEES (EMPLOYEE_ID, NAME, SURNAME, POSITION, ASSIGNED_SHIFT_ID, FACTORY_ID) values (590, 'Claudell', 'Carass', 'engineer', 19, 23);
insert into EMPLOYEES (EMPLOYEE_ID, NAME, SURNAME, POSITION, ASSIGNED_SHIFT_ID, FACTORY_ID) values (591, 'Boy', 'Wigmore', 'mechanic', 7, 18);
insert into EMPLOYEES (EMPLOYEE_ID, NAME, SURNAME, POSITION, ASSIGNED_SHIFT_ID, FACTORY_ID) values (592, 'Keslie', 'Chrystie', 'operator', 1, 61);
insert into EMPLOYEES (EMPLOYEE_ID, NAME, SURNAME, POSITION, ASSIGNED_SHIFT_ID, FACTORY_ID) values (593, 'Elspeth', 'Weddup', 'mechanic', 10, 93);
insert into EMPLOYEES (EMPLOYEE_ID, NAME, SURNAME, POSITION, ASSIGNED_SHIFT_ID, FACTORY_ID) values (594, 'Fionna', 'Test', 'operator', 27, 66);
insert into EMPLOYEES (EMPLOYEE_ID, NAME, SURNAME, POSITION, ASSIGNED_SHIFT_ID, FACTORY_ID) values (595, 'Evania', 'Browse', 'security', 27, 64);
insert into EMPLOYEES (EMPLOYEE_ID, NAME, SURNAME, POSITION, ASSIGNED_SHIFT_ID, FACTORY_ID) values (596, 'Jeth', 'De Ruggiero', 'engineer', 13, 59);
insert into EMPLOYEES (EMPLOYEE_ID, NAME, SURNAME, POSITION, ASSIGNED_SHIFT_ID, FACTORY_ID) values (597, 'Reeta', 'Miskimmon', 'mechanic', 25, 36);
insert into EMPLOYEES (EMPLOYEE_ID, NAME, SURNAME, POSITION, ASSIGNED_SHIFT_ID, FACTORY_ID) values (598, 'Elliot', 'Henden', 'manager', 19, 96);
insert into EMPLOYEES (EMPLOYEE_ID, NAME, SURNAME, POSITION, ASSIGNED_SHIFT_ID, FACTORY_ID) values (599, 'Georgeta', 'Huckett', 'manager', 8, 78);
insert into EMPLOYEES (EMPLOYEE_ID, NAME, SURNAME, POSITION, ASSIGNED_SHIFT_ID, FACTORY_ID) values (600, 'Hatty', 'Newell', 'mechanic', 16, 31);

insert into Salary (id, Year, Month, Salary, Employee_id, Factory_id) values (1, 2024, 'March', 6518.83, 405, 31);
insert into Salary (id, Year, Month, Salary, Employee_id, Factory_id) values (2, 2022, 'January', 5857.55, 49, 30);
insert into Salary (id, Year, Month, Salary, Employee_id, Factory_id) values (3, 2021, 'December', 2236.59, 252, 15);
insert into Salary (id, Year, Month, Salary, Employee_id, Factory_id) values (4, 2020, 'July', 3894.56, 82, 20);
insert into Salary (id, Year, Month, Salary, Employee_id, Factory_id) values (5, 2018, 'July', 4562.91, 529, 1);
insert into Salary (id, Year, Month, Salary, Employee_id, Factory_id) values (6, 2019, 'June', 4915.49, 511, 95);
insert into Salary (id, Year, Month, Salary, Employee_id, Factory_id) values (7, 2018, 'June', 1625.04, 13, 37);
insert into Salary (id, Year, Month, Salary, Employee_id, Factory_id) values (8, 2019, 'October', 5593.21, 575, 17);
insert into Salary (id, Year, Month, Salary, Employee_id, Factory_id) values (9, 2019, 'April', 1781.39, 325, 99);
insert into Salary (id, Year, Month, Salary, Employee_id, Factory_id) values (10, 2022, 'July', 6755.53, 374, 98);
insert into Salary (id, Year, Month, Salary, Employee_id, Factory_id) values (11, 2022, 'January', 4668.83, 289, 38);
insert into Salary (id, Year, Month, Salary, Employee_id, Factory_id) values (12, 2018, 'March', 3307.57, 543, 32);
insert into Salary (id, Year, Month, Salary, Employee_id, Factory_id) values (13, 2019, 'September', 2109.48, 243, 53);
insert into Salary (id, Year, Month, Salary, Employee_id, Factory_id) values (14, 2024, 'January', 2205.37, 37, 72);
insert into Salary (id, Year, Month, Salary, Employee_id, Factory_id) values (15, 2024, 'February', 4883.76, 182, 53);
insert into Salary (id, Year, Month, Salary, Employee_id, Factory_id) values (16, 2023, 'March', 4146.11, 151, 59);
insert into Salary (id, Year, Month, Salary, Employee_id, Factory_id) values (17, 2020, 'May', 2871.01, 253, 24);
insert into Salary (id, Year, Month, Salary, Employee_id, Factory_id) values (18, 2019, 'November', 2750.82, 306, 73);
insert into Salary (id, Year, Month, Salary, Employee_id, Factory_id) values (19, 2021, 'February', 4146.47, 516, 36);
insert into Salary (id, Year, Month, Salary, Employee_id, Factory_id) values (20, 2022, 'January', 3420.51, 553, 98);
insert into Salary (id, Year, Month, Salary, Employee_id, Factory_id) values (21, 2022, 'September', 6795.05, 557, 77);
insert into Salary (id, Year, Month, Salary, Employee_id, Factory_id) values (22, 2024, 'March', 3599.87, 308, 74);
insert into Salary (id, Year, Month, Salary, Employee_id, Factory_id) values (23, 2019, 'August', 5651.92, 586, 71);
insert into Salary (id, Year, Month, Salary, Employee_id, Factory_id) values (24, 2021, 'December', 6732.96, 379, 93);
insert into Salary (id, Year, Month, Salary, Employee_id, Factory_id) values (25, 2018, 'May', 2084.65, 350, 82);
insert into Salary (id, Year, Month, Salary, Employee_id, Factory_id) values (26, 2023, 'August', 2346.6, 524, 13);
insert into Salary (id, Year, Month, Salary, Employee_id, Factory_id) values (27, 2021, 'January', 5749.69, 295, 80);
insert into Salary (id, Year, Month, Salary, Employee_id, Factory_id) values (28, 2018, 'May', 2672.75, 209, 76);
insert into Salary (id, Year, Month, Salary, Employee_id, Factory_id) values (29, 2022, 'January', 3123.75, 571, 43);
insert into Salary (id, Year, Month, Salary, Employee_id, Factory_id) values (30, 2022, 'February', 3720.18, 143, 23);
insert into Salary (id, Year, Month, Salary, Employee_id, Factory_id) values (31, 2019, 'May', 4907.03, 360, 99);
insert into Salary (id, Year, Month, Salary, Employee_id, Factory_id) values (32, 2022, 'October', 2533.63, 488, 44);
insert into Salary (id, Year, Month, Salary, Employee_id, Factory_id) values (33, 2019, 'December', 5299.44, 375, 65);
insert into Salary (id, Year, Month, Salary, Employee_id, Factory_id) values (34, 2023, 'September', 6106.61, 66, 40);
insert into Salary (id, Year, Month, Salary, Employee_id, Factory_id) values (35, 2022, 'October', 2051.01, 67, 21);
insert into Salary (id, Year, Month, Salary, Employee_id, Factory_id) values (36, 2024, 'May', 5514.61, 223, 34);
insert into Salary (id, Year, Month, Salary, Employee_id, Factory_id) values (37, 2020, 'January', 5736.88, 402, 38);
insert into Salary (id, Year, Month, Salary, Employee_id, Factory_id) values (38, 2022, 'April', 2707.22, 411, 55);
insert into Salary (id, Year, Month, Salary, Employee_id, Factory_id) values (39, 2023, 'November', 3099.23, 253, 29);
insert into Salary (id, Year, Month, Salary, Employee_id, Factory_id) values (40, 2019, 'September', 4955.88, 330, 3);
-- w celu usuniecia prosze wywolac ponizszy bok
/*
DROP TABLE Sku_parts;
DROP TABLE Salary;
DROP TABLE Employees;
DROP TABLE Production_Plan;
DROP TABLE Shifts;
DROP TABLE Sales;
DROP TABLE Total_costs;
DROP TABLE Taxes;
DROP TABLE Environmental_costs;
DROP TABLE Parts;
DROP TABLE Suppliers;
DROP TABLE Stock;
DROP TABLE SKU;
DROP TABLE Safety_measurements;
DROP TABLE Factories;
*/